Name,Year,Miles,Price,model_avg_price,model_listing_count,Age,AgeBand,MileageBand,price_zscore
Chevrolet Trax,2018,41946,16990,18076.951219512193,82,5,4-6,40-60k,-0.6043355481268082
GMC Terrain,2020,45328,23990,21643.57627118644,59,3,2-4,40-60k,0.278340066370546
Jeep Wrangler,2012,81068,21590,26477.5,32,11,10-15,80-100k,-0.02429157288568976
Jeep Renegade,2019,35372,21590,20176.3661971831,71,4,2-4,20-40k,-0.02429157288568976
BMW X,2017,68992,22990,28257.918032786885,61,6,4-6,60-80k,0.15224355001378106
Buick Encore,2019,47973,18590,18820.149425287356,87,4,2-4,40-60k,-0.4025811219559844
Jeep Compass,2016,57159,17590,20590.543103448275,116,7,6-8,40-60k,-0.5286776383127493
Jeep Compass,2017,47619,18590,20590.543103448275,116,6,4-6,40-60k,-0.4025811219559844
Jeep Patriot,2015,51472,17590,16252.5,48,8,6-8,40-60k,-0.5286776383127493
Jeep Compass,2016,33218,17990,20590.543103448275,116,7,6-8,20-40k,-0.47823903177004334
Jeep Compass,2016,73580,16590,20590.543103448275,116,7,6-8,60-80k,-0.6547741546695142
Jeep Compass,2016,98915,14990,20590.543103448275,116,7,6-8,80-100k,-0.856528580840338
Jeep Patriot,2015,82715,14990,16252.5,48,8,6-8,80-100k,-0.856528580840338
Jeep Patriot,2016,92267,15990,16252.5,48,7,6-8,80-100k,-0.7304320644835731
Jeep Patriot,2014,100574,14590,16252.5,48,9,8-10,100-130k,-0.9069671873830439
Jeep Patriot,2016,99075,15590,16252.5,48,7,6-8,80-100k,-0.780870671026279
Jeep Patriot,2016,71526,16990,16252.5,48,7,6-8,60-80k,-0.6043355481268082
Jeep Compass,2017,88499,16590,20590.543103448275,116,6,4-6,80-100k,-0.6547741546695142
Chrysler Sebring,2010,65923,11990,11990.0,2,13,10-15,60-80k,-1.2348181299106327
Jeep Patriot,2014,93942,14590,16252.5,48,9,8-10,80-100k,-0.9069671873830439
Jeep Compass,2015,70735,17590,20590.543103448275,116,8,6-8,60-80k,-0.5286776383127493
Jeep Patriot,2017,55386,17590,16252.5,48,6,4-6,40-60k,-0.5286776383127493
Subaru Legacy,2016,87336,16990,20081.428571428572,21,7,6-8,80-100k,-0.6043355481268082
Subaru XV Crosstrek,2014,83087,18990,18790.0,8,9,8-10,80-100k,-0.35214251541327846
Mitsubishi Eclipse Cross,2018,85475,16990,21140.0,8,5,4-6,80-100k,-0.6043355481268082
Toyota Corolla,2020,37726,22990,18560.486988847584,269,3,2-4,20-40k,0.15224355001378106
Nissan Pathfinder,2018,98398,18990,22727.11111111111,36,5,4-6,80-100k,-0.35214251541327846
Lincoln MKC,2015,74004,18990,23724.125,24,8,6-8,60-80k,-0.35214251541327846
Lexus ES,2014,100373,20990,26148.61111111111,36,9,8-10,100-130k,-0.09994948269974868
Dodge Grand Caravan Passenger,2020,75402,19990,18365.342465753423,73,3,2-4,60-80k,-0.22604599905651357
Ford Escape,2017,73047,15990,19376.448,125,6,4-6,60-80k,-0.7304320644835731
Mitsubishi Mirage G,2019,24065,15990,16790.0,16,4,2-4,20-40k,-0.7304320644835731
Toyota C-HR,2019,48626,23990,23407.366666666665,30,4,2-4,40-60k,0.278340066370546
Toyota Yaris,2020,33075,20990,16685.238095238095,21,3,2-4,20-40k,-0.09994948269974868
MAZDA CX-,2016,66644,18590,23001.7,140,7,6-8,60-80k,-0.4025811219559844
Nissan Rogue Sport,2019,72150,18990,20399.048387096773,62,4,2-4,60-80k,-0.35214251541327846
Dodge Grand Caravan Passenger,2013,79773,14990,18365.342465753423,73,10,8-10,60-80k,-0.856528580840338
Volkswagen Atlas,2018,95454,22990,31290.0,10,5,4-6,80-100k,0.15224355001378106
Toyota Yaris,2017,65338,16990,16685.238095238095,21,6,4-6,60-80k,-0.6043355481268082
MAZDA MAZDA,2013,100316,12990,17840.6338028169,142,10,8-10,100-130k,-1.1087216135538678
Nissan Sentra,2017,41515,15990,17151.21551724138,116,6,4-6,40-60k,-0.7304320644835731
Honda Civic,2011,72452,14590,18925.32380952381,210,12,10-15,60-80k,-0.9069671873830439
Nissan Rogue,2016,74362,16590,20382.880165289258,242,7,6-8,60-80k,-0.6547741546695142
Toyota Corolla iM,2018,19651,22590,20550.0,5,5,4-6,0-20k,0.10180494347107512
Subaru Forester,2014,91222,17990,20446.25,32,9,8-10,80-100k,-0.47823903177004334
Volkswagen Jetta,2014,77209,14990,17068.442477876106,113,9,8-10,60-80k,-0.856528580840338
FIAT,2013,44087,15990,14531.935483870968,31,10,8-10,40-60k,-0.7304320644835731
Honda Accord,2018,52200,22990,20338.34351145038,131,5,4-6,40-60k,0.15224355001378106
Hyundai Sonata,2016,103913,13990,16759.738562091505,153,7,6-8,100-130k,-0.9826250971971029
Subaru Legacy,2016,29116,22990,20081.428571428572,21,7,6-8,20-40k,0.15224355001378106
GMC Acadia,2016,65719,22990,26526.174603174604,63,7,6-8,60-80k,0.15224355001378106
Kia Optima,2020,60698,20590,17867.048076923078,104,3,2-4,60-80k,-0.15038808924245464
Hyundai Veloster,2014,69878,15590,17090.3125,32,9,8-10,60-80k,-0.780870671026279
Hyundai Elantra,2013,103464,12590,17041.33846153846,195,10,8-10,100-130k,-1.1591602200965736
FIAT  Spider,2017,17223,22990,24176.666666666668,15,6,4-6,0-20k,0.15224355001378106
Toyota Corolla,2017,62585,17990,18560.486988847584,269,6,4-6,60-80k,-0.47823903177004334
Honda Odyssey,2014,97244,19990,26213.423076923078,26,9,8-10,80-100k,-0.22604599905651357
Volkswagen Tiguan,2018,42025,21990,20451.456140350878,57,5,4-6,40-60k,0.026147033657016195
Ford Escape,2019,59050,20990,19376.448,125,4,2-4,40-60k,-0.09994948269974868
Acura RDX,2017,61143,24990,24947.275862068964,29,6,4-6,60-80k,0.4044365827273108
Jeep Grand Cherokee,2010,72475,14990,23092.367346938776,49,13,10-15,60-80k,-0.856528580840338
Chrysler Voyager,2021,74312,22990,28730.0,10,2,0-2,60-80k,0.15224355001378106
Hyundai Accent,2017,36859,15590,15905.254237288136,59,6,4-6,20-40k,-0.780870671026279
Hyundai Elantra,2021,26507,22990,17041.33846153846,195,2,0-2,20-40k,0.15224355001378106
Hyundai Accent,2022,4301,21590,15905.254237288136,59,1,0-2,0-20k,-0.02429157288568976
Honda CR-V,2010,93230,14990,21022.757009345794,107,13,10-15,80-100k,-0.856528580840338
INFINITI QX,2016,75969,20990,26679.234375,64,7,6-8,60-80k,-0.09994948269974868
Chevrolet Traverse,2016,77363,18990,27964.304347826088,46,7,6-8,60-80k,-0.35214251541327846
Mitsubishi Outlander Sport,2020,51245,20590,18771.48148148148,54,3,2-4,40-60k,-0.15038808924245464
Hyundai Elantra,2013,43651,15590,17041.33846153846,195,10,8-10,40-60k,-0.780870671026279
Honda Accord,2010,55426,15990,20338.34351145038,131,13,10-15,40-60k,-0.7304320644835731
Hyundai Kona,2020,41301,23990,22149.1,30,3,2-4,40-60k,0.278340066370546
Nissan Frontier King Cab,2019,39105,24590,24310.0,5,4,2-4,20-40k,0.3539979761846049
Chevrolet Spark,2017,70606,13990,15980.290909090909,55,6,4-6,60-80k,-0.9826250971971029
Nissan Altima,2020,66246,24990,19293.97340425532,188,3,2-4,60-80k,0.4044365827273108
Kia Optima,2020,30302,21590,17867.048076923078,104,3,2-4,20-40k,-0.02429157288568976
Hyundai Kona,2018,69900,22990,22149.1,30,5,4-6,60-80k,0.15224355001378106
Kia Soul,2018,21755,22590,17106.064516129034,124,5,4-6,20-40k,0.10180494347107512
Ford Fusion,2015,44521,19990,18113.032,125,8,6-8,40-60k,-0.22604599905651357
Jeep Compass,2018,56631,20990,20590.543103448275,116,5,4-6,40-60k,-0.09994948269974868
Ford Edge,2019,41061,23990,20629.243243243243,74,4,2-4,40-60k,0.278340066370546
Chevrolet Sonic,2017,42108,15590,14630.90909090909,44,6,4-6,40-60k,-0.780870671026279
Buick Encore,2018,71737,17590,18820.149425287356,87,5,4-6,60-80k,-0.5286776383127493
Toyota Corolla,2020,57489,20590,18560.486988847584,269,3,2-4,40-60k,-0.15038808924245464
Buick Enclave,2017,87121,20990,25804.4,25,6,4-6,80-100k,-0.09994948269974868
Jeep Compass,2018,52909,20990,20590.543103448275,116,5,4-6,40-60k,-0.09994948269974868
Honda Accord,2012,63303,17990,20338.34351145038,131,11,10-15,60-80k,-0.47823903177004334
Hyundai Sonata,2013,74193,14590,16759.738562091505,153,10,8-10,60-80k,-0.9069671873830439
Kia Forte,2022,10336,23590,17017.92156862745,102,1,0-2,0-20k,0.22790145982784
Nissan Rogue,2018,45569,21990,20382.880165289258,242,5,4-6,40-60k,0.026147033657016195
Scion tC,2013,55791,17990,17480.909090909092,11,10,8-10,40-60k,-0.47823903177004334
Honda Civic,2010,47121,14990,18925.32380952381,210,13,10-15,40-60k,-0.856528580840338
Hyundai Elantra,2018,83283,15990,17041.33846153846,195,5,4-6,80-100k,-0.7304320644835731
Ford Fusion,2020,28570,23990,18113.032,125,3,2-4,20-40k,0.278340066370546
Buick Encore,2020,48653,20590,18820.149425287356,87,3,2-4,40-60k,-0.15038808924245464
Dodge Journey,2016,67534,18990,19075.328125,64,7,6-8,60-80k,-0.35214251541327846
Audi A Sportback e-tron,2016,62319,24590,24590.0,1,7,6-8,60-80k,0.3539979761846049
Honda CR-V,2013,101583,15990,21022.757009345794,107,10,8-10,100-130k,-0.7304320644835731
Nissan Rogue,2017,91604,16990,20382.880165289258,242,6,4-6,80-100k,-0.6043355481268082
Mitsubishi Outlander,2018,83090,17990,20020.0,20,5,4-6,80-100k,-0.47823903177004334
Alfa Romeo Giulia,2017,52817,23990,28523.333333333332,6,6,4-6,40-60k,0.278340066370546
Chevrolet Cruze,2017,91347,15590,15992.5,80,6,4-6,80-100k,-0.780870671026279
Nissan Kicks,2020,48985,22990,19809.626373626375,91,3,2-4,40-60k,0.15224355001378106
Ford Fiesta,2017,83381,12990,14645.737704918032,61,6,4-6,80-100k,-1.1087216135538678
MAZDA CX-,2021,47026,23590,23001.7,140,2,0-2,40-60k,0.22790145982784
BMW  Series,2011,64514,22990,25277.301587301587,126,12,10-15,60-80k,0.15224355001378106
Kia Sportage,2018,13541,22990,20804.091954022988,87,5,4-6,0-20k,0.15224355001378106
Ford Mustang,2018,81441,22990,25856.117647058825,102,5,4-6,80-100k,0.15224355001378106
Nissan Altima,2019,46662,23590,19293.97340425532,188,4,2-4,40-60k,0.22790145982784
Volkswagen Passat,2018,51020,20590,18311.052631578947,76,5,4-6,40-60k,-0.15038808924245464
Honda Accord,2014,38422,19990,20338.34351145038,131,9,8-10,20-40k,-0.22604599905651357
Lexus IS,2013,100000,16990,23340.0,28,10,8-10,80-100k,-0.6043355481268082
Kia Soul,2021,39068,19990,17106.064516129034,124,2,0-2,20-40k,-0.22604599905651357
Jeep Grand Cherokee,2017,97364,24590,23092.367346938776,49,6,4-6,80-100k,0.3539979761846049
Acura MDX,2016,92544,21990,23334.444444444445,18,7,6-8,80-100k,0.026147033657016195
Kia Cadenza,2014,24248,20990,20765.0,8,9,8-10,20-40k,-0.09994948269974868
Hyundai Elantra,2018,34931,19990,17041.33846153846,195,5,4-6,20-40k,-0.22604599905651357
GMC Acadia,2014,99519,19990,26526.174603174604,63,9,8-10,80-100k,-0.22604599905651357
Hyundai Tucson,2019,42021,22590,20007.2,70,4,2-4,40-60k,0.10180494347107512
Hyundai Elantra,2016,105344,13590,17041.33846153846,195,7,6-8,100-130k,-1.0330637037398087
Toyota Camry,2011,78431,14990,20721.41134751773,141,12,10-15,60-80k,-0.856528580840338
Volkswagen Jetta SportWagen,2013,101042,14990,16603.333333333332,15,10,8-10,100-130k,-0.856528580840338
MINI Hardtop  Door,2015,56229,18990,20638.64864864865,37,8,6-8,40-60k,-0.35214251541327846
Cadillac CTS,2014,56213,20590,22603.333333333332,15,9,8-10,40-60k,-0.15038808924245464
Lexus IS,2012,88541,18590,23340.0,28,11,10-15,80-100k,-0.4025811219559844
BMW  Series,2013,77600,18990,25277.301587301587,126,10,8-10,60-80k,-0.35214251541327846
Kia Sedona,2016,97963,15990,19804.285714285714,14,7,6-8,80-100k,-0.7304320644835731
Nissan Rogue,2016,96510,15990,20382.880165289258,242,7,6-8,80-100k,-0.7304320644835731
Kia Rio,2017,33004,15590,16682.0,35,6,4-6,20-40k,-0.780870671026279
Ram  Regular Cab,2014,46757,23990,24630.0,5,9,8-10,40-60k,0.278340066370546
Chevrolet Impala,2020,54232,24990,20195.8,40,3,2-4,40-60k,0.4044365827273108
Kia Optima,2017,82765,19590,17867.048076923078,104,6,4-6,80-100k,-0.2764846055992195
Chevrolet Trax,2020,34680,19990,18076.951219512193,82,3,2-4,20-40k,-0.22604599905651357
Chevrolet Equinox,2019,42197,21990,19319.105263157893,171,4,2-4,40-60k,0.026147033657016195
Chrysler Pacifica,2018,67400,24990,26151.657142857144,35,5,4-6,60-80k,0.4044365827273108
Honda Civic,2012,104955,13990,18925.32380952381,210,11,10-15,100-130k,-0.9826250971971029
Lexus IS,2014,64311,23590,23340.0,28,9,8-10,60-80k,0.22790145982784
Nissan Murano,2018,44834,23990,23491.560606060608,66,5,4-6,40-60k,0.278340066370546
Subaru Impreza,2017,99558,16990,19643.23076923077,26,6,4-6,80-100k,-0.6043355481268082
MINI Hardtop  Door,2015,36134,17590,20638.64864864865,37,8,6-8,20-40k,-0.5286776383127493
Subaru Legacy,2013,54606,16590,20081.428571428572,21,10,8-10,40-60k,-0.6547741546695142
MAZDA CX-,2021,50801,22590,23001.7,140,2,0-2,40-60k,0.10180494347107512
Chevrolet Volt,2018,61688,21990,18150.0,25,5,4-6,60-80k,0.026147033657016195
Hyundai Kona,2021,16030,24990,22149.1,30,2,0-2,0-20k,0.4044365827273108
Toyota Camry,2015,46874,18990,20721.41134751773,141,8,6-8,40-60k,-0.35214251541327846
Subaru Impreza,2013,30092,17990,19643.23076923077,26,10,8-10,20-40k,-0.47823903177004334
MINI Coupe,2015,32968,19590,16523.333333333332,3,8,6-8,20-40k,-0.2764846055992195
Mitsubishi Mirage G,2020,40536,15990,16790.0,16,3,2-4,40-60k,-0.7304320644835731
Mercedes-Benz SLK-Class,2011,30836,24590,23634.444444444445,9,12,10-15,20-40k,0.3539979761846049
Toyota Prius v,2014,85050,17990,19140.0,12,9,8-10,80-100k,-0.47823903177004334
Volkswagen Tiguan,2018,45077,20590,20451.456140350878,57,5,4-6,40-60k,-0.15038808924245464
Nissan Versa,2013,82983,12590,15995.263157894737,95,10,8-10,80-100k,-1.1591602200965736
MAZDA CX-,2016,57429,19590,23001.7,140,7,6-8,40-60k,-0.2764846055992195
Toyota Camry,2014,81961,16590,20721.41134751773,141,9,8-10,80-100k,-0.6547741546695142
MAZDA MAZDA,2015,50194,19590,17840.6338028169,142,8,6-8,40-60k,-0.2764846055992195
Volkswagen Passat,2015,103569,15990,18311.052631578947,76,8,6-8,100-130k,-0.7304320644835731
FIAT  Abarth,2014,60169,15590,18890.0,4,9,8-10,60-80k,-0.780870671026279
Ford Explorer,2018,82144,24590,24112.425531914894,47,5,4-6,80-100k,0.3539979761846049
Nissan LEAF,2015,27590,15990,19142.63157894737,38,8,6-8,20-40k,-0.7304320644835731
Jeep Renegade,2015,93583,16590,20176.3661971831,71,8,6-8,80-100k,-0.6547741546695142
Jeep Cherokee,2019,49525,22990,21467.63829787234,141,4,2-4,40-60k,0.15224355001378106
Ford Fusion,2017,35538,20990,18113.032,125,6,4-6,20-40k,-0.09994948269974868
FIAT X,2016,35194,20590,17755.217391304348,23,7,6-8,20-40k,-0.15038808924245464
Ford EcoSport,2018,63245,16990,19908.256756756757,74,5,4-6,60-80k,-0.6043355481268082
Kia Forte,2021,23592,21990,17017.92156862745,102,2,0-2,20-40k,0.026147033657016195
MAZDA MAZDA,2010,86312,12990,17840.6338028169,142,13,10-15,80-100k,-1.1087216135538678
MINI Convertible,2015,59250,18990,21253.157894736843,19,8,6-8,40-60k,-0.35214251541327846
Chevrolet Spark,2020,31686,16990,15980.290909090909,55,3,2-4,20-40k,-0.6043355481268082
MAZDA MAZDA,2015,80916,16590,17840.6338028169,142,8,6-8,80-100k,-0.6547741546695142
Chevrolet Equinox,2013,81283,14990,19319.105263157893,171,10,8-10,80-100k,-0.856528580840338
Chrysler Pacifica,2017,89376,23590,26151.657142857144,35,6,4-6,80-100k,0.22790145982784
Jeep Cherokee,2017,32660,19990,21467.63829787234,141,6,4-6,20-40k,-0.22604599905651357
Ford Fusion,2017,96104,15990,18113.032,125,6,4-6,80-100k,-0.7304320644835731
Lexus IS,2013,74431,19590,23340.0,28,10,8-10,60-80k,-0.2764846055992195
Honda Civic,2016,25144,22990,18925.32380952381,210,7,6-8,20-40k,0.15224355001378106
Toyota Corolla,2015,65137,17590,18560.486988847584,269,8,6-8,60-80k,-0.5286776383127493
Dodge Avenger,2013,103547,12990,13670.0,5,10,8-10,100-130k,-1.1087216135538678
Honda Civic,2015,56763,17590,18925.32380952381,210,8,6-8,40-60k,-0.5286776383127493
FIAT X,2017,77736,16590,17755.217391304348,23,6,4-6,60-80k,-0.6547741546695142
Hyundai Kona,2020,36118,23990,22149.1,30,3,2-4,20-40k,0.278340066370546
Nissan Altima,2016,96183,14590,19293.97340425532,188,7,6-8,80-100k,-0.9069671873830439
Volkswagen Jetta,2013,70662,14990,17068.442477876106,113,10,8-10,60-80k,-0.856528580840338
Chevrolet Camaro,2016,63738,23990,26673.675324675325,77,7,6-8,60-80k,0.278340066370546
Volkswagen Beetle,2014,100210,15990,20275.0,40,9,8-10,100-130k,-0.7304320644835731
Hyundai Tucson,2019,40323,22990,20007.2,70,4,2-4,40-60k,0.15224355001378106
Buick LaCrosse,2010,100275,12590,18705.78947368421,19,13,10-15,100-130k,-1.1591602200965736
Ford Escape,2018,69258,19990,19376.448,125,5,4-6,60-80k,-0.22604599905651357
Ford Focus,2017,32998,16990,14996.451612903225,93,6,4-6,20-40k,-0.6043355481268082
Toyota Corolla,2011,56347,15990,18560.486988847584,269,12,10-15,40-60k,-0.7304320644835731
Chevrolet Volt,2013,44561,17590,18150.0,25,10,8-10,40-60k,-0.5286776383127493
Volvo S,2010,54050,14990,22542.380952380954,21,13,10-15,40-60k,-0.856528580840338
Ford Focus,2018,19760,19590,14996.451612903225,93,5,4-6,0-20k,-0.2764846055992195
Buick Encore,2017,64277,17990,18820.149425287356,87,6,4-6,60-80k,-0.47823903177004334
GMC Acadia,2015,51641,24990,26526.174603174604,63,8,6-8,40-60k,0.4044365827273108
Kia Soul,2018,67669,16590,17106.064516129034,124,5,4-6,60-80k,-0.6547741546695142
Hyundai Tucson,2020,49048,21590,20007.2,70,3,2-4,40-60k,-0.02429157288568976
Dodge Journey,2019,36205,22990,19075.328125,64,4,2-4,20-40k,0.15224355001378106
Toyota Yaris iA,2017,59826,16990,17540.0,4,6,4-6,40-60k,-0.6043355481268082
Volkswagen Jetta,2020,17483,21990,17068.442477876106,113,3,2-4,0-20k,0.026147033657016195
Honda Fit,2011,82794,14990,17112.222222222223,54,12,10-15,80-100k,-0.856528580840338
Chevrolet Trax,2015,47798,16990,18076.951219512193,82,8,6-8,40-60k,-0.6043355481268082
Kia Forte,2019,16520,20990,17017.92156862745,102,4,2-4,0-20k,-0.09994948269974868
Jeep Cherokee,2016,62317,18990,21467.63829787234,141,7,6-8,60-80k,-0.35214251541327846
Volkswagen Passat,2013,54383,17590,18311.052631578947,76,10,8-10,40-60k,-0.5286776383127493
Toyota Sienna,2013,95008,18990,31905.78947368421,38,10,8-10,80-100k,-0.35214251541327846
Toyota Camry,2012,53611,17990,20721.41134751773,141,11,10-15,40-60k,-0.47823903177004334
Chevrolet Equinox,2019,63340,20590,19319.105263157893,171,4,2-4,60-80k,-0.15038808924245464
Hyundai Tucson,2019,60025,20990,20007.2,70,4,2-4,60-80k,-0.09994948269974868
Ford Edge,2018,50483,20990,20629.243243243243,74,5,4-6,40-60k,-0.09994948269974868
Toyota Prius,2012,87907,16590,19496.666666666668,60,11,10-15,80-100k,-0.6547741546695142
Chrysler,2013,53150,18990,20993.80612244898,98,10,8-10,40-60k,-0.35214251541327846
GMC Terrain,2018,60237,22990,21643.57627118644,59,5,4-6,60-80k,0.15224355001378106
Nissan Maxima,2017,63526,23990,24153.521739130436,23,6,4-6,60-80k,0.278340066370546
Volkswagen Passat,2015,47818,17990,18311.052631578947,76,8,6-8,40-60k,-0.47823903177004334
Dodge Grand Caravan Passenger,2019,86459,18590,18365.342465753423,73,4,2-4,80-100k,-0.4025811219559844
Chrysler Pacifica,2018,61971,24990,26151.657142857144,35,5,4-6,60-80k,0.4044365827273108
Honda Accord,2014,44590,19990,20338.34351145038,131,9,8-10,40-60k,-0.22604599905651357
Hyundai Elantra,2013,81781,13990,17041.33846153846,195,10,8-10,80-100k,-0.9826250971971029
Nissan Altima,2015,46030,16590,19293.97340425532,188,8,6-8,40-60k,-0.6547741546695142
Hyundai Sonata,2017,84962,16590,16759.738562091505,153,6,4-6,80-100k,-0.6547741546695142
Honda Civic,2014,100648,15990,18925.32380952381,210,9,8-10,100-130k,-0.7304320644835731
Nissan Sentra,2021,11497,23590,17151.21551724138,116,2,0-2,0-20k,0.22790145982784
Toyota Corolla,2017,14100,20990,18560.486988847584,269,6,4-6,0-20k,-0.09994948269974868
Dodge Grand Caravan Passenger,2016,86554,15990,18365.342465753423,73,7,6-8,80-100k,-0.7304320644835731
Chrysler,2015,88509,15590,20993.80612244898,98,8,6-8,80-100k,-0.780870671026279
Ford Escape,2014,102417,14990,19376.448,125,9,8-10,100-130k,-0.856528580840338
FIAT,2013,32155,13990,14531.935483870968,31,10,8-10,20-40k,-0.9826250971971029
Nissan JUKE,2015,83708,15990,16066.190476190477,21,8,6-8,80-100k,-0.7304320644835731
Nissan Sentra,2019,42584,17990,17151.21551724138,116,4,2-4,40-60k,-0.47823903177004334
Ford F Super Cab,2013,72722,24590,24590.0,1,10,8-10,60-80k,0.3539979761846049
Jeep Grand Cherokee,2011,70958,18990,23092.367346938776,49,12,10-15,60-80k,-0.35214251541327846
Kia Optima,2020,60258,19990,17867.048076923078,104,3,2-4,60-80k,-0.22604599905651357
Hyundai Tucson,2017,57691,19590,20007.2,70,6,4-6,40-60k,-0.2764846055992195
Ford Edge,2014,40734,18590,20629.243243243243,74,9,8-10,40-60k,-0.4025811219559844
Ford Edge,2014,97280,16590,20629.243243243243,74,9,8-10,80-100k,-0.6547741546695142
Chevrolet Cruze,2014,54957,14990,15992.5,80,9,8-10,40-60k,-0.856528580840338
Honda Fit,2015,71159,16990,17112.222222222223,54,8,6-8,60-80k,-0.6043355481268082
Ford Escape,2018,53392,19590,19376.448,125,5,4-6,40-60k,-0.2764846055992195
Chevrolet Cruze,2018,20884,19590,15992.5,80,5,4-6,20-40k,-0.2764846055992195
Chevrolet Malibu,2018,31465,20990,19288.927536231884,69,5,4-6,20-40k,-0.09994948269974868
Ford Edge,2013,45668,16990,20629.243243243243,74,10,8-10,40-60k,-0.6043355481268082
Chevrolet Cruze,2013,90393,11990,15992.5,80,10,8-10,80-100k,-1.2348181299106327
Toyota Prius c,2014,75938,17590,17890.0,16,9,8-10,60-80k,-0.5286776383127493
Ford Escape,2018,43144,20990,19376.448,125,5,4-6,40-60k,-0.09994948269974868
Volkswagen Tiguan Limited,2018,48794,19590,18865.0,8,5,4-6,40-60k,-0.2764846055992195
Volkswagen Jetta,2019,7043,21990,17068.442477876106,113,4,2-4,0-20k,0.026147033657016195
MAZDA CX-,2016,32223,22990,23001.7,140,7,6-8,20-40k,0.15224355001378106
Kia Optima Hybrid,2015,93022,16590,17390.0,3,8,6-8,80-100k,-0.6547741546695142
MAZDA MX- Miata,2012,28322,18990,22241.28205128205,39,11,10-15,20-40k,-0.35214251541327846
Ford Mustang,2018,50572,24990,25856.117647058825,102,5,4-6,40-60k,0.4044365827273108
Toyota Corolla,2016,39997,17990,18560.486988847584,269,7,6-8,20-40k,-0.47823903177004334
Hyundai Elantra,2013,62125,14590,17041.33846153846,195,10,8-10,60-80k,-0.9069671873830439
Toyota Corolla,2022,6877,24990,18560.486988847584,269,1,0-2,0-20k,0.4044365827273108
Honda HR-V,2019,50696,22590,22338.0,43,4,2-4,40-60k,0.10180494347107512
GMC Terrain,2017,63418,20990,21643.57627118644,59,6,4-6,60-80k,-0.09994948269974868
Ford Fiesta,2019,57100,15590,14645.737704918032,61,4,2-4,40-60k,-0.780870671026279
Honda Accord,2014,66651,17990,20338.34351145038,131,9,8-10,60-80k,-0.47823903177004334
Kia Optima,2017,52304,19590,17867.048076923078,104,6,4-6,40-60k,-0.2764846055992195
MAZDA CX-,2018,37309,23990,23001.7,140,5,4-6,20-40k,0.278340066370546
Honda Fit,2015,39887,18590,17112.222222222223,54,8,6-8,20-40k,-0.4025811219559844
Lexus IS,2011,85213,17990,23340.0,28,12,10-15,80-100k,-0.47823903177004334
Toyota Corolla,2020,71698,21990,18560.486988847584,269,3,2-4,60-80k,0.026147033657016195
Toyota C-HR,2018,7188,24590,23407.366666666665,30,5,4-6,0-20k,0.3539979761846049
Hyundai Veloster,2013,95183,13990,17090.3125,32,10,8-10,80-100k,-0.9826250971971029
Ford Fusion,2013,27280,16590,18113.032,125,10,8-10,20-40k,-0.6547741546695142
Kia Sorento,2019,95731,18990,21217.59405940594,101,4,2-4,80-100k,-0.35214251541327846
Ford Edge,2019,43262,24990,20629.243243243243,74,4,2-4,40-60k,0.4044365827273108
Chevrolet Cruze Limited,2016,95259,14590,14818.57142857143,14,7,6-8,80-100k,-0.9069671873830439
Buick Encore,2016,62354,16990,18820.149425287356,87,7,6-8,60-80k,-0.6043355481268082
Kia Sorento,2020,50948,22990,21217.59405940594,101,3,2-4,40-60k,0.15224355001378106
Jeep Wrangler,2013,54647,24990,26477.5,32,10,8-10,40-60k,0.4044365827273108
Nissan LEAF,2015,48948,13990,19142.63157894737,38,8,6-8,40-60k,-0.9826250971971029
Mercedes-Benz GLA,2016,52811,24590,28110.0,10,7,6-8,40-60k,0.3539979761846049
Nissan Rogue,2015,79605,18990,20382.880165289258,242,8,6-8,60-80k,-0.35214251541327846
Ford EcoSport,2020,45318,19990,19908.256756756757,74,3,2-4,40-60k,-0.22604599905651357
Jeep Renegade,2016,60940,17590,20176.3661971831,71,7,6-8,60-80k,-0.5286776383127493
Toyota Avalon,2013,26331,23590,23526.363636363636,22,10,8-10,20-40k,0.22790145982784
Dodge Charger,2016,71244,22990,27191.571428571428,35,7,6-8,60-80k,0.15224355001378106
Cadillac CTS,2012,46051,18990,22603.333333333332,15,11,10-15,40-60k,-0.35214251541327846
Scion FR-S,2016,51148,22990,21732.85714285714,7,7,6-8,40-60k,0.15224355001378106
Honda Civic,2014,79870,16590,18925.32380952381,210,9,8-10,60-80k,-0.6547741546695142
Chevrolet Cruze Limited,2016,74996,14590,14818.57142857143,14,7,6-8,60-80k,-0.9069671873830439
Dodge Grand Caravan Passenger,2017,104396,15990,18365.342465753423,73,6,4-6,100-130k,-0.7304320644835731
Nissan Maxima,2017,80611,23590,24153.521739130436,23,6,4-6,80-100k,0.22790145982784
Jeep Grand Cherokee,2015,92096,20990,23092.367346938776,49,8,6-8,80-100k,-0.09994948269974868
Chevrolet Equinox,2013,41528,16990,19319.105263157893,171,10,8-10,40-60k,-0.6043355481268082
GMC Acadia,2015,77621,22990,26526.174603174604,63,8,6-8,60-80k,0.15224355001378106
Kia Soul,2018,31395,18990,17106.064516129034,124,5,4-6,20-40k,-0.35214251541327846
Chevrolet Malibu,2017,51483,22590,19288.927536231884,69,6,4-6,40-60k,0.10180494347107512
Buick Enclave,2015,57976,22590,25804.4,25,8,6-8,40-60k,0.10180494347107512
Kia Sportage,2018,42221,19990,20804.091954022988,87,5,4-6,40-60k,-0.22604599905651357
Ford Edge,2014,92876,15990,20629.243243243243,74,9,8-10,80-100k,-0.7304320644835731
Ford Mustang,2016,36364,23590,25856.117647058825,102,7,6-8,20-40k,0.22790145982784
Nissan Rogue,2020,70998,19990,20382.880165289258,242,3,2-4,60-80k,-0.22604599905651357
MAZDA MAZDA,2016,84297,18990,17840.6338028169,142,7,6-8,80-100k,-0.35214251541327846
Jeep Grand Cherokee,2017,96980,21990,23092.367346938776,49,6,4-6,80-100k,0.026147033657016195
Nissan Sentra,2020,32111,21590,17151.21551724138,116,3,2-4,20-40k,-0.02429157288568976
Nissan Altima,2020,51362,24990,19293.97340425532,188,3,2-4,40-60k,0.4044365827273108
Chevrolet Captiva Sport,2014,99750,13590,15123.333333333334,6,9,8-10,80-100k,-1.0330637037398087
Ford Mustang,2015,33187,24990,25856.117647058825,102,8,6-8,20-40k,0.4044365827273108
Chevrolet Trailblazer,2021,41233,24990,24824.0,23,2,0-2,40-60k,0.4044365827273108
Chevrolet Cruze Limited,2016,71095,14990,14818.57142857143,14,7,6-8,60-80k,-0.856528580840338
Honda CR-Z,2011,55022,15990,15230.0,5,12,10-15,40-60k,-0.7304320644835731
Nissan Rogue,2016,51001,18990,20382.880165289258,242,7,6-8,40-60k,-0.35214251541327846
Toyota Corolla,2020,19145,24590,18560.486988847584,269,3,2-4,0-20k,0.3539979761846049
BMW i,2015,44100,20590,20447.894736842107,38,8,6-8,40-60k,-0.15038808924245464
Nissan LEAF,2016,31043,16590,19142.63157894737,38,7,6-8,20-40k,-0.6547741546695142
Kia Forte,2015,54046,14590,17017.92156862745,102,8,6-8,40-60k,-0.9069671873830439
Chevrolet Captiva Sport,2013,98615,13990,15123.333333333334,6,10,8-10,80-100k,-0.9826250971971029
GMC Terrain,2017,45625,20590,21643.57627118644,59,6,4-6,40-60k,-0.15038808924245464
Acura MDX,2012,103261,17590,23334.444444444445,18,11,10-15,100-130k,-0.5286776383127493
Acura TLX,2015,22825,23990,22612.222222222223,9,8,6-8,20-40k,0.278340066370546
Hyundai Sonata,2017,70055,15990,16759.738562091505,153,6,4-6,60-80k,-0.7304320644835731
MAZDA MAZDA,2014,44575,18590,17840.6338028169,142,9,8-10,40-60k,-0.4025811219559844
Hyundai Sonata,2017,81914,15990,16759.738562091505,153,6,4-6,80-100k,-0.7304320644835731
Jeep Renegade,2015,69634,17990,20176.3661971831,71,8,6-8,60-80k,-0.47823903177004334
Ford Edge,2013,73013,15990,20629.243243243243,74,10,8-10,60-80k,-0.7304320644835731
MAZDA MAZDA,2021,15304,22990,17840.6338028169,142,2,0-2,0-20k,0.15224355001378106
Toyota Camry,2014,27972,19990,20721.41134751773,141,9,8-10,20-40k,-0.22604599905651357
Ford Fusion,2020,19555,22990,18113.032,125,3,2-4,0-20k,0.15224355001378106
Kia Niro,2019,47208,23590,23530.0,10,4,2-4,40-60k,0.22790145982784
Honda Civic,2017,45639,20990,18925.32380952381,210,6,4-6,40-60k,-0.09994948269974868
Honda Civic,2017,56289,21990,18925.32380952381,210,6,4-6,40-60k,0.026147033657016195
Acura RLX,2014,69882,20990,20990.0,1,9,8-10,60-80k,-0.09994948269974868
Nissan Rogue Select,2015,73550,15590,16376.666666666666,15,8,6-8,60-80k,-0.780870671026279
MINI Convertible,2014,59863,19990,21253.157894736843,19,9,8-10,40-60k,-0.22604599905651357
Nissan Frontier Crew Cab,2016,52739,23590,26840.0,16,7,6-8,40-60k,0.22790145982784
Honda Accord,2017,91362,20990,20338.34351145038,131,6,4-6,80-100k,-0.09994948269974868
Mercedes-Benz C-Class,2019,12384,37990,25064.074074074073,27,4,2-4,0-20k,2.0436912953652544
Nissan Kicks,2021,24929,24590,19809.626373626375,91,2,0-2,20-40k,0.3539979761846049
Lexus GS,2014,82293,23990,26690.0,6,9,8-10,80-100k,0.278340066370546
Ford Taurus,2013,53207,17590,17145.555555555555,18,10,8-10,40-60k,-0.5286776383127493
MAZDA Tribute,2011,38041,14990,14990.0,1,12,10-15,20-40k,-0.856528580840338
Ford Edge,2019,61859,25990,20629.243243243243,74,4,2-4,60-80k,0.5305330990840758
Kia Rio,2019,14067,18990,16682.0,35,4,2-4,0-20k,-0.35214251541327846
Kia Soul,2016,88062,13990,17106.064516129034,124,7,6-8,80-100k,-0.9826250971971029
Ford Focus,2016,48732,15990,14996.451612903225,93,7,6-8,40-60k,-0.7304320644835731
GMC Acadia,2016,102731,20590,26526.174603174604,63,7,6-8,100-130k,-0.15038808924245464
Honda Civic,2019,41744,21990,18925.32380952381,210,4,2-4,40-60k,0.026147033657016195
Buick Encore,2019,44475,19590,18820.149425287356,87,4,2-4,40-60k,-0.2764846055992195
Chrysler Town & Country,2013,101138,14990,17956.666666666668,24,10,8-10,100-130k,-0.856528580840338
Ford Flex,2016,78675,22590,23264.36,25,7,6-8,60-80k,0.10180494347107512
INFINITI QX,2021,52400,43590,26679.234375,64,2,0-2,40-60k,2.7498317869631377
Mitsubishi Eclipse Cross,2018,26701,24990,21140.0,8,5,4-6,20-40k,0.4044365827273108
INFINITI QX,2018,59141,27590,26679.234375,64,5,4-6,40-60k,0.7322875252548995
Ford Edge,2011,93306,14590,20629.243243243243,74,12,10-15,80-100k,-0.9069671873830439
Jeep Renegade,2017,74523,20590,20176.3661971831,71,6,4-6,60-80k,-0.15038808924245464
MAZDA MAZDA,2016,96439,15990,17840.6338028169,142,7,6-8,80-100k,-0.7304320644835731
Chevrolet Sonic,2015,87395,12590,14630.90909090909,44,8,6-8,80-100k,-1.1591602200965736
Nissan Pathfinder,2015,92122,16590,22727.11111111111,36,8,6-8,80-100k,-0.6547741546695142
Nissan Rogue,2015,58722,19590,20382.880165289258,242,8,6-8,40-60k,-0.2764846055992195
Toyota RAV,2018,80633,21990,23160.708333333332,72,5,4-6,80-100k,0.026147033657016195
Toyota Corolla,2014,62226,15990,18560.486988847584,269,9,8-10,60-80k,-0.7304320644835731
Ford Edge,2018,51957,21590,20629.243243243243,74,5,4-6,40-60k,-0.02429157288568976
Hyundai Elantra,2013,93759,12990,17041.33846153846,195,10,8-10,80-100k,-1.1087216135538678
Volkswagen Passat,2017,116121,15990,18311.052631578947,76,6,4-6,100-130k,-0.7304320644835731
MAZDA MAZDA,2020,23367,23990,17840.6338028169,142,3,2-4,20-40k,0.278340066370546
MINI Countryman,2013,82496,14990,19147.14285714286,42,10,8-10,80-100k,-0.856528580840338
Chevrolet Trax,2015,35008,17590,18076.951219512193,82,8,6-8,20-40k,-0.5286776383127493
Subaru Impreza,2019,43022,21590,19643.23076923077,26,4,2-4,40-60k,-0.02429157288568976
Honda Pilot,2013,68341,21990,25763.433333333334,30,10,8-10,60-80k,0.026147033657016195
Kia Forte,2020,57165,18990,17017.92156862745,102,3,2-4,40-60k,-0.35214251541327846
Ford Taurus,2013,62303,15990,17145.555555555555,18,10,8-10,60-80k,-0.7304320644835731
Ford Fusion,2019,33083,20990,18113.032,125,4,2-4,20-40k,-0.09994948269974868
Honda Civic,2015,72869,17590,18925.32380952381,210,8,6-8,60-80k,-0.5286776383127493
Kia Forte,2021,9352,24590,17017.92156862745,102,2,0-2,0-20k,0.3539979761846049
MAZDA MAZDA,2017,38247,20990,17840.6338028169,142,6,4-6,20-40k,-0.09994948269974868
BMW i,2014,33951,18990,20447.894736842107,38,9,8-10,20-40k,-0.35214251541327846
Volkswagen Tiguan,2017,54740,17990,20451.456140350878,57,6,4-6,40-60k,-0.47823903177004334
Hyundai Sonata,2018,62122,17990,16759.738562091505,153,5,4-6,60-80k,-0.47823903177004334
Volkswagen Passat,2018,48021,21990,18311.052631578947,76,5,4-6,40-60k,0.026147033657016195
GMC Terrain,2017,37814,21990,21643.57627118644,59,6,4-6,20-40k,0.026147033657016195
Chevrolet Cruze,2017,74170,17590,15992.5,80,6,4-6,60-80k,-0.5286776383127493
MAZDA MAZDA,2010,87323,12990,17840.6338028169,142,13,10-15,80-100k,-1.1087216135538678
Volkswagen Jetta,2019,47104,19590,17068.442477876106,113,4,2-4,40-60k,-0.2764846055992195
Jeep Cherokee,2014,49036,19590,21467.63829787234,141,9,8-10,40-60k,-0.2764846055992195
Volkswagen Passat,2018,32974,22990,18311.052631578947,76,5,4-6,20-40k,0.15224355001378106
Kia Optima Hybrid,2016,76248,17990,17390.0,3,7,6-8,60-80k,-0.47823903177004334
Kia Rio,2012,54580,13590,16682.0,35,11,10-15,40-60k,-1.0330637037398087
Acura MDX,2014,97034,21990,23334.444444444445,18,9,8-10,80-100k,0.026147033657016195
Jeep Cherokee,2018,37344,22990,21467.63829787234,141,5,4-6,20-40k,0.15224355001378106
Jeep Compass,2021,53856,21990,20590.543103448275,116,2,0-2,40-60k,0.026147033657016195
Buick Enclave,2017,57884,24590,25804.4,25,6,4-6,40-60k,0.3539979761846049
Nissan Sentra,2018,80221,14990,17151.21551724138,116,5,4-6,80-100k,-0.856528580840338
Honda Civic,2017,37332,22990,18925.32380952381,210,6,4-6,20-40k,0.15224355001378106
Toyota RAV,2014,62135,19990,23160.708333333332,72,9,8-10,60-80k,-0.22604599905651357
Jeep Grand Cherokee,2016,99054,20590,23092.367346938776,49,7,6-8,80-100k,-0.15038808924245464
Hyundai Elantra,2017,48472,16990,17041.33846153846,195,6,4-6,40-60k,-0.6043355481268082
INFINITI Q,2015,84263,20590,25347.133333333335,30,8,6-8,80-100k,-0.15038808924245464
Chevrolet Spark,2017,41704,16990,15980.290909090909,55,6,4-6,40-60k,-0.6043355481268082
Chevrolet Blazer,2019,54630,25990,27322.36842105263,19,4,2-4,40-60k,0.5305330990840758
Kia Sorento,2016,93655,16590,21217.59405940594,101,7,6-8,80-100k,-0.6547741546695142
Honda Accord,2020,43858,28590,20338.34351145038,131,3,2-4,40-60k,0.8583840416116644
INFINITI EX,2012,68481,17990,17990.0,1,11,10-15,60-80k,-0.47823903177004334
Buick Enclave,2015,92533,19590,25804.4,25,8,6-8,80-100k,-0.2764846055992195
Toyota Camry,2019,51092,27590,20721.41134751773,141,4,2-4,40-60k,0.7322875252548995
Mitsubishi Outlander Sport,2021,28286,21990,18771.48148148148,54,2,0-2,20-40k,0.026147033657016195
Nissan LEAF,2019,13316,23990,19142.63157894737,38,4,2-4,0-20k,0.278340066370546
Kia Cadenza,2014,69830,17590,20765.0,8,9,8-10,60-80k,-0.5286776383127493
Dodge Journey,2018,87155,19990,19075.328125,64,5,4-6,80-100k,-0.22604599905651357
Honda Fit,2015,19436,19990,17112.222222222223,54,8,6-8,0-20k,-0.22604599905651357
Ford EcoSport,2019,21687,20590,19908.256756756757,74,4,2-4,20-40k,-0.15038808924245464
Chevrolet Camaro,2016,49016,23590,26673.675324675325,77,7,6-8,40-60k,0.22790145982784
Dodge Dart,2014,52704,15990,15032.105263157895,19,9,8-10,40-60k,-0.7304320644835731
Subaru Impreza,2016,94362,16990,19643.23076923077,26,7,6-8,80-100k,-0.6043355481268082
Toyota Camry,2011,53989,15590,20721.41134751773,141,12,10-15,40-60k,-0.780870671026279
Subaru Forester,2014,85784,16990,20446.25,32,9,8-10,80-100k,-0.6043355481268082
Nissan Versa,2020,32843,18590,15995.263157894737,95,3,2-4,20-40k,-0.4025811219559844
MINI Clubman,2017,43424,22990,20763.333333333332,15,6,4-6,40-60k,0.15224355001378106
Honda Civic,2016,20682,20990,18925.32380952381,210,7,6-8,20-40k,-0.09994948269974868
Kia Rio,2013,38205,13590,16682.0,35,10,8-10,20-40k,-1.0330637037398087
Nissan Sentra,2019,60153,17990,17151.21551724138,116,4,2-4,60-80k,-0.47823903177004334
Ford Fusion,2017,54025,18990,18113.032,125,6,4-6,40-60k,-0.35214251541327846
MINI Convertible,2013,36956,20590,21253.157894736843,19,10,8-10,20-40k,-0.15038808924245464
Nissan Rogue Select,2015,94258,14990,16376.666666666666,15,8,6-8,80-100k,-0.856528580840338
Nissan Rogue,2018,31863,21990,20382.880165289258,242,5,4-6,20-40k,0.026147033657016195
Lexus RX,2013,87730,21990,27399.52380952381,21,10,8-10,80-100k,0.026147033657016195
INFINITI QX,2020,54088,29990,26679.234375,64,3,2-4,40-60k,1.0349191645111353
INFINITI Q,2021,25873,31590,25347.133333333335,30,2,0-2,20-40k,1.236673590681959
Toyota Tacoma Double Cab,2022,8361,37990,33790.0,28,1,0-2,0-20k,2.0436912953652544
INFINITI QX,2021,42874,48990,26679.234375,64,2,0-2,40-60k,3.430752975289668
MAZDA CX-,2019,48882,28990,23001.7,140,4,2-4,40-60k,0.9088226481543704
Ford Fiesta,2018,11810,17990,14645.737704918032,61,5,4-6,0-20k,-0.47823903177004334
Hyundai Venue,2020,26342,21990,21417.8,20,3,2-4,20-40k,0.026147033657016195
Subaru Outback,2021,41332,28990,25362.21153846154,52,2,0-2,40-60k,0.9088226481543704
Buick Enclave,2015,100582,20590,25804.4,25,8,6-8,100-130k,-0.15038808924245464
Dodge Dart,2016,74948,14990,15032.105263157895,19,7,6-8,60-80k,-0.856528580840338
MAZDA CX-,2021,52250,29590,23001.7,140,2,0-2,40-60k,0.9844805579684293
Jeep Grand Cherokee,2015,61444,24990,23092.367346938776,49,8,6-8,60-80k,0.4044365827273108
Jeep Compass,2018,104408,18990,20590.543103448275,116,5,4-6,100-130k,-0.35214251541327846
Jeep Gladiator,2020,64543,40990,42513.0,7,3,2-4,60-80k,2.421980844435549
Ford EcoSport,2019,10554,20990,19908.256756756757,74,4,2-4,0-20k,-0.09994948269974868
MINI Hardtop,2014,59070,18590,16547.14285714286,14,9,8-10,40-60k,-0.4025811219559844
Ford Edge,2013,65667,18590,20629.243243243243,74,10,8-10,60-80k,-0.4025811219559844
Chevrolet Impala,2017,59837,20990,20195.8,40,6,4-6,40-60k,-0.09994948269974868
Mitsubishi Mirage,2018,5245,16990,15890.0,22,5,4-6,0-20k,-0.6043355481268082
Honda CR-V,2016,63350,20590,21022.757009345794,107,7,6-8,60-80k,-0.15038808924245464
Honda Pilot,2019,44037,27990,25763.433333333334,30,4,2-4,40-60k,0.7827261317976055
Chevrolet Equinox,2018,29985,21990,19319.105263157893,171,5,4-6,20-40k,0.026147033657016195
Nissan Sentra,2017,84981,14990,17151.21551724138,116,6,4-6,80-100k,-0.856528580840338
Honda CR-V,2018,45866,23990,21022.757009345794,107,5,4-6,40-60k,0.278340066370546
Lexus GX,2017,56892,37990,40590.0,6,6,4-6,40-60k,2.0436912953652544
Ford Taurus,2015,95723,15990,17145.555555555555,18,8,6-8,80-100k,-0.7304320644835731
Kia Seltos,2021,21953,24990,25770.0,10,2,0-2,20-40k,0.4044365827273108
Toyota Corolla,2015,102531,15990,18560.486988847584,269,8,6-8,100-130k,-0.7304320644835731
Jeep Grand Cherokee,2017,44162,24990,23092.367346938776,49,6,4-6,40-60k,0.4044365827273108
Honda Pilot,2018,54350,28990,25763.433333333334,30,5,4-6,40-60k,0.9088226481543704
Nissan Versa,2017,44012,14990,15995.263157894737,95,6,4-6,40-60k,-0.856528580840338
Ford Escape,2017,57736,17990,19376.448,125,6,4-6,40-60k,-0.47823903177004334
Honda CR-V,2016,44857,24990,21022.757009345794,107,7,6-8,40-60k,0.4044365827273108
Cadillac XT,2020,51257,31990,29830.0,10,3,2-4,40-60k,1.287112197224665
Ford Explorer,2015,74332,19990,24112.425531914894,47,8,6-8,60-80k,-0.22604599905651357
Hyundai Santa Fe Sport,2013,67040,16590,18512.222222222223,36,10,8-10,60-80k,-0.6547741546695142
Cadillac ATS,2014,42093,20990,22034.444444444445,18,9,8-10,40-60k,-0.09994948269974868
Jeep Renegade,2020,40313,22590,20176.3661971831,71,3,2-4,40-60k,0.10180494347107512
Nissan Rogue Sport,2018,37613,20590,20399.048387096773,62,5,4-6,20-40k,-0.15038808924245464
Mercedes-Benz SLK-Class,2014,31073,28990,23634.444444444445,9,9,8-10,20-40k,0.9088226481543704
Cadillac CTS,2012,26765,24990,22603.333333333332,15,11,10-15,20-40k,0.4044365827273108
INFINITI QX,2017,47604,23990,26679.234375,64,6,4-6,40-60k,0.278340066370546
INFINITI QX,2020,61320,26590,26679.234375,64,3,2-4,60-80k,0.6061910088981346
Ford Mustang,2020,59644,24590,25856.117647058825,102,3,2-4,40-60k,0.3539979761846049
MINI Clubman,2010,104307,12990,20763.333333333332,15,13,10-15,100-130k,-1.1087216135538678
Toyota Runner,2019,75566,30590,37440.846153846156,13,4,2-4,60-80k,1.1105770743251941
Honda CR-V,2016,74145,21590,21022.757009345794,107,7,6-8,60-80k,-0.02429157288568976
FIAT  Abarth,2018,24731,21990,18890.0,4,5,4-6,20-40k,0.026147033657016195
Kia Sedona,2018,62644,23990,19804.285714285714,14,5,4-6,60-80k,0.278340066370546
Subaru Crosstrek,2016,54197,22990,24538.548387096773,31,7,6-8,40-60k,0.15224355001378106
INFINITI G,2011,90013,17590,18252.5,16,12,10-15,80-100k,-0.5286776383127493
Hyundai Accent,2022,11417,20990,15905.254237288136,59,1,0-2,0-20k,-0.09994948269974868
Lexus ES,2013,60419,22590,26148.61111111111,36,10,8-10,60-80k,0.10180494347107512
Honda Fit,2013,76205,14590,17112.222222222223,54,10,8-10,60-80k,-0.9069671873830439
INFINITI G,2013,99546,18990,18252.5,16,10,8-10,80-100k,-0.35214251541327846
Chevrolet Sonic,2015,100331,12990,14630.90909090909,44,8,6-8,100-130k,-1.1087216135538678
FIAT L,2015,92329,13990,16690.0,12,8,6-8,80-100k,-0.9826250971971029
Nissan Rogue,2015,83175,15990,20382.880165289258,242,8,6-8,80-100k,-0.7304320644835731
Ford Fusion,2020,47696,20990,18113.032,125,3,2-4,40-60k,-0.09994948269974868
Volkswagen Passat,2016,59467,18990,18311.052631578947,76,7,6-8,40-60k,-0.35214251541327846
Subaru Forester,2014,88054,18990,20446.25,32,9,8-10,80-100k,-0.35214251541327846
Nissan Versa,2014,56534,12990,15995.263157894737,95,9,8-10,40-60k,-1.1087216135538678
Dodge Grand Caravan Passenger,2017,91889,17590,18365.342465753423,73,6,4-6,80-100k,-0.5286776383127493
Mitsubishi Outlander Sport,2020,42339,20990,18771.48148148148,54,3,2-4,40-60k,-0.09994948269974868
Nissan Z,2010,96955,17990,25971.81818181818,11,13,10-15,80-100k,-0.47823903177004334
Hyundai Kona,2019,66128,18990,22149.1,30,4,2-4,60-80k,-0.35214251541327846
Nissan Versa,2019,40691,15990,15995.263157894737,95,4,2-4,40-60k,-0.7304320644835731
MINI Hardtop  Door,2015,50450,19590,20638.64864864865,37,8,6-8,40-60k,-0.2764846055992195
Kia Soul,2020,19876,20590,17106.064516129034,124,3,2-4,0-20k,-0.15038808924245464
Kia Sorento,2018,46900,20990,21217.59405940594,101,5,4-6,40-60k,-0.09994948269974868
Volkswagen Golf SportWagen,2016,64560,18990,20065.0,8,7,6-8,60-80k,-0.35214251541327846
Nissan Pathfinder,2017,71123,19990,22727.11111111111,36,6,4-6,60-80k,-0.22604599905651357
Toyota Camry,2012,77882,18590,20721.41134751773,141,11,10-15,60-80k,-0.4025811219559844
Kia Sedona,2016,101013,18990,19804.285714285714,14,7,6-8,100-130k,-0.35214251541327846
INFINITI QX,2017,48286,24990,26679.234375,64,6,4-6,40-60k,0.4044365827273108
Subaru Legacy,2013,87038,14990,20081.428571428572,21,10,8-10,80-100k,-0.856528580840338
Toyota RAV,2017,75460,22990,23160.708333333332,72,6,4-6,60-80k,0.15224355001378106
Jeep Cherokee,2019,71035,20590,21467.63829787234,141,4,2-4,60-80k,-0.15038808924245464
Nissan Versa,2017,36855,15590,15995.263157894737,95,6,4-6,20-40k,-0.780870671026279
Volkswagen Golf,2015,41298,19990,17881.666666666668,24,8,6-8,40-60k,-0.22604599905651357
Chevrolet Camaro,2015,15144,22590,26673.675324675325,77,8,6-8,0-20k,0.10180494347107512
Nissan Sentra,2016,92857,13990,17151.21551724138,116,7,6-8,80-100k,-0.9826250971971029
Hyundai Elantra,2019,50611,18990,17041.33846153846,195,4,2-4,40-60k,-0.35214251541327846
Chrysler Pacifica,2017,83372,20590,26151.657142857144,35,6,4-6,80-100k,-0.15038808924245464
Chevrolet Equinox,2017,60545,17990,19319.105263157893,171,6,4-6,60-80k,-0.47823903177004334
Volvo S,2013,67887,16990,22542.380952380954,21,10,8-10,60-80k,-0.6043355481268082
Kia Soul,2021,50771,19590,17106.064516129034,124,2,0-2,40-60k,-0.2764846055992195
Subaru Forester,2015,84342,19990,20446.25,32,8,6-8,80-100k,-0.22604599905651357
Chevrolet Cruze,2014,99782,12990,15992.5,80,9,8-10,80-100k,-1.1087216135538678
Mercedes-Benz E-Class,2010,75642,19990,24882.30769230769,26,13,10-15,60-80k,-0.22604599905651357
Jeep Cherokee,2019,45658,20990,21467.63829787234,141,4,2-4,40-60k,-0.09994948269974868
Volkswagen Passat,2013,67739,15990,18311.052631578947,76,10,8-10,60-80k,-0.7304320644835731
Honda CR-V,2012,56263,19590,21022.757009345794,107,11,10-15,40-60k,-0.2764846055992195
Subaru XV Crosstrek,2015,94483,18590,18790.0,8,8,6-8,80-100k,-0.4025811219559844
MINI Hardtop  Door,2017,41598,21990,20638.64864864865,37,6,4-6,40-60k,0.026147033657016195
Chevrolet Equinox,2012,75144,15990,19319.105263157893,171,11,10-15,60-80k,-0.7304320644835731
Volvo C,2009,71463,14990,16990.0,2,14,10-15,60-80k,-0.856528580840338
Volkswagen Beetle,2014,81910,17590,20275.0,40,9,8-10,80-100k,-0.5286776383127493
Lexus ES,2013,52481,24990,26148.61111111111,36,10,8-10,40-60k,0.4044365827273108
Dodge Grand Caravan Passenger,2019,98919,17590,18365.342465753423,73,4,2-4,80-100k,-0.5286776383127493
Kia Soul,2011,64180,12990,17106.064516129034,124,12,10-15,60-80k,-1.1087216135538678
Jeep Cherokee,2019,63619,21590,21467.63829787234,141,4,2-4,60-80k,-0.02429157288568976
Kia Soul EV,2016,29863,17590,16590.0,3,7,6-8,20-40k,-0.5286776383127493
Honda Fit,2013,83994,14990,17112.222222222223,54,10,8-10,80-100k,-0.856528580840338
Kia Optima,2020,53204,20590,17867.048076923078,104,3,2-4,40-60k,-0.15038808924245464
Toyota Corolla,2020,39815,20990,18560.486988847584,269,3,2-4,20-40k,-0.09994948269974868
Honda Fit,2015,73562,16990,17112.222222222223,54,8,6-8,60-80k,-0.6043355481268082
MAZDA MAZDA,2019,51122,22990,17840.6338028169,142,4,2-4,40-60k,0.15224355001378106
Cadillac SRX,2012,37894,21990,20345.555555555555,9,11,10-15,20-40k,0.026147033657016195
Chevrolet Equinox,2020,47774,22590,19319.105263157893,171,3,2-4,40-60k,0.10180494347107512
MAZDA CX-,2014,85029,16990,23001.7,140,9,8-10,80-100k,-0.6043355481268082
Honda Accord,2012,90328,15990,20338.34351145038,131,11,10-15,80-100k,-0.7304320644835731
GMC Terrain,2019,45635,24990,21643.57627118644,59,4,2-4,40-60k,0.4044365827273108
Subaru Crosstrek,2016,48648,22990,24538.548387096773,31,7,6-8,40-60k,0.15224355001378106
smart fortwo,2014,22108,13990,13970.0,10,9,8-10,20-40k,-0.9826250971971029
Jeep Grand Cherokee,2013,58652,20590,23092.367346938776,49,10,8-10,40-60k,-0.15038808924245464
Ford Escape,2020,34619,23990,19376.448,125,3,2-4,20-40k,0.278340066370546
Toyota RAV,2016,52649,21990,23160.708333333332,72,7,6-8,40-60k,0.026147033657016195
Chevrolet Malibu,2020,59477,21590,19288.927536231884,69,3,2-4,40-60k,-0.02429157288568976
Toyota Prius,2012,63756,18590,19496.666666666668,60,11,10-15,60-80k,-0.4025811219559844
Toyota Camry,2017,46874,19990,20721.41134751773,141,6,4-6,40-60k,-0.22604599905651357
Nissan Rogue,2016,85370,17990,20382.880165289258,242,7,6-8,80-100k,-0.47823903177004334
Mercedes-Benz E-Class,2013,56965,20990,24882.30769230769,26,10,8-10,40-60k,-0.09994948269974868
Buick Encore,2017,42878,18990,18820.149425287356,87,6,4-6,40-60k,-0.35214251541327846
Nissan Sentra,2019,52823,18590,17151.21551724138,116,4,2-4,40-60k,-0.4025811219559844
Honda Accord,2015,27274,21990,20338.34351145038,131,8,6-8,20-40k,0.026147033657016195
Nissan Rogue,2017,59719,18590,20382.880165289258,242,6,4-6,40-60k,-0.4025811219559844
Acura ILX,2016,50733,21590,19567.777777777777,9,7,6-8,40-60k,-0.02429157288568976
Buick Encore,2018,79745,17990,18820.149425287356,87,5,4-6,60-80k,-0.47823903177004334
Chevrolet Equinox,2014,113710,14990,19319.105263157893,171,9,8-10,100-130k,-0.856528580840338
Toyota RAV,2018,53505,23990,23160.708333333332,72,5,4-6,40-60k,0.278340066370546
Nissan Maxima,2017,73558,23590,24153.521739130436,23,6,4-6,60-80k,0.22790145982784
Kia Sorento,2014,71326,19990,21217.59405940594,101,9,8-10,60-80k,-0.22604599905651357
Nissan Altima,2020,56700,22590,19293.97340425532,188,3,2-4,40-60k,0.10180494347107512
Toyota Camry Hybrid,2017,57135,23590,29523.222222222223,9,6,4-6,40-60k,0.22790145982784
FIAT X,2016,39884,17990,17755.217391304348,23,7,6-8,20-40k,-0.47823903177004334
Nissan Murano,2020,64394,23590,23491.560606060608,66,3,2-4,60-80k,0.22790145982784
Subaru Outback,2016,55183,23590,25362.21153846154,52,7,6-8,40-60k,0.22790145982784
Volkswagen Tiguan,2020,45962,24990,20451.456140350878,57,3,2-4,40-60k,0.4044365827273108
BMW  Series,2012,80528,16590,25277.301587301587,126,11,10-15,80-100k,-0.6547741546695142
Chevrolet Equinox,2013,71877,15990,19319.105263157893,171,10,8-10,60-80k,-0.7304320644835731
Ford Fusion,2019,48149,19990,18113.032,125,4,2-4,40-60k,-0.22604599905651357
Kia Soul,2013,80056,13990,17106.064516129034,124,10,8-10,80-100k,-0.9826250971971029
Volkswagen Touareg,2015,71937,22990,21456.666666666668,6,8,6-8,60-80k,0.15224355001378106
Nissan Rogue,2017,80271,18590,20382.880165289258,242,6,4-6,80-100k,-0.4025811219559844
Jeep Compass,2018,61789,23990,20590.543103448275,116,5,4-6,60-80k,0.278340066370546
MAZDA CX-,2021,23124,24990,23001.7,140,2,0-2,20-40k,0.4044365827273108
MAZDA MAZDA,2017,55925,20590,17840.6338028169,142,6,4-6,40-60k,-0.15038808924245464
Chevrolet Sonic,2016,86235,13590,14630.90909090909,44,7,6-8,80-100k,-1.0330637037398087
Jeep Renegade,2018,53916,19990,20176.3661971831,71,5,4-6,40-60k,-0.22604599905651357
Chevrolet Trax,2018,50991,17590,18076.951219512193,82,5,4-6,40-60k,-0.5286776383127493
Hyundai Sonata,2018,34880,22590,16759.738562091505,153,5,4-6,20-40k,0.10180494347107512
Nissan Altima,2017,67695,16990,19293.97340425532,188,6,4-6,60-80k,-0.6043355481268082
Scion iQ,2012,101908,12590,12790.0,2,11,10-15,100-130k,-1.1591602200965736
Ford Mustang,2019,49191,24990,25856.117647058825,102,4,2-4,40-60k,0.4044365827273108
Mitsubishi Outlander Sport,2018,68911,17990,18771.48148148148,54,5,4-6,60-80k,-0.47823903177004334
Nissan Sentra,2017,79921,14990,17151.21551724138,116,6,4-6,60-80k,-0.856528580840338
Toyota Camry,2012,88326,16590,20721.41134751773,141,11,10-15,80-100k,-0.6547741546695142
Ford Explorer,2017,62509,21590,24112.425531914894,47,6,4-6,60-80k,-0.02429157288568976
Honda Civic,2018,46618,23590,18925.32380952381,210,5,4-6,40-60k,0.22790145982784
Subaru Legacy,2017,80856,19590,20081.428571428572,21,6,4-6,80-100k,-0.2764846055992195
Nissan Rogue,2018,101022,17590,20382.880165289258,242,5,4-6,100-130k,-0.5286776383127493
Toyota Avalon,2014,86351,18990,23526.363636363636,22,9,8-10,80-100k,-0.35214251541327846
MINI Countryman,2014,85761,15990,19147.14285714286,42,9,8-10,80-100k,-0.7304320644835731
Jeep Compass,2018,63347,20590,20590.543103448275,116,5,4-6,60-80k,-0.15038808924245464
Toyota Corolla,2019,52415,19590,18560.486988847584,269,4,2-4,40-60k,-0.2764846055992195
Honda Civic,2014,102273,15990,18925.32380952381,210,9,8-10,100-130k,-0.7304320644835731
Toyota Corolla,2019,51387,19590,18560.486988847584,269,4,2-4,40-60k,-0.2764846055992195
Ford Focus,2014,39334,14990,14996.451612903225,93,9,8-10,20-40k,-0.856528580840338
Jeep Cherokee,2018,80632,18990,21467.63829787234,141,5,4-6,80-100k,-0.35214251541327846
Chrysler,2016,104200,15590,20993.80612244898,98,7,6-8,100-130k,-0.780870671026279
Dodge Journey,2018,66682,19990,19075.328125,64,5,4-6,60-80k,-0.22604599905651357
Volvo S,2015,76821,19990,22542.380952380954,21,8,6-8,60-80k,-0.22604599905651357
Mitsubishi Outlander Sport,2015,91777,14590,18771.48148148148,54,8,6-8,80-100k,-0.9069671873830439
Subaru Crosstrek,2016,96307,20990,24538.548387096773,31,7,6-8,80-100k,-0.09994948269974868
Honda Accord,2012,59118,15990,20338.34351145038,131,11,10-15,40-60k,-0.7304320644835731
BMW i,2015,50004,19990,20447.894736842107,38,8,6-8,40-60k,-0.22604599905651357
Lincoln MKX,2017,43611,23990,22950.0,10,6,4-6,40-60k,0.278340066370546
Ford Explorer,2017,69250,20990,24112.425531914894,47,6,4-6,60-80k,-0.09994948269974868
Honda Civic,2015,13028,22990,18925.32380952381,210,8,6-8,0-20k,0.15224355001378106
Lexus GS,2014,91052,22590,26690.0,6,9,8-10,80-100k,0.10180494347107512
Subaru Forester,2017,104509,22590,20446.25,32,6,4-6,100-130k,0.10180494347107512
Honda CR-V,2013,71330,18590,21022.757009345794,107,10,8-10,60-80k,-0.4025811219559844
GMC Terrain,2020,55721,24590,21643.57627118644,59,3,2-4,40-60k,0.3539979761846049
Ford Flex,2015,48599,21990,23264.36,25,8,6-8,40-60k,0.026147033657016195
Nissan Rogue,2016,59389,17590,20382.880165289258,242,7,6-8,40-60k,-0.5286776383127493
Hyundai Tucson,2016,43005,19590,20007.2,70,7,6-8,40-60k,-0.2764846055992195
MINI Roadster,2013,86434,16990,18030.0,5,10,8-10,80-100k,-0.6043355481268082
Volkswagen Beetle,2017,73005,20990,20275.0,40,6,4-6,60-80k,-0.09994948269974868
Honda Civic,2014,86172,15590,18925.32380952381,210,9,8-10,80-100k,-0.780870671026279
Buick Verano,2013,53063,15590,16710.0,15,10,8-10,40-60k,-0.780870671026279
Toyota RAV,2014,74597,20590,23160.708333333332,72,9,8-10,60-80k,-0.15038808924245464
Hyundai Elantra,2019,54415,18990,17041.33846153846,195,4,2-4,40-60k,-0.35214251541327846
Mercedes-Benz CLA-Class,2014,31248,24590,23256.666666666668,6,9,8-10,20-40k,0.3539979761846049
Ford Escape,2014,45340,16990,19376.448,125,9,8-10,40-60k,-0.6043355481268082
Jeep Renegade,2019,45391,21990,20176.3661971831,71,4,2-4,40-60k,0.026147033657016195
Toyota RAV,2017,92392,19990,23160.708333333332,72,6,4-6,80-100k,-0.22604599905651357
Ford Escape,2018,74052,20590,19376.448,125,5,4-6,60-80k,-0.15038808924245464
Honda CR-V,2016,74392,20590,21022.757009345794,107,7,6-8,60-80k,-0.15038808924245464
Ford Fusion,2014,76612,15590,18113.032,125,9,8-10,60-80k,-0.780870671026279
Toyota Highlander,2012,94472,18990,26813.875,24,11,10-15,80-100k,-0.35214251541327846
Chevrolet Malibu,2020,45310,20990,19288.927536231884,69,3,2-4,40-60k,-0.09994948269974868
Kia K,2015,79495,21590,26990.0,8,8,6-8,60-80k,-0.02429157288568976
GMC Terrain,2020,59200,24990,21643.57627118644,59,3,2-4,40-60k,0.4044365827273108
Chevrolet Malibu,2021,43643,22990,19288.927536231884,69,2,0-2,40-60k,0.15224355001378106
Honda Civic,2016,95488,17590,18925.32380952381,210,7,6-8,80-100k,-0.5286776383127493
Nissan Murano,2020,53454,23990,23491.560606060608,66,3,2-4,40-60k,0.278340066370546
Hyundai Elantra,2020,26690,21590,17041.33846153846,195,3,2-4,20-40k,-0.02429157288568976
Ford Fusion,2014,80615,14990,18113.032,125,9,8-10,80-100k,-0.856528580840338
Toyota RAV,2018,101919,20590,23160.708333333332,72,5,4-6,100-130k,-0.15038808924245464
Dodge Journey,2018,72693,17590,19075.328125,64,5,4-6,60-80k,-0.5286776383127493
Lincoln MKZ,2017,71899,22590,21467.777777777777,18,6,4-6,60-80k,0.10180494347107512
Toyota Avalon,2015,51385,21590,23526.363636363636,22,8,6-8,40-60k,-0.02429157288568976
Hyundai Sonata,2015,76204,15990,16759.738562091505,153,8,6-8,60-80k,-0.7304320644835731
Ford Mustang,2020,53954,24990,25856.117647058825,102,3,2-4,40-60k,0.4044365827273108
Jeep Renegade,2018,11020,21990,20176.3661971831,71,5,4-6,0-20k,0.026147033657016195
Subaru Forester,2012,92922,15990,20446.25,32,11,10-15,80-100k,-0.7304320644835731
Ford Edge,2020,59876,24590,20629.243243243243,74,3,2-4,40-60k,0.3539979761846049
Toyota Camry,2011,68811,15590,20721.41134751773,141,12,10-15,60-80k,-0.780870671026279
Chevrolet Spark,2020,60596,15590,15980.290909090909,55,3,2-4,60-80k,-0.780870671026279
Chevrolet Equinox,2020,52860,21990,19319.105263157893,171,3,2-4,40-60k,0.026147033657016195
Chevrolet Cruze Limited,2016,45379,15990,14818.57142857143,14,7,6-8,40-60k,-0.7304320644835731
Toyota Camry,2016,47580,20990,20721.41134751773,141,7,6-8,40-60k,-0.09994948269974868
Hyundai Tucson,2019,53924,20990,20007.2,70,4,2-4,40-60k,-0.09994948269974868
Ford Edge,2020,65653,23590,20629.243243243243,74,3,2-4,60-80k,0.22790145982784
MAZDA MAZDA,2017,55466,18590,17840.6338028169,142,6,4-6,40-60k,-0.4025811219559844
Toyota Camry,2018,45405,24590,20721.41134751773,141,5,4-6,40-60k,0.3539979761846049
Hyundai Kona,2021,34485,22990,22149.1,30,2,0-2,20-40k,0.15224355001378106
Hyundai Kona,2021,18118,24990,22149.1,30,2,0-2,0-20k,0.4044365827273108
Nissan Altima,2021,53343,21990,19293.97340425532,188,2,0-2,40-60k,0.026147033657016195
Jeep Renegade,2017,92111,16990,20176.3661971831,71,6,4-6,80-100k,-0.6043355481268082
Dodge Grand Caravan Passenger,2019,73482,18990,18365.342465753423,73,4,2-4,60-80k,-0.35214251541327846
Chevrolet Volt,2013,69336,15590,18150.0,25,10,8-10,60-80k,-0.780870671026279
Nissan Altima,2020,50365,20990,19293.97340425532,188,3,2-4,40-60k,-0.09994948269974868
BMW  Series,2012,58717,22990,25277.301587301587,126,11,10-15,40-60k,0.15224355001378106
Honda Accord,2016,60485,21590,20338.34351145038,131,7,6-8,60-80k,-0.02429157288568976
Kia Soul,2016,29469,17990,17106.064516129034,124,7,6-8,20-40k,-0.47823903177004334
Nissan Altima,2017,49688,17990,19293.97340425532,188,6,4-6,40-60k,-0.47823903177004334
Ford EcoSport,2019,24331,21590,19908.256756756757,74,4,2-4,20-40k,-0.02429157288568976
Chevrolet Colorado Extended Cab,2017,58163,23990,25523.333333333332,3,6,4-6,40-60k,0.278340066370546
Chevrolet Malibu,2015,46356,17990,19288.927536231884,69,8,6-8,40-60k,-0.47823903177004334
Toyota Prius,2014,72182,18990,19496.666666666668,60,9,8-10,60-80k,-0.35214251541327846
Nissan Rogue,2017,40395,19590,20382.880165289258,242,6,4-6,40-60k,-0.2764846055992195
Chevrolet Malibu,2020,54306,21990,19288.927536231884,69,3,2-4,40-60k,0.026147033657016195
BMW X,2016,75099,22990,28257.918032786885,61,7,6-8,60-80k,0.15224355001378106
Honda Civic,2013,84297,14990,18925.32380952381,210,10,8-10,80-100k,-0.856528580840338
Nissan Rogue,2015,72668,16990,20382.880165289258,242,8,6-8,60-80k,-0.6043355481268082
Hyundai Elantra,2016,62849,14990,17041.33846153846,195,7,6-8,60-80k,-0.856528580840338
Toyota Corolla,2015,91791,15590,18560.486988847584,269,8,6-8,80-100k,-0.780870671026279
Kia Rio,2022,13991,21590,16682.0,35,1,0-2,0-20k,-0.02429157288568976
Mitsubishi Outlander,2020,50688,20990,20020.0,20,3,2-4,40-60k,-0.09994948269974868
Honda CR-V,2016,70203,20990,21022.757009345794,107,7,6-8,60-80k,-0.09994948269974868
FIAT,2015,55309,14590,14531.935483870968,31,8,6-8,40-60k,-0.9069671873830439
Buick Envision,2019,46314,24990,24501.2,20,4,2-4,40-60k,0.4044365827273108
Chevrolet Cruze,2014,54187,14990,15992.5,80,9,8-10,40-60k,-0.856528580840338
Ford Escape,2020,65542,22990,19376.448,125,3,2-4,60-80k,0.15224355001378106
Ford Escape,2020,54640,24590,19376.448,125,3,2-4,40-60k,0.3539979761846049
FIAT,2013,37943,13990,14531.935483870968,31,10,8-10,20-40k,-0.9826250971971029
Jeep Compass,2018,50846,22590,20590.543103448275,116,5,4-6,40-60k,0.10180494347107512
INFINITI G,2012,57346,18990,18252.5,16,11,10-15,40-60k,-0.35214251541327846
Chevrolet Sonic,2016,57050,13990,14630.90909090909,44,7,6-8,40-60k,-0.9826250971971029
Toyota Corolla,2015,35486,17990,18560.486988847584,269,8,6-8,20-40k,-0.47823903177004334
Chrysler Town & Country,2015,78715,17990,17956.666666666668,24,8,6-8,60-80k,-0.47823903177004334
Acura TSX,2012,53507,17990,15950.0,10,11,10-15,40-60k,-0.47823903177004334
Kia Forte,2020,14800,20990,17017.92156862745,102,3,2-4,0-20k,-0.09994948269974868
GMC Terrain,2018,70597,21990,21643.57627118644,59,5,4-6,60-80k,0.026147033657016195
Jeep Cherokee,2019,69051,21990,21467.63829787234,141,4,2-4,60-80k,0.026147033657016195
Buick LaCrosse,2012,32939,18990,18705.78947368421,19,11,10-15,20-40k,-0.35214251541327846
Ford Focus,2015,87047,12590,14996.451612903225,93,8,6-8,80-100k,-1.1591602200965736
Toyota Prius c,2015,96531,16990,17890.0,16,8,6-8,80-100k,-0.6043355481268082
MAZDA CX-,2021,55773,21990,23001.7,140,2,0-2,40-60k,0.026147033657016195
Toyota Corolla,2012,65693,14990,18560.486988847584,269,11,10-15,60-80k,-0.856528580840338
Toyota Camry,2018,38108,22990,20721.41134751773,141,5,4-6,20-40k,0.15224355001378106
Buick Encore,2019,31902,20990,18820.149425287356,87,4,2-4,20-40k,-0.09994948269974868
Nissan Altima,2021,42905,20590,19293.97340425532,188,2,0-2,40-60k,-0.15038808924245464
Chevrolet Equinox,2020,50095,20590,19319.105263157893,171,3,2-4,40-60k,-0.15038808924245464
Cadillac CTS,2018,56030,30590,22603.333333333332,15,5,4-6,40-60k,1.1105770743251941
Honda Odyssey,2019,66783,31590,26213.423076923078,26,4,2-4,60-80k,1.236673590681959
Buick Enclave,2018,46690,30990,25804.4,25,5,4-6,40-60k,1.1610156808679002
Kia Sorento,2020,56952,24990,21217.59405940594,101,3,2-4,40-60k,0.4044365827273108
Chrysler Pacifica,2018,70083,22990,26151.657142857144,35,5,4-6,60-80k,0.15224355001378106
MAZDA MAZDA,2016,92004,15590,17840.6338028169,142,7,6-8,80-100k,-0.780870671026279
Hyundai Veloster,2019,63492,17990,17090.3125,32,4,2-4,60-80k,-0.47823903177004334
Ford Fusion,2020,45867,20990,18113.032,125,3,2-4,40-60k,-0.09994948269974868
Chevrolet Malibu,2015,41890,17590,19288.927536231884,69,8,6-8,40-60k,-0.5286776383127493
Dodge Journey,2018,34238,20590,19075.328125,64,5,4-6,20-40k,-0.15038808924245464
Honda Civic,2013,50942,17990,18925.32380952381,210,10,8-10,40-60k,-0.47823903177004334
GMC Yukon,2013,104904,23990,29710.0,5,10,8-10,100-130k,0.278340066370546
Kia Sorento,2017,53388,18990,21217.59405940594,101,6,4-6,40-60k,-0.35214251541327846
Kia K,2016,78029,23590,26990.0,8,7,6-8,60-80k,0.22790145982784
Chevrolet Malibu,2020,56213,19990,19288.927536231884,69,3,2-4,40-60k,-0.22604599905651357
Toyota Corolla,2011,78708,13990,18560.486988847584,269,12,10-15,60-80k,-0.9826250971971029
Ford Taurus,2016,35623,20590,17145.555555555555,18,7,6-8,20-40k,-0.15038808924245464
Honda Civic,2015,26989,19990,18925.32380952381,210,8,6-8,20-40k,-0.22604599905651357
Volkswagen Golf,2015,85391,16990,17881.666666666668,24,8,6-8,80-100k,-0.6043355481268082
Toyota Corolla,2020,47632,19990,18560.486988847584,269,3,2-4,40-60k,-0.22604599905651357
Honda Civic,2018,43194,24990,18925.32380952381,210,5,4-6,40-60k,0.4044365827273108
Nissan Kicks,2020,11125,22990,19809.626373626375,91,3,2-4,0-20k,0.15224355001378106
Chevrolet Impala,2020,59971,22590,20195.8,40,3,2-4,40-60k,0.10180494347107512
Lexus IS,2012,45703,20990,23340.0,28,11,10-15,40-60k,-0.09994948269974868
Cadillac ATS,2015,74444,18590,22034.444444444445,18,8,6-8,60-80k,-0.4025811219559844
FIAT X,2016,21740,18990,17755.217391304348,23,7,6-8,20-40k,-0.35214251541327846
Ford Fusion,2020,52451,20590,18113.032,125,3,2-4,40-60k,-0.15038808924245464
Ford Mustang,2020,61702,24590,25856.117647058825,102,3,2-4,60-80k,0.3539979761846049
Chevrolet Cruze,2016,74840,15990,15992.5,80,7,6-8,60-80k,-0.7304320644835731
Ford Fusion,2018,99531,16990,18113.032,125,5,4-6,80-100k,-0.6043355481268082
Ford Taurus,2010,33799,15590,17145.555555555555,18,13,10-15,20-40k,-0.780870671026279
Jeep Cherokee,2019,25695,24990,21467.63829787234,141,4,2-4,20-40k,0.4044365827273108
Ford Escape,2018,61506,19990,19376.448,125,5,4-6,60-80k,-0.22604599905651357
Nissan Murano,2018,79549,21990,23491.560606060608,66,5,4-6,60-80k,0.026147033657016195
Buick Enclave,2017,50821,24990,25804.4,25,6,4-6,40-60k,0.4044365827273108
Volkswagen Passat,2021,28162,23990,18311.052631578947,76,2,0-2,20-40k,0.278340066370546
Nissan Altima,2013,76849,15590,19293.97340425532,188,10,8-10,60-80k,-0.780870671026279
Chrysler Town & Country,2014,50498,20590,17956.666666666668,24,9,8-10,40-60k,-0.15038808924245464
Nissan Kicks,2020,33861,19590,19809.626373626375,91,3,2-4,20-40k,-0.2764846055992195
Nissan Sentra,2016,78724,15590,17151.21551724138,116,7,6-8,60-80k,-0.780870671026279
Hyundai Elantra,2013,78862,14590,17041.33846153846,195,10,8-10,60-80k,-0.9069671873830439
Chevrolet Impala,2020,56555,24590,20195.8,40,3,2-4,40-60k,0.3539979761846049
Ford Fiesta,2018,45136,14590,14645.737704918032,61,5,4-6,40-60k,-0.9069671873830439
Lincoln MKZ,2013,14956,22590,21467.777777777777,18,10,8-10,0-20k,0.10180494347107512
Nissan Murano,2018,99800,17990,23491.560606060608,66,5,4-6,80-100k,-0.47823903177004334
Buick Encore,2019,48651,18990,18820.149425287356,87,4,2-4,40-60k,-0.35214251541327846
Nissan JUKE,2015,40713,18590,16066.190476190477,21,8,6-8,40-60k,-0.4025811219559844
Mercedes-Benz M-Class,2013,64627,23590,24550.0,5,10,8-10,60-80k,0.22790145982784
Kia Sorento,2017,55657,20990,21217.59405940594,101,6,4-6,40-60k,-0.09994948269974868
Kia Forte,2017,62645,14990,17017.92156862745,102,6,4-6,60-80k,-0.856528580840338
Toyota Camry,2016,60630,18590,20721.41134751773,141,7,6-8,60-80k,-0.4025811219559844
Ford Escape,2018,44675,18990,19376.448,125,5,4-6,40-60k,-0.35214251541327846
Chevrolet Volt,2018,53458,22590,18150.0,25,5,4-6,40-60k,0.10180494347107512
BMW i,2015,77693,17990,20447.894736842107,38,8,6-8,60-80k,-0.47823903177004334
Chrysler Pacifica,2017,74467,20590,26151.657142857144,35,6,4-6,60-80k,-0.15038808924245464
Ford Fusion,2018,46938,19990,18113.032,125,5,4-6,40-60k,-0.22604599905651357
Ford Fusion,2016,78933,15990,18113.032,125,7,6-8,60-80k,-0.7304320644835731
Volkswagen Tiguan,2013,76111,15990,20451.456140350878,57,10,8-10,60-80k,-0.7304320644835731
Kia Sportage,2018,56388,19990,20804.091954022988,87,5,4-6,40-60k,-0.22604599905651357
MAZDA MAZDA,2017,93668,16990,17840.6338028169,142,6,4-6,80-100k,-0.6043355481268082
Honda CR-V,2014,49107,20990,21022.757009345794,107,9,8-10,40-60k,-0.09994948269974868
Ford Fusion,2015,73387,16990,18113.032,125,8,6-8,60-80k,-0.6043355481268082
Lincoln MKC,2015,34690,21990,23724.125,24,8,6-8,20-40k,0.026147033657016195
Kia Soul,2013,92729,13590,17106.064516129034,124,10,8-10,80-100k,-1.0330637037398087
Kia Sorento,2018,59301,20590,21217.59405940594,101,5,4-6,40-60k,-0.15038808924245464
Hyundai Tucson,2018,77113,18990,20007.2,70,5,4-6,60-80k,-0.35214251541327846
Toyota Camry,2017,87485,17990,20721.41134751773,141,6,4-6,80-100k,-0.47823903177004334
MAZDA MAZDA,2015,30874,19990,17840.6338028169,142,8,6-8,20-40k,-0.22604599905651357
Ford Fiesta,2013,43521,13590,14645.737704918032,61,10,8-10,40-60k,-1.0330637037398087
BMW X,2016,58427,24590,28257.918032786885,61,7,6-8,40-60k,0.3539979761846049
Honda Civic,2015,93347,14990,18925.32380952381,210,8,6-8,80-100k,-0.856528580840338
Mercedes-Benz E-Class,2010,47911,18990,24882.30769230769,26,13,10-15,40-60k,-0.35214251541327846
Nissan Versa,2020,53822,17590,15995.263157894737,95,3,2-4,40-60k,-0.5286776383127493
Chevrolet Impala,2020,51844,22990,20195.8,40,3,2-4,40-60k,0.15224355001378106
Buick Enclave,2014,65123,23990,25804.4,25,9,8-10,60-80k,0.278340066370546
Honda Civic,2017,86596,18590,18925.32380952381,210,6,4-6,80-100k,-0.4025811219559844
Chrysler,2015,96735,14590,20993.80612244898,98,8,6-8,80-100k,-0.9069671873830439
Nissan Rogue,2015,93897,17590,20382.880165289258,242,8,6-8,80-100k,-0.5286776383127493
Toyota Sienna,2016,97660,20990,31905.78947368421,38,7,6-8,80-100k,-0.09994948269974868
Chevrolet Cruze,2017,76416,15990,15992.5,80,6,4-6,60-80k,-0.7304320644835731
Ford Fusion,2020,60314,19990,18113.032,125,3,2-4,60-80k,-0.22604599905651357
Ford EcoSport,2020,42736,22990,19908.256756756757,74,3,2-4,40-60k,0.15224355001378106
Hyundai Elantra,2014,63664,15590,17041.33846153846,195,9,8-10,60-80k,-0.780870671026279
Ford Escape,2020,51966,22590,19376.448,125,3,2-4,40-60k,0.10180494347107512
Volkswagen Jetta,2015,60801,19590,17068.442477876106,113,8,6-8,60-80k,-0.2764846055992195
Dodge Dart,2016,46208,15990,15032.105263157895,19,7,6-8,40-60k,-0.7304320644835731
Kia Sorento,2020,51909,22590,21217.59405940594,101,3,2-4,40-60k,0.10180494347107512
smart fortwo,2015,48621,13590,13970.0,10,8,6-8,40-60k,-1.0330637037398087
Kia Sorento,2019,63110,21590,21217.59405940594,101,4,2-4,60-80k,-0.02429157288568976
Volkswagen Golf GTI,2018,90054,24590,23106.129032258064,31,5,4-6,80-100k,0.3539979761846049
Ford Focus,2014,68740,14990,14996.451612903225,93,9,8-10,60-80k,-0.856528580840338
Volkswagen Jetta,2014,95320,13990,17068.442477876106,113,9,8-10,80-100k,-0.9826250971971029
Ford Fiesta,2018,45627,15590,14645.737704918032,61,5,4-6,40-60k,-0.780870671026279
Kia Soul,2015,96498,12990,17106.064516129034,124,8,6-8,80-100k,-1.1087216135538678
Jeep Renegade,2015,44419,21590,20176.3661971831,71,8,6-8,40-60k,-0.02429157288568976
MAZDA CX-,2019,53880,21590,23001.7,140,4,2-4,40-60k,-0.02429157288568976
Buick Encore,2018,47816,19590,18820.149425287356,87,5,4-6,40-60k,-0.2764846055992195
Hyundai Sonata,2015,68284,17590,16759.738562091505,153,8,6-8,60-80k,-0.5286776383127493
Ford Fiesta,2011,68594,11990,14645.737704918032,61,12,10-15,60-80k,-1.2348181299106327
Toyota Sienna,2014,72195,24590,31905.78947368421,38,9,8-10,60-80k,0.3539979761846049
Honda CR-V,2013,83757,16990,21022.757009345794,107,10,8-10,80-100k,-0.6043355481268082
Nissan Rogue,2015,47899,18590,20382.880165289258,242,8,6-8,40-60k,-0.4025811219559844
Toyota Camry,2014,96737,17590,20721.41134751773,141,9,8-10,80-100k,-0.5286776383127493
Jeep Compass,2020,44020,21990,20590.543103448275,116,3,2-4,40-60k,0.026147033657016195
Toyota Corolla,2019,69817,19990,18560.486988847584,269,4,2-4,60-80k,-0.22604599905651357
Ford Fusion,2020,52875,20990,18113.032,125,3,2-4,40-60k,-0.09994948269974868
Jeep Compass,2019,28772,23990,20590.543103448275,116,4,2-4,20-40k,0.278340066370546
Kia Soul,2020,38491,19590,17106.064516129034,124,3,2-4,20-40k,-0.2764846055992195
MINI Hardtop  Door,2015,39242,18590,20638.64864864865,37,8,6-8,20-40k,-0.4025811219559844
Volkswagen Passat,2017,90591,15990,18311.052631578947,76,6,4-6,80-100k,-0.7304320644835731
Chevrolet Malibu,2020,49489,20990,19288.927536231884,69,3,2-4,40-60k,-0.09994948269974868
MINI Coupe,2012,80667,14990,16523.333333333332,3,11,10-15,80-100k,-0.856528580840338
Volkswagen Touareg,2016,113346,24590,21456.666666666668,6,7,6-8,100-130k,0.3539979761846049
Chevrolet Trax,2020,28762,19990,18076.951219512193,82,3,2-4,20-40k,-0.22604599905651357
Lexus RX,2015,73320,24590,27399.52380952381,21,8,6-8,60-80k,0.3539979761846049
Nissan JUKE,2014,89674,13990,16066.190476190477,21,9,8-10,80-100k,-0.9826250971971029
Ford Fusion,2020,49136,20590,18113.032,125,3,2-4,40-60k,-0.15038808924245464
Hyundai Sonata,2018,86190,16590,16759.738562091505,153,5,4-6,80-100k,-0.6547741546695142
Chevrolet Malibu,2020,49258,20590,19288.927536231884,69,3,2-4,40-60k,-0.15038808924245464
Toyota Corolla,2018,93933,17990,18560.486988847584,269,5,4-6,80-100k,-0.47823903177004334
Ford Mustang,2020,56462,23990,25856.117647058825,102,3,2-4,40-60k,0.278340066370546
Subaru Impreza,2019,22066,21990,19643.23076923077,26,4,2-4,20-40k,0.026147033657016195
Ford EcoSport,2019,49466,18990,19908.256756756757,74,4,2-4,40-60k,-0.35214251541327846
Cadillac SRX,2016,78054,20990,20345.555555555555,9,7,6-8,60-80k,-0.09994948269974868
Honda HR-V,2018,15747,24990,22338.0,43,5,4-6,0-20k,0.4044365827273108
Ford Fusion,2019,75125,18990,18113.032,125,4,2-4,60-80k,-0.35214251541327846
Audi Q,2017,61946,24590,25158.42105263158,19,6,4-6,60-80k,0.3539979761846049
Honda CR-V,2010,84390,14990,21022.757009345794,107,13,10-15,80-100k,-0.856528580840338
Volkswagen Jetta,2019,14887,21590,17068.442477876106,113,4,2-4,0-20k,-0.02429157288568976
Chevrolet Trax,2017,85401,15590,18076.951219512193,82,6,4-6,80-100k,-0.780870671026279
Honda CR-V,2014,56929,18590,21022.757009345794,107,9,8-10,40-60k,-0.4025811219559844
MAZDA MAZDA,2014,87520,14990,17840.6338028169,142,9,8-10,80-100k,-0.856528580840338
Acura TL,2013,91303,16990,17412.222222222223,9,10,8-10,80-100k,-0.6043355481268082
MINI Clubman,2016,49270,20990,20763.333333333332,15,7,6-8,40-60k,-0.09994948269974868
Buick Encore,2017,52409,18990,18820.149425287356,87,6,4-6,40-60k,-0.35214251541327846
Chevrolet Traverse,2017,90860,18990,27964.304347826088,46,6,4-6,80-100k,-0.35214251541327846
Ford Fusion,2020,57933,19990,18113.032,125,3,2-4,40-60k,-0.22604599905651357
Jeep Cherokee,2019,39599,23990,21467.63829787234,141,4,2-4,20-40k,0.278340066370546
Jeep Renegade,2020,28019,23590,20176.3661971831,71,3,2-4,20-40k,0.22790145982784
Toyota Corolla,2016,95981,16990,18560.486988847584,269,7,6-8,80-100k,-0.6043355481268082
MINI Hardtop  Door,2018,33468,23990,20638.64864864865,37,5,4-6,20-40k,0.278340066370546
Mitsubishi Mirage,2019,21894,16590,15890.0,22,4,2-4,20-40k,-0.6547741546695142
FIAT  Spider,2017,35188,21990,24176.666666666668,15,6,4-6,20-40k,0.026147033657016195
Volkswagen Jetta,2017,46135,16990,17068.442477876106,113,6,4-6,40-60k,-0.6043355481268082
Lexus CT,2012,85013,18990,19990.0,8,11,10-15,80-100k,-0.35214251541327846
Lincoln MKC,2016,72722,19990,23724.125,24,7,6-8,60-80k,-0.22604599905651357
Nissan Rogue,2020,62001,20990,20382.880165289258,242,3,2-4,60-80k,-0.09994948269974868
INFINITI QX,2017,52741,23590,26679.234375,64,6,4-6,40-60k,0.22790145982784
Mitsubishi Outlander Sport,2017,38312,18990,18771.48148148148,54,6,4-6,20-40k,-0.35214251541327846
Nissan Kicks,2019,54661,18990,19809.626373626375,91,4,2-4,40-60k,-0.35214251541327846
Nissan Sentra,2018,77624,14990,17151.21551724138,116,5,4-6,60-80k,-0.856528580840338
Honda Accord,2012,78327,15590,20338.34351145038,131,11,10-15,60-80k,-0.780870671026279
GMC Terrain,2018,50981,23590,21643.57627118644,59,5,4-6,40-60k,0.22790145982784
Toyota Camry,2012,97030,14990,20721.41134751773,141,11,10-15,80-100k,-0.856528580840338
Jeep Compass,2018,49899,20590,20590.543103448275,116,5,4-6,40-60k,-0.15038808924245464
Ford EcoSport,2018,23804,21990,19908.256756756757,74,5,4-6,20-40k,0.026147033657016195
BMW i,2014,43531,18990,20447.894736842107,38,9,8-10,40-60k,-0.35214251541327846
Volkswagen Passat,2015,79577,15590,18311.052631578947,76,8,6-8,60-80k,-0.780870671026279
Ford Fusion,2017,70354,17590,18113.032,125,6,4-6,60-80k,-0.5286776383127493
Ford Mustang,2020,50902,24590,25856.117647058825,102,3,2-4,40-60k,0.3539979761846049
Nissan Sentra,2021,16290,21990,17151.21551724138,116,2,0-2,0-20k,0.026147033657016195
Hyundai Elantra,2022,19017,24990,17041.33846153846,195,1,0-2,0-20k,0.4044365827273108
Honda Fit,2017,62006,17590,17112.222222222223,54,6,4-6,60-80k,-0.5286776383127493
MAZDA CX-,2020,43419,23590,23001.7,140,3,2-4,40-60k,0.22790145982784
Toyota Corolla,2015,45624,18590,18560.486988847584,269,8,6-8,40-60k,-0.4025811219559844
Honda Accord,2012,62557,15990,20338.34351145038,131,11,10-15,60-80k,-0.7304320644835731
Audi Q,2015,59743,24990,25158.42105263158,19,8,6-8,40-60k,0.4044365827273108
Nissan Rogue,2020,50516,20590,20382.880165289258,242,3,2-4,40-60k,-0.15038808924245464
Toyota Corolla,2012,76571,15990,18560.486988847584,269,11,10-15,60-80k,-0.7304320644835731
Mitsubishi Eclipse Cross,2020,61850,18590,21140.0,8,3,2-4,60-80k,-0.4025811219559844
Mercedes-Benz CLA,2016,47385,24990,25608.18181818182,11,7,6-8,40-60k,0.4044365827273108
Volkswagen Jetta,2014,64637,14590,17068.442477876106,113,9,8-10,60-80k,-0.9069671873830439
Nissan Rogue Sport,2019,42821,23590,20399.048387096773,62,4,2-4,40-60k,0.22790145982784
Hyundai Elantra,2018,88240,15990,17041.33846153846,195,5,4-6,80-100k,-0.7304320644835731
Honda Civic,2017,55954,20590,18925.32380952381,210,6,4-6,40-60k,-0.15038808924245464
Toyota Tacoma Double Cab,2013,87049,24990,33790.0,28,10,8-10,80-100k,0.4044365827273108
Kia Optima,2018,43465,20990,17867.048076923078,104,5,4-6,40-60k,-0.09994948269974868
Nissan Sentra,2015,78747,13990,17151.21551724138,116,8,6-8,60-80k,-0.9826250971971029
Toyota Prius c,2013,95653,15990,17890.0,16,10,8-10,80-100k,-0.7304320644835731
Nissan Altima,2015,45144,17590,19293.97340425532,188,8,6-8,40-60k,-0.5286776383127493
MAZDA CX-,2016,100470,15990,23001.7,140,7,6-8,100-130k,-0.7304320644835731
Chevrolet Camaro,2014,69917,21590,26673.675324675325,77,9,8-10,60-80k,-0.02429157288568976
MAZDA MAZDA,2017,28241,21990,17840.6338028169,142,6,4-6,20-40k,0.026147033657016195
Lexus ES,2011,79566,16990,26148.61111111111,36,12,10-15,60-80k,-0.6043355481268082
Nissan Rogue,2014,42801,19990,20382.880165289258,242,9,8-10,40-60k,-0.22604599905651357
Jeep Renegade,2019,43628,20590,20176.3661971831,71,4,2-4,40-60k,-0.15038808924245464
Ford Edge,2014,101928,14990,20629.243243243243,74,9,8-10,100-130k,-0.856528580840338
Chevrolet Cruze,2015,62739,13990,15992.5,80,8,6-8,60-80k,-0.9826250971971029
Buick Cascada,2016,58405,22990,24790.0,4,7,6-8,40-60k,0.15224355001378106
Chevrolet Sonic,2014,40268,13990,14630.90909090909,44,9,8-10,40-60k,-0.9826250971971029
Toyota RAV,2015,58933,23590,23160.708333333332,72,8,6-8,40-60k,0.22790145982784
Honda Fit,2016,60778,19590,17112.222222222223,54,7,6-8,60-80k,-0.2764846055992195
Hyundai Elantra,2016,80605,13990,17041.33846153846,195,7,6-8,80-100k,-0.9826250971971029
MAZDA MAZDA,2016,52171,17990,17840.6338028169,142,7,6-8,40-60k,-0.47823903177004334
Nissan Versa,2015,88866,12590,15995.263157894737,95,8,6-8,80-100k,-1.1591602200965736
Ford Focus,2017,27095,18990,14996.451612903225,93,6,4-6,20-40k,-0.35214251541327846
Buick Encore,2017,23325,20590,18820.149425287356,87,6,4-6,20-40k,-0.15038808924245464
MAZDA MX- Miata,2016,14106,24990,22241.28205128205,39,7,6-8,0-20k,0.4044365827273108
Nissan Versa,2022,13489,20590,15995.263157894737,95,1,0-2,0-20k,-0.15038808924245464
Toyota Camry,2020,29665,24990,20721.41134751773,141,3,2-4,20-40k,0.4044365827273108
Volkswagen Jetta,2020,30069,23990,17068.442477876106,113,3,2-4,20-40k,0.278340066370546
Ford Escape,2018,53677,18990,19376.448,125,5,4-6,40-60k,-0.35214251541327846
FIAT L,2019,39536,18990,16690.0,12,4,2-4,20-40k,-0.35214251541327846
Nissan Kicks,2019,31207,21590,19809.626373626375,91,4,2-4,20-40k,-0.02429157288568976
Ford Fusion,2018,105032,17590,18113.032,125,5,4-6,100-130k,-0.5286776383127493
Buick Encore,2019,49960,18990,18820.149425287356,87,4,2-4,40-60k,-0.35214251541327846
Hyundai Elantra,2019,53028,17590,17041.33846153846,195,4,2-4,40-60k,-0.5286776383127493
Ford Edge,2017,50620,20990,20629.243243243243,74,6,4-6,40-60k,-0.09994948269974868
Cadillac SRX,2016,71198,20990,20345.555555555555,9,7,6-8,60-80k,-0.09994948269974868
Ford Fusion,2017,87477,18990,18113.032,125,6,4-6,80-100k,-0.35214251541327846
Hyundai Accent,2022,6663,20990,15905.254237288136,59,1,0-2,0-20k,-0.09994948269974868
Toyota C-HR,2020,54653,22990,23407.366666666665,30,3,2-4,40-60k,0.15224355001378106
Toyota Prius,2012,102515,15990,19496.666666666668,60,11,10-15,100-130k,-0.7304320644835731
Nissan Sentra,2017,71845,15990,17151.21551724138,116,6,4-6,60-80k,-0.7304320644835731
MAZDA MX- Miata,2012,47133,19990,22241.28205128205,39,11,10-15,40-60k,-0.22604599905651357
Nissan Altima,2015,94163,13990,19293.97340425532,188,8,6-8,80-100k,-0.9826250971971029
MAZDA MAZDA,2018,27895,22990,17840.6338028169,142,5,4-6,20-40k,0.15224355001378106
Nissan Rogue Sport,2017,82382,16990,20399.048387096773,62,6,4-6,80-100k,-0.6043355481268082
Toyota Corolla,2013,78019,15990,18560.486988847584,269,10,8-10,60-80k,-0.7304320644835731
smart fortwo,2015,82396,11990,13970.0,10,8,6-8,80-100k,-1.2348181299106327
Jeep Renegade,2018,98399,16990,20176.3661971831,71,5,4-6,80-100k,-0.6043355481268082
Nissan Rogue,2017,51916,20990,20382.880165289258,242,6,4-6,40-60k,-0.09994948269974868
BMW i,2017,56244,22590,20447.894736842107,38,6,4-6,40-60k,0.10180494347107512
Volkswagen Golf GTI,2017,97575,20990,23106.129032258064,31,6,4-6,80-100k,-0.09994948269974868
Scion xD,2011,78516,12990,13750.0,5,12,10-15,60-80k,-1.1087216135538678
GMC Terrain,2020,46702,24990,21643.57627118644,59,3,2-4,40-60k,0.4044365827273108
BMW  Series,2013,40675,20590,25277.301587301587,126,10,8-10,40-60k,-0.15038808924245464
Ford Escape,2018,49198,17990,19376.448,125,5,4-6,40-60k,-0.47823903177004334
Kia Sedona,2016,97729,17990,19804.285714285714,14,7,6-8,80-100k,-0.47823903177004334
Ford Escape,2018,54730,18990,19376.448,125,5,4-6,40-60k,-0.35214251541327846
Nissan Altima,2014,28929,17990,19293.97340425532,188,9,8-10,20-40k,-0.47823903177004334
Dodge Dart,2016,73420,14990,15032.105263157895,19,7,6-8,60-80k,-0.856528580840338
Volkswagen Jetta,2015,67070,14990,17068.442477876106,113,8,6-8,60-80k,-0.856528580840338
Kia Soul,2016,96594,13590,17106.064516129034,124,7,6-8,80-100k,-1.0330637037398087
Kia Sportage,2019,48038,20590,20804.091954022988,87,4,2-4,40-60k,-0.15038808924245464
Ford Fusion,2018,47655,19990,18113.032,125,5,4-6,40-60k,-0.22604599905651357
Honda CR-V,2015,80572,19590,21022.757009345794,107,8,6-8,80-100k,-0.2764846055992195
Dodge Grand Caravan Passenger,2019,83595,17990,18365.342465753423,73,4,2-4,80-100k,-0.47823903177004334
MAZDA MAZDA,2015,72394,16590,17840.6338028169,142,8,6-8,60-80k,-0.6547741546695142
Kia Optima,2020,52919,19990,17867.048076923078,104,3,2-4,40-60k,-0.22604599905651357
Toyota Highlander,2013,71540,23590,26813.875,24,10,8-10,60-80k,0.22790145982784
Chevrolet Trax,2019,48475,18590,18076.951219512193,82,4,2-4,40-60k,-0.4025811219559844
Jeep Cherokee,2017,63762,18590,21467.63829787234,141,6,4-6,60-80k,-0.4025811219559844
Nissan JUKE,2012,68386,14990,16066.190476190477,21,11,10-15,60-80k,-0.856528580840338
Toyota Camry,2017,60916,21990,20721.41134751773,141,6,4-6,60-80k,0.026147033657016195
Nissan Altima,2018,43159,18990,19293.97340425532,188,5,4-6,40-60k,-0.35214251541327846
Hyundai Accent,2019,59959,16990,15905.254237288136,59,4,2-4,40-60k,-0.6043355481268082
MAZDA MAZDA,2013,87069,13990,17840.6338028169,142,10,8-10,80-100k,-0.9826250971971029
MAZDA MAZDA,2012,89513,12590,17840.6338028169,142,11,10-15,80-100k,-1.1591602200965736
Hyundai Sonata,2011,20252,16590,16759.738562091505,153,12,10-15,20-40k,-0.6547741546695142
Honda HR-V,2020,27974,24990,22338.0,43,3,2-4,20-40k,0.4044365827273108
Ford Fiesta,2014,45314,12990,14645.737704918032,61,9,8-10,40-60k,-1.1087216135538678
Hyundai Elantra,2016,67984,14590,17041.33846153846,195,7,6-8,60-80k,-0.9069671873830439
Buick Verano,2016,9425,20590,16710.0,15,7,6-8,0-20k,-0.15038808924245464
Ford Edge,2013,42380,21590,20629.243243243243,74,10,8-10,40-60k,-0.02429157288568976
Toyota RAV,2015,65211,19990,23160.708333333332,72,8,6-8,60-80k,-0.22604599905651357
Chrysler,2015,27534,17590,20993.80612244898,98,8,6-8,20-40k,-0.5286776383127493
Toyota Camry,2015,43723,19590,20721.41134751773,141,8,6-8,40-60k,-0.2764846055992195
Ford EcoSport,2021,5838,21990,19908.256756756757,74,2,0-2,0-20k,0.026147033657016195
Cadillac ATS,2018,57116,24590,22034.444444444445,18,5,4-6,40-60k,0.3539979761846049
MINI Paceman,2014,52495,16990,16110.0,5,9,8-10,40-60k,-0.6043355481268082
Toyota Corolla,2021,35411,21590,18560.486988847584,269,2,0-2,20-40k,-0.02429157288568976
Ford Escape,2020,22130,24590,19376.448,125,3,2-4,20-40k,0.3539979761846049
Ford EcoSport,2020,29035,19990,19908.256756756757,74,3,2-4,20-40k,-0.22604599905651357
Honda Accord,2015,58203,19590,20338.34351145038,131,8,6-8,40-60k,-0.2764846055992195
Hyundai Ioniq Hybrid,2020,52492,23990,23423.333333333332,6,3,2-4,40-60k,0.278340066370546
Toyota Camry,2012,87005,15590,20721.41134751773,141,11,10-15,80-100k,-0.780870671026279
Nissan Murano,2020,46715,23990,23491.560606060608,66,3,2-4,40-60k,0.278340066370546
Acura MDX,2012,59727,21590,23334.444444444445,18,11,10-15,40-60k,-0.02429157288568976
Nissan Altima,2020,49991,23990,19293.97340425532,188,3,2-4,40-60k,0.278340066370546
Volkswagen Tiguan Limited,2017,58386,17990,18865.0,8,6,4-6,40-60k,-0.47823903177004334
Chevrolet Cruze Limited,2016,70276,13990,14818.57142857143,14,7,6-8,60-80k,-0.9826250971971029
MAZDA CX-,2012,100785,15990,23001.7,140,11,10-15,100-130k,-0.7304320644835731
Nissan Altima,2016,78293,15590,19293.97340425532,188,7,6-8,60-80k,-0.780870671026279
Honda HR-V,2017,72170,20990,22338.0,43,6,4-6,60-80k,-0.09994948269974868
MAZDA MAZDA,2018,47099,19990,17840.6338028169,142,5,4-6,40-60k,-0.22604599905651357
Chevrolet Malibu,2019,46897,21990,19288.927536231884,69,4,2-4,40-60k,0.026147033657016195
Honda Accord,2018,76320,24990,20338.34351145038,131,5,4-6,60-80k,0.4044365827273108
Toyota Camry,2014,75178,16590,20721.41134751773,141,9,8-10,60-80k,-0.6547741546695142
Kia Sorento,2021,54654,24990,21217.59405940594,101,2,0-2,40-60k,0.4044365827273108
Volkswagen Golf GTI,2015,48213,23590,23106.129032258064,31,8,6-8,40-60k,0.22790145982784
Jeep Cherokee,2014,51074,21590,21467.63829787234,141,9,8-10,40-60k,-0.02429157288568976
BMW  Series,2015,51554,20990,25277.301587301587,126,8,6-8,40-60k,-0.09994948269974868
Jeep Compass,2016,90990,16590,20590.543103448275,116,7,6-8,80-100k,-0.6547741546695142
Jeep Cherokee,2018,61595,20590,21467.63829787234,141,5,4-6,60-80k,-0.15038808924245464
Mitsubishi Outlander Sport,2021,37022,20990,18771.48148148148,54,2,0-2,20-40k,-0.09994948269974868
Volkswagen Jetta,2012,101840,12590,17068.442477876106,113,11,10-15,100-130k,-1.1591602200965736
Chevrolet Equinox,2017,97549,15990,19319.105263157893,171,6,4-6,80-100k,-0.7304320644835731
Volkswagen Jetta,2017,93513,14990,17068.442477876106,113,6,4-6,80-100k,-0.856528580840338
Toyota Prius v,2012,99840,16590,19140.0,12,11,10-15,80-100k,-0.6547741546695142
Kia Sportage,2017,82140,16590,20804.091954022988,87,6,4-6,80-100k,-0.6547741546695142
Volkswagen Tiguan,2014,64169,16990,20451.456140350878,57,9,8-10,60-80k,-0.6043355481268082
Chevrolet Spark,2020,30693,16590,15980.290909090909,55,3,2-4,20-40k,-0.6547741546695142
Chevrolet Trax,2015,97821,14590,18076.951219512193,82,8,6-8,80-100k,-0.9069671873830439
Dodge Journey,2020,21885,22990,19075.328125,64,3,2-4,20-40k,0.15224355001378106
Toyota Corolla,2012,66400,15590,18560.486988847584,269,11,10-15,60-80k,-0.780870671026279
Toyota Avalon,2016,52544,23990,23526.363636363636,22,7,6-8,40-60k,0.278340066370546
MINI Hardtop,2013,59179,14990,16547.14285714286,14,10,8-10,40-60k,-0.856528580840338
Volkswagen Jetta,2014,69402,13990,17068.442477876106,113,9,8-10,60-80k,-0.9826250971971029
Jeep Compass,2019,67676,20590,20590.543103448275,116,4,2-4,60-80k,-0.15038808924245464
MAZDA MAZDA,2014,35964,19590,17840.6338028169,142,9,8-10,20-40k,-0.2764846055992195
MAZDA MAZDA,2014,90521,15990,17840.6338028169,142,9,8-10,80-100k,-0.7304320644835731
Toyota RAV,2016,57296,21590,23160.708333333332,72,7,6-8,40-60k,-0.02429157288568976
Honda Civic,2016,60847,20590,18925.32380952381,210,7,6-8,60-80k,-0.15038808924245464
Toyota Corolla,2016,42557,17990,18560.486988847584,269,7,6-8,40-60k,-0.47823903177004334
MAZDA MAZDA,2014,104133,15990,17840.6338028169,142,9,8-10,100-130k,-0.7304320644835731
Chevrolet Cruze,2018,23055,19590,15992.5,80,5,4-6,20-40k,-0.2764846055992195
Mercedes-Benz GLC,2016,67252,24990,31190.0,12,7,6-8,60-80k,0.4044365827273108
Chevrolet Malibu,2019,29626,24590,19288.927536231884,69,4,2-4,20-40k,0.3539979761846049
Honda HR-V,2016,52780,20990,22338.0,43,7,6-8,40-60k,-0.09994948269974868
INFINITI QX,2017,51299,22590,26679.234375,64,6,4-6,40-60k,0.10180494347107512
MINI Countryman,2018,68617,22990,19147.14285714286,42,5,4-6,60-80k,0.15224355001378106
Chevrolet Equinox,2020,52012,22590,19319.105263157893,171,3,2-4,40-60k,0.10180494347107512
Chevrolet Colorado Crew Cab,2016,91960,24990,29220.76923076923,13,7,6-8,80-100k,0.4044365827273108
Hyundai Santa Fe Sport,2017,71145,18990,18512.222222222223,36,6,4-6,60-80k,-0.35214251541327846
Nissan Altima,2020,48601,19990,19293.97340425532,188,3,2-4,40-60k,-0.22604599905651357
Ford EcoSport,2018,55747,18590,19908.256756756757,74,5,4-6,40-60k,-0.4025811219559844
Mercedes-Benz E-Class,2014,75337,20990,24882.30769230769,26,9,8-10,60-80k,-0.09994948269974868
Kia Soul,2016,100861,13590,17106.064516129034,124,7,6-8,100-130k,-1.0330637037398087
Ford Flex,2014,61735,22590,23264.36,25,9,8-10,60-80k,0.10180494347107512
Buick Encore,2016,66847,16590,18820.149425287356,87,7,6-8,60-80k,-0.6547741546695142
Chrysler Pacifica,2017,91696,19990,26151.657142857144,35,6,4-6,80-100k,-0.22604599905651357
Jeep Compass,2021,55093,21990,20590.543103448275,116,2,0-2,40-60k,0.026147033657016195
Toyota RAV,2011,101109,17590,23160.708333333332,72,12,10-15,100-130k,-0.5286776383127493
Nissan Rogue Sport,2017,49562,22590,20399.048387096773,62,6,4-6,40-60k,0.10180494347107512
Hyundai Kona,2018,45337,19990,22149.1,30,5,4-6,40-60k,-0.22604599905651357
Volkswagen Golf GTI,2016,47259,24590,23106.129032258064,31,7,6-8,40-60k,0.3539979761846049
smart fortwo,2013,28703,14990,13970.0,10,10,8-10,20-40k,-0.856528580840338
Chrysler Pacifica,2019,81607,22990,26151.657142857144,35,4,2-4,80-100k,0.15224355001378106
Kia Sportage,2017,84333,16990,20804.091954022988,87,6,4-6,80-100k,-0.6043355481268082
Nissan LEAF,2013,25860,14590,19142.63157894737,38,10,8-10,20-40k,-0.9069671873830439
Ford Fiesta,2015,99415,12590,14645.737704918032,61,8,6-8,80-100k,-1.1591602200965736
Nissan Versa,2022,2946,21590,15995.263157894737,95,1,0-2,0-20k,-0.02429157288568976
Hyundai Kona,2019,52845,19990,22149.1,30,4,2-4,40-60k,-0.22604599905651357
Jeep Cherokee,2021,46102,27990,21467.63829787234,141,2,0-2,40-60k,0.7827261317976055
Ford F SuperCrew Cab,2020,70783,30990,40704.71428571428,14,3,2-4,60-80k,1.1610156808679002
Volkswagen Passat,2016,71695,17590,18311.052631578947,76,7,6-8,60-80k,-0.5286776383127493
Ford Fiesta,2016,16395,15990,14645.737704918032,61,7,6-8,0-20k,-0.7304320644835731
Jeep Cherokee,2016,44757,18990,21467.63829787234,141,7,6-8,40-60k,-0.35214251541327846
Ford Bronco Sport,2021,22458,31590,34074.625,16,2,0-2,20-40k,1.236673590681959
MINI Countryman,2013,68777,16590,19147.14285714286,42,10,8-10,60-80k,-0.6547741546695142
Nissan Altima,2019,38914,22990,19293.97340425532,188,4,2-4,20-40k,0.15224355001378106
Ford Expedition,2017,87040,24990,31170.0,6,6,4-6,80-100k,0.4044365827273108
Honda Accord,2020,58097,26990,20338.34351145038,131,3,2-4,40-60k,0.6566296154408406
Chevrolet Silverado  Crew Cab,2021,7315,43590,38677.5,16,2,0-2,0-20k,2.7498317869631377
Nissan Sentra,2019,64510,16990,17151.21551724138,116,4,2-4,60-80k,-0.6043355481268082
Toyota RAV,2017,65634,21990,23160.708333333332,72,6,4-6,60-80k,0.026147033657016195
Honda Accord,2019,37659,24990,20338.34351145038,131,4,2-4,20-40k,0.4044365827273108
Volkswagen Golf,2013,75264,16990,17881.666666666668,24,10,8-10,60-80k,-0.6043355481268082
Ford EcoSport,2019,40827,19990,19908.256756756757,74,4,2-4,40-60k,-0.22604599905651357
Chevrolet Suburban,2019,54843,57590,47890.0,4,4,2-4,40-60k,4.515183015957846
Acura TL,2011,56095,17990,17412.222222222223,9,12,10-15,40-60k,-0.47823903177004334
Dodge Journey,2018,62942,19590,19075.328125,64,5,4-6,60-80k,-0.2764846055992195
Toyota Prius,2011,93851,15590,19496.666666666668,60,12,10-15,80-100k,-0.780870671026279
Kia Optima,2020,58492,19590,17867.048076923078,104,3,2-4,40-60k,-0.2764846055992195
Nissan Versa,2015,70935,12990,15995.263157894737,95,8,6-8,60-80k,-1.1087216135538678
Nissan Versa,2018,54443,14590,15995.263157894737,95,5,4-6,40-60k,-0.9069671873830439
Nissan Sentra,2014,52649,13990,17151.21551724138,116,9,8-10,40-60k,-0.9826250971971029
Ford Escape,2016,80570,17590,19376.448,125,7,6-8,80-100k,-0.5286776383127493
Nissan Armada,2020,59237,36990,30834.555555555555,9,3,2-4,40-60k,1.9175947790084895
Scion iM,2016,53823,17990,16440.0,8,7,6-8,40-60k,-0.47823903177004334
GMC Terrain,2018,53896,25590,21643.57627118644,59,5,4-6,40-60k,0.48009449254136977
Toyota Corolla,2011,85428,13990,18560.486988847584,269,12,10-15,80-100k,-0.9826250971971029
Chrysler Pacifica,2017,67409,23590,26151.657142857144,35,6,4-6,60-80k,0.22790145982784
Nissan LEAF,2016,24636,16990,19142.63157894737,38,7,6-8,20-40k,-0.6043355481268082
Nissan Rogue,2019,73980,21990,20382.880165289258,242,4,2-4,60-80k,0.026147033657016195
Ford Explorer,2018,51501,25990,24112.425531914894,47,5,4-6,40-60k,0.5305330990840758
Nissan Pathfinder,2017,72205,18990,22727.11111111111,36,6,4-6,60-80k,-0.35214251541327846
Buick Encore,2018,71237,16990,18820.149425287356,87,5,4-6,60-80k,-0.6043355481268082
Nissan Sentra,2019,56436,17590,17151.21551724138,116,4,2-4,40-60k,-0.5286776383127493
Land Rover Range Rover Evoque,2020,45924,35590,30034.444444444445,9,3,2-4,40-60k,1.7410596561090186
Honda HR-V,2017,40031,20990,22338.0,43,6,4-6,40-60k,-0.09994948269974868
Ford Mustang,2020,48546,30990,25856.117647058825,102,3,2-4,40-60k,1.1610156808679002
Toyota RAV,2018,52917,23990,23160.708333333332,72,5,4-6,40-60k,0.278340066370546
Cadillac ATS,2017,65575,21590,22034.444444444445,18,6,4-6,60-80k,-0.02429157288568976
Nissan Rogue Sport,2018,57212,18990,20399.048387096773,62,5,4-6,40-60k,-0.35214251541327846
Lincoln MKS,2013,75518,16590,17230.0,5,10,8-10,60-80k,-0.6547741546695142
Jeep Compass,2021,56052,21990,20590.543103448275,116,2,0-2,40-60k,0.026147033657016195
BMW  Series,2020,70735,27990,25277.301587301587,126,3,2-4,60-80k,0.7827261317976055
Buick Encore,2016,41432,18990,18820.149425287356,87,7,6-8,40-60k,-0.35214251541327846
Volkswagen Passat,2013,98653,13990,18311.052631578947,76,10,8-10,80-100k,-0.9826250971971029
Lexus LC,2018,11612,73590,73590.0,1,5,4-6,0-20k,6.532727277666084
Ford Fusion,2018,101916,17590,18113.032,125,5,4-6,100-130k,-0.5286776383127493
MAZDA MAZDA,2013,37418,17590,17840.6338028169,142,10,8-10,20-40k,-0.5286776383127493
Land Rover LR,2016,86617,31590,30790.0,2,7,6-8,80-100k,1.236673590681959
Jeep Renegade,2018,8242,24590,20176.3661971831,71,5,4-6,0-20k,0.3539979761846049
MAZDA MX- Miata,2013,41244,20990,22241.28205128205,39,10,8-10,40-60k,-0.09994948269974868
Hyundai Genesis,2015,55232,26590,21735.454545454544,11,8,6-8,40-60k,0.6061910088981346
Toyota Corolla,2013,90831,14590,18560.486988847584,269,10,8-10,80-100k,-0.9069671873830439
Jeep Compass,2021,55698,21990,20590.543103448275,116,2,0-2,40-60k,0.026147033657016195
Nissan Rogue,2016,47859,18990,20382.880165289258,242,7,6-8,40-60k,-0.35214251541327846
Mitsubishi Outlander Sport,2021,34953,21990,18771.48148148148,54,2,0-2,20-40k,0.026147033657016195
Chevrolet Malibu,2017,92893,15990,19288.927536231884,69,6,4-6,80-100k,-0.7304320644835731
Jeep Cherokee,2019,41870,26990,21467.63829787234,141,4,2-4,40-60k,0.6566296154408406
Chevrolet Volt,2014,67845,16590,18150.0,25,9,8-10,60-80k,-0.6547741546695142
GMC Terrain,2017,71520,18590,21643.57627118644,59,6,4-6,60-80k,-0.4025811219559844
Toyota Sequoia,2019,64705,38990,49656.666666666664,3,4,2-4,60-80k,2.1697878117220193
Nissan Rogue,2020,50865,22590,20382.880165289258,242,3,2-4,40-60k,0.10180494347107512
Ford Fusion,2010,54056,13990,18113.032,125,13,10-15,40-60k,-0.9826250971971029
INFINITI M,2011,101430,16590,18790.0,2,12,10-15,100-130k,-0.6547741546695142
Toyota Corolla,2016,90735,16990,18560.486988847584,269,7,6-8,80-100k,-0.6043355481268082
Dodge Charger,2020,55902,31990,27191.571428571428,35,3,2-4,40-60k,1.287112197224665
MAZDA MAZDA,2019,20893,23590,17840.6338028169,142,4,2-4,20-40k,0.22790145982784
Land Rover Range Rover Velar,2020,51752,43990,44490.0,2,3,2-4,40-60k,2.8002703935058437
Chevrolet Cruze,2015,48056,15990,15992.5,80,8,6-8,40-60k,-0.7304320644835731
Toyota Sienna,2013,93792,20990,31905.78947368421,38,10,8-10,80-100k,-0.09994948269974868
INFINITI QX,2018,49067,28990,26679.234375,64,5,4-6,40-60k,0.9088226481543704
Chevrolet Equinox,2017,76464,16990,19319.105263157893,171,6,4-6,60-80k,-0.6043355481268082
MINI Countryman,2014,33376,19990,19147.14285714286,42,9,8-10,20-40k,-0.22604599905651357
Toyota Corolla,2020,5741,23990,18560.486988847584,269,3,2-4,0-20k,0.278340066370546
Hyundai Tucson,2020,43236,23990,20007.2,70,3,2-4,40-60k,0.278340066370546
Volkswagen Beetle,2014,67346,19990,20275.0,40,9,8-10,60-80k,-0.22604599905651357
Nissan Rogue Sport,2020,51080,20590,20399.048387096773,62,3,2-4,40-60k,-0.15038808924245464
Chevrolet Volt,2011,14818,17990,18150.0,25,12,10-15,0-20k,-0.47823903177004334
Hyundai Elantra,2015,52832,14990,17041.33846153846,195,8,6-8,40-60k,-0.856528580840338
Dodge Grand Caravan Passenger,2018,78986,16990,18365.342465753423,73,5,4-6,60-80k,-0.6043355481268082
Hyundai Accent,2018,74059,15590,15905.254237288136,59,5,4-6,60-80k,-0.780870671026279
Toyota Sienna,2017,82530,23990,31905.78947368421,38,6,4-6,80-100k,0.278340066370546
MINI Hardtop  Door,2016,72708,17590,20638.64864864865,37,7,6-8,60-80k,-0.5286776383127493
Ford Fusion,2020,55289,20590,18113.032,125,3,2-4,40-60k,-0.15038808924245464
Nissan Rogue,2016,71417,16590,20382.880165289258,242,7,6-8,60-80k,-0.6547741546695142
Mercedes-Benz CLA,2016,59506,24590,25608.18181818182,11,7,6-8,40-60k,0.3539979761846049
Toyota Corolla,2020,51664,19990,18560.486988847584,269,3,2-4,40-60k,-0.22604599905651357
Mercedes-Benz C-Class,2016,78180,21990,25064.074074074073,27,7,6-8,60-80k,0.026147033657016195
Nissan Rogue,2015,30611,18990,20382.880165289258,242,8,6-8,20-40k,-0.35214251541327846
Mitsubishi Outlander,2016,49400,19990,20020.0,20,7,6-8,40-60k,-0.22604599905651357
Toyota Yaris,2012,101575,12990,16685.238095238095,21,11,10-15,100-130k,-1.1087216135538678
Kia Sportage,2019,30059,22990,20804.091954022988,87,4,2-4,20-40k,0.15224355001378106
Honda Civic,2012,105085,13990,18925.32380952381,210,11,10-15,100-130k,-0.9826250971971029
Hyundai Elantra,2016,53847,14990,17041.33846153846,195,7,6-8,40-60k,-0.856528580840338
MAZDA CX-,2021,35156,21990,23001.7,140,2,0-2,20-40k,0.026147033657016195
Volkswagen Passat,2013,64263,14590,18311.052631578947,76,10,8-10,60-80k,-0.9069671873830439
Volkswagen Passat,2013,102321,12990,18311.052631578947,76,10,8-10,100-130k,-1.1087216135538678
Cadillac ATS,2017,43257,24590,22034.444444444445,18,6,4-6,40-60k,0.3539979761846049
Hyundai Sonata,2018,56075,19990,16759.738562091505,153,5,4-6,40-60k,-0.22604599905651357
MAZDA MAZDA,2019,26985,24590,17840.6338028169,142,4,2-4,20-40k,0.3539979761846049
Jeep Grand Cherokee,2017,52652,23990,23092.367346938776,49,6,4-6,40-60k,0.278340066370546
Toyota Corolla,2013,94274,14590,18560.486988847584,269,10,8-10,80-100k,-0.9069671873830439
Toyota Camry,2017,38389,21590,20721.41134751773,141,6,4-6,20-40k,-0.02429157288568976
Kia Sorento,2020,57041,22990,21217.59405940594,101,3,2-4,40-60k,0.15224355001378106
Buick Encore,2018,73755,17590,18820.149425287356,87,5,4-6,60-80k,-0.5286776383127493
Scion iM,2016,70283,16590,16440.0,8,7,6-8,60-80k,-0.6547741546695142
Hyundai Elantra,2015,50525,15590,17041.33846153846,195,8,6-8,40-60k,-0.780870671026279
Chevrolet Trax,2015,49104,16590,18076.951219512193,82,8,6-8,40-60k,-0.6547741546695142
Ford Escape,2018,53484,18990,19376.448,125,5,4-6,40-60k,-0.35214251541327846
Kia Sorento,2020,56090,24990,21217.59405940594,101,3,2-4,40-60k,0.4044365827273108
Acura RDX,2013,98020,17590,24947.275862068964,29,10,8-10,80-100k,-0.5286776383127493
BMW i,2014,43885,17990,20447.894736842107,38,9,8-10,40-60k,-0.47823903177004334
Kia Soul,2013,43563,13990,17106.064516129034,124,10,8-10,40-60k,-0.9826250971971029
MAZDA CX-,2021,41213,21990,23001.7,140,2,0-2,40-60k,0.026147033657016195
Nissan Kicks,2020,47122,19590,19809.626373626375,91,3,2-4,40-60k,-0.2764846055992195
FIAT,2013,52054,12990,14531.935483870968,31,10,8-10,40-60k,-1.1087216135538678
GMC Terrain,2018,43259,22590,21643.57627118644,59,5,4-6,40-60k,0.10180494347107512
Honda Fit,2012,104716,12990,17112.222222222223,54,11,10-15,100-130k,-1.1087216135538678
Jeep Cherokee,2014,63509,16990,21467.63829787234,141,9,8-10,60-80k,-0.6043355481268082
Chevrolet Spark,2013,62195,14590,15980.290909090909,55,10,8-10,60-80k,-0.9069671873830439
Ford Edge,2014,98882,14990,20629.243243243243,74,9,8-10,80-100k,-0.856528580840338
Kia Sportage,2017,17350,21990,20804.091954022988,87,6,4-6,0-20k,0.026147033657016195
Nissan Maxima,2016,47176,22590,24153.521739130436,23,7,6-8,40-60k,0.10180494347107512
Ford Mustang,2019,48112,24590,25856.117647058825,102,4,2-4,40-60k,0.3539979761846049
Chrysler,2015,37976,18990,20993.80612244898,98,8,6-8,20-40k,-0.35214251541327846
Nissan Sentra,2019,19606,19990,17151.21551724138,116,4,2-4,0-20k,-0.22604599905651357
Scion xD,2014,59543,14590,13750.0,5,9,8-10,40-60k,-0.9069671873830439
MAZDA MAZDA,2014,72027,16990,17840.6338028169,142,9,8-10,60-80k,-0.6043355481268082
Subaru Forester,2018,41454,24590,20446.25,32,5,4-6,40-60k,0.3539979761846049
Chrysler,2014,97670,12990,20993.80612244898,98,9,8-10,80-100k,-1.1087216135538678
Ford Mustang,2020,59304,23990,25856.117647058825,102,3,2-4,40-60k,0.278340066370546
Toyota Corolla,2020,49092,19990,18560.486988847584,269,3,2-4,40-60k,-0.22604599905651357
Toyota Corolla,2020,51874,19990,18560.486988847584,269,3,2-4,40-60k,-0.22604599905651357
Toyota Prius,2017,56794,23590,19496.666666666668,60,6,4-6,40-60k,0.22790145982784
Jeep Renegade,2018,47440,21990,20176.3661971831,71,5,4-6,40-60k,0.026147033657016195
Toyota Corolla,2018,20699,21990,18560.486988847584,269,5,4-6,20-40k,0.026147033657016195
Kia Optima,2015,69463,16990,17867.048076923078,104,8,6-8,60-80k,-0.6043355481268082
MINI Countryman,2019,57167,22990,19147.14285714286,42,4,2-4,40-60k,0.15224355001378106
Dodge Grand Caravan Passenger,2019,77304,19590,18365.342465753423,73,4,2-4,60-80k,-0.2764846055992195
Volkswagen Jetta,2014,50263,13990,17068.442477876106,113,9,8-10,40-60k,-0.9826250971971029
Jeep Cherokee,2019,43530,23990,21467.63829787234,141,4,2-4,40-60k,0.278340066370546
Toyota Prius c,2014,89152,16590,17890.0,16,9,8-10,80-100k,-0.6547741546695142
MAZDA CX-,2018,46858,22990,23001.7,140,5,4-6,40-60k,0.15224355001378106
Hyundai Elantra,2017,35156,19990,17041.33846153846,195,6,4-6,20-40k,-0.22604599905651357
MINI Countryman,2013,73609,15990,19147.14285714286,42,10,8-10,60-80k,-0.7304320644835731
Chevrolet Equinox,2019,64383,20590,19319.105263157893,171,4,2-4,60-80k,-0.15038808924245464
BMW  Series,2012,71145,18990,25277.301587301587,126,11,10-15,60-80k,-0.35214251541327846
Ford Fiesta,2016,53286,12990,14645.737704918032,61,7,6-8,40-60k,-1.1087216135538678
Honda Civic,2015,91716,16990,18925.32380952381,210,8,6-8,80-100k,-0.6043355481268082
Nissan JUKE,2015,63518,16590,16066.190476190477,21,8,6-8,60-80k,-0.6547741546695142
Honda HR-V,2018,37485,24590,22338.0,43,5,4-6,20-40k,0.3539979761846049
Buick Encore,2016,50410,16990,18820.149425287356,87,7,6-8,40-60k,-0.6043355481268082
Chevrolet Impala Limited,2014,33037,18590,17290.0,2,9,8-10,20-40k,-0.4025811219559844
Hyundai Elantra,2021,36610,22590,17041.33846153846,195,2,0-2,20-40k,0.10180494347107512
Nissan Rogue,2020,54120,20990,20382.880165289258,242,3,2-4,40-60k,-0.09994948269974868
Nissan Altima,2020,47339,19990,19293.97340425532,188,3,2-4,40-60k,-0.22604599905651357
Acura MDX,2014,92011,20590,23334.444444444445,18,9,8-10,80-100k,-0.15038808924245464
Jeep Cherokee,2019,48700,21990,21467.63829787234,141,4,2-4,40-60k,0.026147033657016195
Chevrolet Spark EV,2016,42959,15590,15332.857142857143,14,7,6-8,40-60k,-0.780870671026279
Nissan Kicks,2019,27691,19990,19809.626373626375,91,4,2-4,20-40k,-0.22604599905651357
Jeep Compass,2020,47480,21990,20590.543103448275,116,3,2-4,40-60k,0.026147033657016195
Chevrolet Equinox,2020,53475,21590,19319.105263157893,171,3,2-4,40-60k,-0.02429157288568976
Toyota Prius v,2013,61097,19990,19140.0,12,10,8-10,60-80k,-0.22604599905651357
Hyundai Tucson,2015,22736,18990,20007.2,70,8,6-8,20-40k,-0.35214251541327846
Ford Mustang,2020,47926,24990,25856.117647058825,102,3,2-4,40-60k,0.4044365827273108
Nissan JUKE,2016,83024,15590,16066.190476190477,21,7,6-8,80-100k,-0.780870671026279
Nissan Rogue Sport,2020,50468,18990,20399.048387096773,62,3,2-4,40-60k,-0.35214251541327846
BMW i,2014,62264,18590,20447.894736842107,38,9,8-10,60-80k,-0.4025811219559844
Nissan Pathfinder,2018,54814,23590,22727.11111111111,36,5,4-6,40-60k,0.22790145982784
Chevrolet Camaro,2017,36515,23990,26673.675324675325,77,6,4-6,20-40k,0.278340066370546
Toyota Yaris,2013,73768,14990,16685.238095238095,21,10,8-10,60-80k,-0.856528580840338
Ford Escape,2018,69295,16990,19376.448,125,5,4-6,60-80k,-0.6043355481268082
Hyundai Elantra,2018,22863,18590,17041.33846153846,195,5,4-6,20-40k,-0.4025811219559844
Jeep Cherokee,2019,59198,21990,21467.63829787234,141,4,2-4,40-60k,0.026147033657016195
Nissan Maxima,2017,55286,23590,24153.521739130436,23,6,4-6,40-60k,0.22790145982784
Chevrolet Spark,2019,40726,15990,15980.290909090909,55,4,2-4,40-60k,-0.7304320644835731
Kia Niro,2019,56201,22990,23530.0,10,4,2-4,40-60k,0.15224355001378106
Chevrolet Equinox,2019,56544,19990,19319.105263157893,171,4,2-4,40-60k,-0.22604599905651357
Nissan Versa,2018,81279,13990,15995.263157894737,95,5,4-6,80-100k,-0.9826250971971029
MAZDA MAZDA,2016,63620,18590,17840.6338028169,142,7,6-8,60-80k,-0.4025811219559844
Ford EcoSport,2020,47318,19590,19908.256756756757,74,3,2-4,40-60k,-0.2764846055992195
Honda Civic,2012,79162,14990,18925.32380952381,210,11,10-15,60-80k,-0.856528580840338
Kia Soul,2015,83655,12990,17106.064516129034,124,8,6-8,80-100k,-1.1087216135538678
Mercedes-Benz C-Class,2017,67132,24990,25064.074074074073,27,6,4-6,60-80k,0.4044365827273108
Chevrolet Silverado  Double Cab,2020,43297,33990,31525.333333333332,9,3,2-4,40-60k,1.5393052299381949
Chevrolet Sonic,2019,29605,17590,14630.90909090909,44,4,2-4,20-40k,-0.5286776383127493
BMW  Series,2019,48988,31990,25277.301587301587,126,4,2-4,40-60k,1.287112197224665
Toyota RAV,2013,101466,17990,23160.708333333332,72,10,8-10,100-130k,-0.47823903177004334
MINI Countryman,2014,32732,19990,19147.14285714286,42,9,8-10,20-40k,-0.22604599905651357
Nissan Armada,2020,63440,28990,30834.555555555555,9,3,2-4,60-80k,0.9088226481543704
Ford Mustang,2020,60633,26590,25856.117647058825,102,3,2-4,60-80k,0.6061910088981346
Honda Civic,2015,15014,19990,18925.32380952381,210,8,6-8,0-20k,-0.22604599905651357
Ford Mustang,2020,48957,30990,25856.117647058825,102,3,2-4,40-60k,1.1610156808679002
Buick Regal,2014,29317,17990,18630.0,10,9,8-10,20-40k,-0.47823903177004334
Ford Fiesta,2018,37812,16590,14645.737704918032,61,5,4-6,20-40k,-0.6547741546695142
Cadillac XT,2020,47665,31990,29830.0,10,3,2-4,40-60k,1.287112197224665
Ford Focus,2017,78990,14590,14996.451612903225,93,6,4-6,60-80k,-0.9069671873830439
Kia Soul,2015,94621,13590,17106.064516129034,124,8,6-8,80-100k,-1.0330637037398087
Nissan Sentra,2020,20571,22990,17151.21551724138,116,3,2-4,20-40k,0.15224355001378106
MAZDA CX-,2016,48846,22990,23001.7,140,7,6-8,40-60k,0.15224355001378106
BMW X,2016,60615,23990,28257.918032786885,61,7,6-8,60-80k,0.278340066370546
Kia Forte,2016,49781,14990,17017.92156862745,102,7,6-8,40-60k,-0.856528580840338
Chrysler Town & Country,2015,69412,18990,17956.666666666668,24,8,6-8,60-80k,-0.35214251541327846
MAZDA CX-,2016,90281,21990,23001.7,140,7,6-8,80-100k,0.026147033657016195
Dodge Dart,2015,92051,13990,15032.105263157895,19,8,6-8,80-100k,-0.9826250971971029
Toyota C-HR,2019,39206,23590,23407.366666666665,30,4,2-4,20-40k,0.22790145982784
Audi A,2015,35974,21990,24272.608695652172,46,8,6-8,20-40k,0.026147033657016195
Toyota Highlander,2020,46616,34990,26813.875,24,3,2-4,40-60k,1.6654017462949597
Kia Soul,2016,57848,14990,17106.064516129034,124,7,6-8,40-60k,-0.856528580840338
Toyota Camry,2015,74279,18590,20721.41134751773,141,8,6-8,60-80k,-0.4025811219559844
FIAT X,2016,49222,16990,17755.217391304348,23,7,6-8,40-60k,-0.6043355481268082
BMW X,2014,53465,23590,28257.918032786885,61,9,8-10,40-60k,0.22790145982784
Kia Optima,2018,86647,15990,17867.048076923078,104,5,4-6,80-100k,-0.7304320644835731
Hyundai Sonata,2012,46437,15590,16759.738562091505,153,11,10-15,40-60k,-0.780870671026279
Honda CR-V,2019,70073,27590,21022.757009345794,107,4,2-4,60-80k,0.7322875252548995
Hyundai Elantra,2019,5147,18990,17041.33846153846,195,4,2-4,0-20k,-0.35214251541327846
INFINITI QX,2018,50044,26990,26679.234375,64,5,4-6,40-60k,0.6566296154408406
Chevrolet Impala Limited,2014,47720,15990,17290.0,2,9,8-10,40-60k,-0.7304320644835731
Ford Fusion,2014,48876,16590,18113.032,125,9,8-10,40-60k,-0.6547741546695142
Ford Edge,2011,85951,15590,20629.243243243243,74,12,10-15,80-100k,-0.780870671026279
BMW  Series,2014,66640,21990,25277.301587301587,126,9,8-10,60-80k,0.026147033657016195
Kia Soul,2013,84493,13990,17106.064516129034,124,10,8-10,80-100k,-0.9826250971971029
Jeep Cherokee,2019,32368,22590,21467.63829787234,141,4,2-4,20-40k,0.10180494347107512
Kia Forte,2017,100335,13590,17017.92156862745,102,6,4-6,100-130k,-1.0330637037398087
Kia Soul,2011,33806,14990,17106.064516129034,124,12,10-15,20-40k,-0.856528580840338
Kia Telluride,2022,658,45590,46723.333333333336,3,1,0-2,0-20k,3.0020248196766675
Jeep Compass,2021,50638,21990,20590.543103448275,116,2,0-2,40-60k,0.026147033657016195
Mercedes-Benz SL-Class,2014,67714,36990,43423.333333333336,6,9,8-10,60-80k,1.9175947790084895
Dodge Journey,2020,21534,22990,19075.328125,64,3,2-4,20-40k,0.15224355001378106
Honda Fit,2010,56714,13990,17112.222222222223,54,13,10-15,40-60k,-0.9826250971971029
Chevrolet Spark EV,2015,40086,14590,15332.857142857143,14,8,6-8,40-60k,-0.9069671873830439
Acura RDX,2015,80270,18990,24947.275862068964,29,8,6-8,80-100k,-0.35214251541327846
GMC Acadia,2020,57219,27990,26526.174603174604,63,3,2-4,40-60k,0.7827261317976055
Chevrolet Trax,2017,40080,18590,18076.951219512193,82,6,4-6,40-60k,-0.4025811219559844
Dodge Durango,2020,53659,30990,29047.85714285714,14,3,2-4,40-60k,1.1610156808679002
Chevrolet Volt,2014,80009,14990,18150.0,25,9,8-10,80-100k,-0.856528580840338
Chevrolet Spark,2017,48901,14590,15980.290909090909,55,6,4-6,40-60k,-0.9069671873830439
INFINITI Q,2016,92617,21990,25347.133333333335,30,7,6-8,80-100k,0.026147033657016195
Buick Enclave,2018,53389,27590,25804.4,25,5,4-6,40-60k,0.7322875252548995
Mercedes-Benz GLE,2020,33788,47990,43510.0,5,3,2-4,20-40k,3.3046564589329033
Kia Forte,2019,48627,18990,17017.92156862745,102,4,2-4,40-60k,-0.35214251541327846
Acura TLX,2016,80529,19990,22612.222222222223,9,7,6-8,80-100k,-0.22604599905651357
Nissan Rogue,2017,81589,17590,20382.880165289258,242,6,4-6,80-100k,-0.5286776383127493
Honda Accord,2012,72541,14990,20338.34351145038,131,11,10-15,60-80k,-0.856528580840338
Ford Fusion,2014,64898,15590,18113.032,125,9,8-10,60-80k,-0.780870671026279
Dodge Journey,2017,24838,22590,19075.328125,64,6,4-6,20-40k,0.10180494347107512
Kia Soul,2014,25415,16590,17106.064516129034,124,9,8-10,20-40k,-0.6547741546695142
INFINITI Q,2018,41702,33990,25347.133333333335,30,5,4-6,40-60k,1.5393052299381949
Honda HR-V,2016,12212,23590,22338.0,43,7,6-8,0-20k,0.22790145982784
Toyota Camry,2018,52830,26990,20721.41134751773,141,5,4-6,40-60k,0.6566296154408406
Chevrolet Trax,2019,25228,19990,18076.951219512193,82,4,2-4,20-40k,-0.22604599905651357
Honda Insight,2019,41666,24990,25270.0,10,4,2-4,40-60k,0.4044365827273108
Mitsubishi Outlander Sport,2020,62730,18990,18771.48148148148,54,3,2-4,60-80k,-0.35214251541327846
Chrysler,2021,46258,27990,20993.80612244898,98,2,0-2,40-60k,0.7827261317976055
INFINITI QX,2018,51284,27990,26679.234375,64,5,4-6,40-60k,0.7827261317976055
MAZDA MAZDA,2012,38232,14990,17840.6338028169,142,11,10-15,20-40k,-0.856528580840338
Kia Sedona,2016,101387,16590,19804.285714285714,14,7,6-8,100-130k,-0.6547741546695142
Toyota Venza,2014,69207,18990,24836.1,10,9,8-10,60-80k,-0.35214251541327846
Nissan Rogue,2020,60568,20990,20382.880165289258,242,3,2-4,60-80k,-0.09994948269974868
MINI Hardtop  Door,2015,10989,22990,20638.64864864865,37,8,6-8,0-20k,0.15224355001378106
Buick Encore,2018,49032,19990,18820.149425287356,87,5,4-6,40-60k,-0.22604599905651357
Toyota C-HR,2018,46611,21990,23407.366666666665,30,5,4-6,40-60k,0.026147033657016195
Honda Fit,2010,100884,12990,17112.222222222223,54,13,10-15,100-130k,-1.1087216135538678
BMW  Series,2011,67927,19990,25277.301587301587,126,12,10-15,60-80k,-0.22604599905651357
Chrysler,2015,66052,16590,20993.80612244898,98,8,6-8,60-80k,-0.6547741546695142
Ford Fusion,2020,43909,20990,18113.032,125,3,2-4,40-60k,-0.09994948269974868
Toyota Tundra Double Cab,2011,90581,23990,30193.25,4,12,10-15,80-100k,0.278340066370546
Nissan Altima,2016,68592,15990,19293.97340425532,188,7,6-8,60-80k,-0.7304320644835731
smart fortwo electric drive,2018,17276,15990,15123.333333333334,6,5,4-6,0-20k,-0.7304320644835731
Kia Optima,2017,82856,15990,17867.048076923078,104,6,4-6,80-100k,-0.7304320644835731
MAZDA CX-,2020,55576,23990,23001.7,140,3,2-4,40-60k,0.278340066370546
Mitsubishi Outlander Sport,2016,82236,15590,18771.48148148148,54,7,6-8,80-100k,-0.780870671026279
MAZDA MX- Miata,2009,23646,18990,22241.28205128205,39,14,10-15,20-40k,-0.35214251541327846
Chevrolet Malibu,2020,53590,20990,19288.927536231884,69,3,2-4,40-60k,-0.09994948269974868
BMW i,2017,32763,22990,20447.894736842107,38,6,4-6,20-40k,0.15224355001378106
Nissan Sentra,2013,91054,12990,17151.21551724138,116,10,8-10,80-100k,-1.1087216135538678
Toyota Sienna,2011,103883,19990,31905.78947368421,38,12,10-15,100-130k,-0.22604599905651357
Buick Encore GX,2021,45678,21990,23802.85714285714,14,2,0-2,40-60k,0.026147033657016195
Buick Cascada,2019,47328,24590,24790.0,4,4,2-4,40-60k,0.3539979761846049
Ford Taurus,2014,32703,18590,17145.555555555555,18,9,8-10,20-40k,-0.4025811219559844
Chevrolet Sonic,2020,60808,16990,14630.90909090909,44,3,2-4,60-80k,-0.6043355481268082
Chevrolet Spark,2017,62327,13590,15980.290909090909,55,6,4-6,60-80k,-1.0330637037398087
Toyota Yaris,2014,85072,15590,16685.238095238095,21,9,8-10,80-100k,-0.780870671026279
Volvo XC,2015,90660,18990,27782.0,25,8,6-8,80-100k,-0.35214251541327846
Toyota Prius,2013,82407,16990,19496.666666666668,60,10,8-10,80-100k,-0.6043355481268082
Volkswagen Tiguan,2020,45395,22590,20451.456140350878,57,3,2-4,40-60k,0.10180494347107512
Hyundai Venue,2022,7989,24590,21417.8,20,1,0-2,0-20k,0.3539979761846049
MAZDA MAZDA,2017,91317,17990,17840.6338028169,142,6,4-6,80-100k,-0.47823903177004334
Mitsubishi Outlander Sport,2015,91259,14590,18771.48148148148,54,8,6-8,80-100k,-0.9069671873830439
Chevrolet Sonic,2017,69462,13990,14630.90909090909,44,6,4-6,60-80k,-0.9826250971971029
MAZDA MX- Miata,2012,45618,20590,22241.28205128205,39,11,10-15,40-60k,-0.15038808924245464
INFINITI QX,2017,66742,23590,26679.234375,64,6,4-6,60-80k,0.22790145982784
Nissan Versa,2018,66144,14990,15995.263157894737,95,5,4-6,60-80k,-0.856528580840338
Mitsubishi i-MiEV,2012,47844,11990,11990.0,1,11,10-15,40-60k,-1.2348181299106327
Chevrolet Traverse,2017,104054,18590,27964.304347826088,46,6,4-6,100-130k,-0.4025811219559844
Nissan Rogue,2010,100745,12590,20382.880165289258,242,13,10-15,100-130k,-1.1591602200965736
GMC Terrain,2016,73559,16990,21643.57627118644,59,7,6-8,60-80k,-0.6043355481268082
FIAT,2013,64310,14990,14531.935483870968,31,10,8-10,60-80k,-0.856528580840338
Chevrolet Impala,2011,50635,13990,20195.8,40,12,10-15,40-60k,-0.9826250971971029
Chevrolet Equinox,2018,47786,21590,19319.105263157893,171,5,4-6,40-60k,-0.02429157288568976
MINI Countryman,2014,84399,15990,19147.14285714286,42,9,8-10,80-100k,-0.7304320644835731
MINI Clubman,2016,64459,18590,20763.333333333332,15,7,6-8,60-80k,-0.4025811219559844
Volkswagen Beetle,2013,60031,20990,20275.0,40,10,8-10,60-80k,-0.09994948269974868
Kia Soul,2022,21789,21990,17106.064516129034,124,1,0-2,20-40k,0.026147033657016195
Kia Soul,2022,16495,22990,17106.064516129034,124,1,0-2,0-20k,0.15224355001378106
Nissan Kicks,2018,43820,19590,19809.626373626375,91,5,4-6,40-60k,-0.2764846055992195
Chrysler Town & Country,2016,61731,19990,17956.666666666668,24,7,6-8,60-80k,-0.22604599905651357
Ford Fusion Energi,2017,78195,18590,21670.0,5,6,4-6,60-80k,-0.4025811219559844
MAZDA MAZDA,2016,38730,20990,17840.6338028169,142,7,6-8,20-40k,-0.09994948269974868
Kia Soul,2021,45527,19990,17106.064516129034,124,2,0-2,40-60k,-0.22604599905651357
Nissan Versa,2016,73464,13990,15995.263157894737,95,7,6-8,60-80k,-0.9826250971971029
Kia Forte,2021,42804,18990,17017.92156862745,102,2,0-2,40-60k,-0.35214251541327846
Kia Soul,2021,41333,20590,17106.064516129034,124,2,0-2,40-60k,-0.15038808924245464
Nissan Sentra,2022,12250,22990,17151.21551724138,116,1,0-2,0-20k,0.15224355001378106
Kia Soul,2019,46291,18590,17106.064516129034,124,4,2-4,40-60k,-0.4025811219559844
MINI Hardtop  Door,2016,60649,16990,20638.64864864865,37,7,6-8,60-80k,-0.6043355481268082
Mercedes-Benz C-Class,2015,41697,23990,25064.074074074073,27,8,6-8,40-60k,0.278340066370546
Toyota Corolla,2021,9136,24590,18560.486988847584,269,2,0-2,0-20k,0.3539979761846049
Hyundai Sonata,2011,50547,14990,16759.738562091505,153,12,10-15,40-60k,-0.856528580840338
Kia Soul,2022,21965,21590,17106.064516129034,124,1,0-2,20-40k,-0.02429157288568976
Buick Encore,2019,48773,19990,18820.149425287356,87,4,2-4,40-60k,-0.22604599905651357
Chevrolet Cruze,2018,39969,18590,15992.5,80,5,4-6,20-40k,-0.4025811219559844
Toyota Corolla,2019,25258,20590,18560.486988847584,269,4,2-4,20-40k,-0.15038808924245464
Kia Forte,2017,77259,14990,17017.92156862745,102,6,4-6,60-80k,-0.856528580840338
Volkswagen Passat,2014,63127,17990,18311.052631578947,76,9,8-10,60-80k,-0.47823903177004334
Subaru Outback,2016,89597,19990,25362.21153846154,52,7,6-8,80-100k,-0.22604599905651357
FIAT X,2016,33651,17990,17755.217391304348,23,7,6-8,20-40k,-0.47823903177004334
Kia Soul,2021,37973,20590,17106.064516129034,124,2,0-2,20-40k,-0.15038808924245464
Kia Sportage,2018,53442,19990,20804.091954022988,87,5,4-6,40-60k,-0.22604599905651357
Kia Forte,2015,57470,13990,17017.92156862745,102,8,6-8,40-60k,-0.9826250971971029
Honda Civic,2015,65644,16590,18925.32380952381,210,8,6-8,60-80k,-0.6547741546695142
Dodge Grand Caravan Passenger,2019,84921,18990,18365.342465753423,73,4,2-4,80-100k,-0.35214251541327846
Toyota Tacoma Access Cab,2010,88976,18990,26430.0,5,13,10-15,80-100k,-0.35214251541327846
Jeep Compass,2020,51052,23990,20590.543103448275,116,3,2-4,40-60k,0.278340066370546
Ford Escape,2018,34717,19590,19376.448,125,5,4-6,20-40k,-0.2764846055992195
Honda HR-V,2017,82319,18990,22338.0,43,6,4-6,80-100k,-0.35214251541327846
Nissan Versa,2021,40388,17590,15995.263157894737,95,2,0-2,40-60k,-0.5286776383127493
GMC Acadia,2016,83599,20590,26526.174603174604,63,7,6-8,80-100k,-0.15038808924245464
Toyota Corolla,2020,50731,19990,18560.486988847584,269,3,2-4,40-60k,-0.22604599905651357
Acura RDX,2013,100526,16590,24947.275862068964,29,10,8-10,100-130k,-0.6547741546695142
Chevrolet Impala,2020,60250,21590,20195.8,40,3,2-4,60-80k,-0.02429157288568976
GMC Terrain,2016,98236,16590,21643.57627118644,59,7,6-8,80-100k,-0.6547741546695142
MAZDA CX-,2021,35947,21990,23001.7,140,2,0-2,20-40k,0.026147033657016195
Nissan Versa,2019,65022,15990,15995.263157894737,95,4,2-4,60-80k,-0.7304320644835731
Dodge Dart,2015,81862,13990,15032.105263157895,19,8,6-8,80-100k,-0.9826250971971029
Toyota Corolla,2014,101417,14990,18560.486988847584,269,9,8-10,100-130k,-0.856528580840338
Subaru Ascent,2021,44815,31590,31908.2,5,2,0-2,40-60k,1.236673590681959
Dodge Journey,2018,50642,22590,19075.328125,64,5,4-6,40-60k,0.10180494347107512
Toyota Tacoma Double Cab,2017,43411,36590,33790.0,28,6,4-6,40-60k,1.8671561724657835
Chevrolet Malibu,2014,43266,16590,19288.927536231884,69,9,8-10,40-60k,-0.6547741546695142
Toyota Sienna,2019,74508,28590,31905.78947368421,38,4,2-4,60-80k,0.8583840416116644
Dodge Charger,2021,35565,29990,27191.571428571428,35,2,0-2,20-40k,1.0349191645111353
INFINITI QX,2018,47831,27590,26679.234375,64,5,4-6,40-60k,0.7322875252548995
Volkswagen Golf,2018,68408,18990,17881.666666666668,24,5,4-6,60-80k,-0.35214251541327846
Toyota Prius,2012,93229,15990,19496.666666666668,60,11,10-15,80-100k,-0.7304320644835731
Chevrolet Malibu,2019,83616,17990,19288.927536231884,69,4,2-4,80-100k,-0.47823903177004334
Ford Edge,2013,70510,15990,20629.243243243243,74,10,8-10,60-80k,-0.7304320644835731
Chevrolet Impala,2019,53898,21990,20195.8,40,4,2-4,40-60k,0.026147033657016195
Buick Encore GX,2021,37518,23590,23802.85714285714,14,2,0-2,20-40k,0.22790145982784
Toyota Camry,2019,57575,22990,20721.41134751773,141,4,2-4,40-60k,0.15224355001378106
GMC Yukon,2012,99628,22590,29710.0,5,11,10-15,80-100k,0.10180494347107512
MINI Countryman,2012,98038,14990,19147.14285714286,42,11,10-15,80-100k,-0.856528580840338
Ford Mustang,2012,35404,19990,25856.117647058825,102,11,10-15,20-40k,-0.22604599905651357
MAZDA CX-,2018,30750,20990,23001.7,140,5,4-6,20-40k,-0.09994948269974868
Hyundai Santa Fe,2014,46514,20590,23761.17391304348,46,9,8-10,40-60k,-0.15038808924245464
Chevrolet Spark,2020,54433,16590,15980.290909090909,55,3,2-4,40-60k,-0.6547741546695142
Jeep Compass,2021,48064,21990,20590.543103448275,116,2,0-2,40-60k,0.026147033657016195
Mercedes-Benz M-Class,2012,54220,23590,24550.0,5,11,10-15,40-60k,0.22790145982784
Chevrolet Cruze,2014,71106,13990,15992.5,80,9,8-10,60-80k,-0.9826250971971029
Kia Optima,2017,75590,19590,17867.048076923078,104,6,4-6,60-80k,-0.2764846055992195
Toyota Corolla,2021,41562,20990,18560.486988847584,269,2,0-2,40-60k,-0.09994948269974868
Toyota Corolla,2015,83293,15590,18560.486988847584,269,8,6-8,80-100k,-0.780870671026279
BMW i,2014,34896,18590,20447.894736842107,38,9,8-10,20-40k,-0.4025811219559844
Hyundai Sonata,2018,28248,19990,16759.738562091505,153,5,4-6,20-40k,-0.22604599905651357
Acura ILX,2017,44239,21590,19567.777777777777,9,6,4-6,40-60k,-0.02429157288568976
Dodge Journey,2018,46842,19990,19075.328125,64,5,4-6,40-60k,-0.22604599905651357
MAZDA MAZDA,2013,62148,14590,17840.6338028169,142,10,8-10,60-80k,-0.9069671873830439
Hyundai Sonata,2012,52678,14590,16759.738562091505,153,11,10-15,40-60k,-0.9069671873830439
Volkswagen Beetle,2013,19708,24590,20275.0,40,10,8-10,0-20k,0.3539979761846049
Chevrolet Spark,2014,58987,13990,15980.290909090909,55,9,8-10,40-60k,-0.9826250971971029
Mitsubishi Outlander Sport,2021,31809,22590,18771.48148148148,54,2,0-2,20-40k,0.10180494347107512
Jeep Compass,2019,47661,24990,20590.543103448275,116,4,2-4,40-60k,0.4044365827273108
Toyota Camry,2019,59231,21990,20721.41134751773,141,4,2-4,40-60k,0.026147033657016195
Honda Accord,2019,56652,22990,20338.34351145038,131,4,2-4,40-60k,0.15224355001378106
Ford Escape,2018,42503,23590,19376.448,125,5,4-6,40-60k,0.22790145982784
Toyota Corolla,2020,54616,19990,18560.486988847584,269,3,2-4,40-60k,-0.22604599905651357
Nissan Rogue,2019,50777,21590,20382.880165289258,242,4,2-4,40-60k,-0.02429157288568976
Nissan Sentra,2018,94402,15590,17151.21551724138,116,5,4-6,80-100k,-0.780870671026279
Nissan Sentra,2019,30225,17990,17151.21551724138,116,4,2-4,20-40k,-0.47823903177004334
Jeep Patriot,2017,46725,18990,16252.5,48,6,4-6,40-60k,-0.35214251541327846
Nissan Rogue Sport,2021,43218,20990,20399.048387096773,62,2,0-2,40-60k,-0.09994948269974868
Kia Cadenza,2014,40198,18590,20765.0,8,9,8-10,40-60k,-0.4025811219559844
Chevrolet Trax,2019,4128,23990,18076.951219512193,82,4,2-4,0-20k,0.278340066370546
Chevrolet Equinox,2013,75084,15590,19319.105263157893,171,10,8-10,60-80k,-0.780870671026279
Toyota Tacoma Double Cab,2014,53145,29990,33790.0,28,9,8-10,40-60k,1.0349191645111353
Chrysler,2016,52211,24990,20993.80612244898,98,7,6-8,40-60k,0.4044365827273108
Ford EcoSport,2018,52466,17990,19908.256756756757,74,5,4-6,40-60k,-0.47823903177004334
Ford Edge,2013,92633,16590,20629.243243243243,74,10,8-10,80-100k,-0.6547741546695142
Volkswagen Tiguan,2018,44322,21990,20451.456140350878,57,5,4-6,40-60k,0.026147033657016195
Ford Mustang,2015,34442,23990,25856.117647058825,102,8,6-8,20-40k,0.278340066370546
Dodge Dart,2015,55908,15590,15032.105263157895,19,8,6-8,40-60k,-0.780870671026279
Ford EcoSport,2020,7112,20590,19908.256756756757,74,3,2-4,0-20k,-0.15038808924245464
Chevrolet Colorado Extended Cab,2018,42485,23590,25523.333333333332,3,5,4-6,40-60k,0.22790145982784
Ford EcoSport,2021,44906,19590,19908.256756756757,74,2,0-2,40-60k,-0.2764846055992195
Honda CR-V,2020,48632,30590,21022.757009345794,107,3,2-4,40-60k,1.1105770743251941
Kia Soul,2015,97320,13590,17106.064516129034,124,8,6-8,80-100k,-1.0330637037398087
Subaru Outback,2016,55564,22590,25362.21153846154,52,7,6-8,40-60k,0.10180494347107512
Chevrolet Suburban,2019,65338,41990,47890.0,4,4,2-4,60-80k,2.548077360792314
Volkswagen Beetle,2013,99258,15990,20275.0,40,10,8-10,80-100k,-0.7304320644835731
Land Rover LR,2014,59860,29990,30790.0,2,9,8-10,40-60k,1.0349191645111353
Volkswagen Golf GTI,2017,28391,24990,23106.129032258064,31,6,4-6,20-40k,0.4044365827273108
Subaru Outback,2018,51562,23590,25362.21153846154,52,5,4-6,40-60k,0.22790145982784
Ford Focus,2014,85766,12990,14996.451612903225,93,9,8-10,80-100k,-1.1087216135538678
Hyundai Elantra,2016,82556,14990,17041.33846153846,195,7,6-8,80-100k,-0.856528580840338
GMC Acadia,2012,70628,18990,26526.174603174604,63,11,10-15,60-80k,-0.35214251541327846
Jeep Wrangler Unlimited,2020,49527,34590,35153.86666666667,15,3,2-4,40-60k,1.6149631397522537
Scion tC,2014,81250,16990,17480.909090909092,11,9,8-10,80-100k,-0.6043355481268082
Buick Encore,2015,56531,17990,18820.149425287356,87,8,6-8,40-60k,-0.47823903177004334
Nissan Kicks,2019,50471,18990,19809.626373626375,91,4,2-4,40-60k,-0.35214251541327846
BMW  Series,2017,31725,24990,25277.301587301587,126,6,4-6,20-40k,0.4044365827273108
Chevrolet Silverado  Double Cab,2020,61904,34590,31525.333333333332,9,3,2-4,60-80k,1.6149631397522537
Lincoln MKC,2016,87359,17990,23724.125,24,7,6-8,80-100k,-0.47823903177004334
Jeep Grand Cherokee,2012,100021,16590,23092.367346938776,49,11,10-15,100-130k,-0.6547741546695142
Buick LaCrosse,2015,51097,18990,18705.78947368421,19,8,6-8,40-60k,-0.35214251541327846
Toyota Corolla,2015,69509,16990,18560.486988847584,269,8,6-8,60-80k,-0.6043355481268082
Jeep Compass,2018,48100,22990,20590.543103448275,116,5,4-6,40-60k,0.15224355001378106
Nissan Maxima,2016,61680,21590,24153.521739130436,23,7,6-8,60-80k,-0.02429157288568976
Volkswagen Tiguan,2012,92363,13990,20451.456140350878,57,11,10-15,80-100k,-0.9826250971971029
MINI Convertible,2013,45658,17990,21253.157894736843,19,10,8-10,40-60k,-0.47823903177004334
Subaru Outback,2013,63447,19990,25362.21153846154,52,10,8-10,60-80k,-0.22604599905651357
Kia Forte,2021,18251,21990,17017.92156862745,102,2,0-2,0-20k,0.026147033657016195
Hyundai Elantra,2016,58645,15990,17041.33846153846,195,7,6-8,40-60k,-0.7304320644835731
Nissan LEAF,2017,24817,18990,19142.63157894737,38,6,4-6,20-40k,-0.35214251541327846
Jeep Renegade,2021,24331,22990,20176.3661971831,71,2,0-2,20-40k,0.15224355001378106
Toyota Corolla,2017,40302,18990,18560.486988847584,269,6,4-6,40-60k,-0.35214251541327846
Hyundai Tucson,2017,79466,16990,20007.2,70,6,4-6,60-80k,-0.6043355481268082
Nissan Altima,2020,70994,18990,19293.97340425532,188,3,2-4,60-80k,-0.35214251541327846
Kia Sorento,2017,99414,16990,21217.59405940594,101,6,4-6,80-100k,-0.6043355481268082
MAZDA CX-,2020,47703,23990,23001.7,140,3,2-4,40-60k,0.278340066370546
Dodge Journey,2016,56417,17990,19075.328125,64,7,6-8,40-60k,-0.47823903177004334
Nissan Kicks,2021,27242,20590,19809.626373626375,91,2,0-2,20-40k,-0.15038808924245464
Kia Sportage,2018,64228,22990,20804.091954022988,87,5,4-6,60-80k,0.15224355001378106
Ford Edge,2020,49175,23990,20629.243243243243,74,3,2-4,40-60k,0.278340066370546
Kia Sportage,2022,29235,24590,20804.091954022988,87,1,0-2,20-40k,0.3539979761846049
Chrysler,2015,76605,15590,20993.80612244898,98,8,6-8,60-80k,-0.780870671026279
Jeep Grand Cherokee,2013,89211,20990,23092.367346938776,49,10,8-10,80-100k,-0.09994948269974868
Jeep Compass,2011,100201,13590,20590.543103448275,116,12,10-15,100-130k,-1.0330637037398087
Dodge Journey,2016,61799,18990,19075.328125,64,7,6-8,60-80k,-0.35214251541327846
Chrysler,2013,64970,14590,20993.80612244898,98,10,8-10,60-80k,-0.9069671873830439
Kia Soul,2021,24825,19990,17106.064516129034,124,2,0-2,20-40k,-0.22604599905651357
Hyundai Elantra,2017,23208,19590,17041.33846153846,195,6,4-6,20-40k,-0.2764846055992195
Nissan Altima,2020,47229,20590,19293.97340425532,188,3,2-4,40-60k,-0.15038808924245464
Toyota Corolla,2018,25333,21990,18560.486988847584,269,5,4-6,20-40k,0.026147033657016195
Volkswagen Routan,2012,93442,14590,14590.0,1,11,10-15,80-100k,-0.9069671873830439
Nissan Versa,2016,56267,13990,15995.263157894737,95,7,6-8,40-60k,-0.9826250971971029
Hyundai Elantra,2018,93081,14990,17041.33846153846,195,5,4-6,80-100k,-0.856528580840338
Volkswagen Eos,2013,72019,16990,18390.0,4,10,8-10,60-80k,-0.6043355481268082
MAZDA MAZDA,2016,53827,17990,17840.6338028169,142,7,6-8,40-60k,-0.47823903177004334
Honda HR-V,2021,5972,24990,22338.0,43,2,0-2,0-20k,0.4044365827273108
Hyundai Sonata,2022,22773,23990,16759.738562091505,153,1,0-2,20-40k,0.278340066370546
Volkswagen Tiguan,2013,88986,14990,20451.456140350878,57,10,8-10,80-100k,-0.856528580840338
Honda Civic,2015,20844,19590,18925.32380952381,210,8,6-8,20-40k,-0.2764846055992195
Ford Edge,2014,78033,17990,20629.243243243243,74,9,8-10,60-80k,-0.47823903177004334
Mitsubishi Outlander Sport,2020,46808,19990,18771.48148148148,54,3,2-4,40-60k,-0.22604599905651357
Subaru Outback,2015,49287,23990,25362.21153846154,52,8,6-8,40-60k,0.278340066370546
Buick LaCrosse,2012,32624,18590,18705.78947368421,19,11,10-15,20-40k,-0.4025811219559844
Honda CR-V,2015,82996,19990,21022.757009345794,107,8,6-8,80-100k,-0.22604599905651357
Kia Forte,2021,43028,20590,17017.92156862745,102,2,0-2,40-60k,-0.15038808924245464
Kia Sportage,2020,50979,20990,20804.091954022988,87,3,2-4,40-60k,-0.09994948269974868
GMC Terrain,2018,102965,19590,21643.57627118644,59,5,4-6,100-130k,-0.2764846055992195
Hyundai Ioniq Hybrid,2018,52368,24990,23423.333333333332,6,5,4-6,40-60k,0.4044365827273108
Volkswagen Golf SportWagen,2016,82487,15590,20065.0,8,7,6-8,80-100k,-0.780870671026279
Nissan Rogue,2018,49667,22590,20382.880165289258,242,5,4-6,40-60k,0.10180494347107512
Hyundai Elantra,2017,27256,18990,17041.33846153846,195,6,4-6,20-40k,-0.35214251541327846
Toyota Prius,2010,96125,14990,19496.666666666668,60,13,10-15,80-100k,-0.856528580840338
Mercedes-Benz C-Class,2015,70885,22990,25064.074074074073,27,8,6-8,60-80k,0.15224355001378106
Honda Civic,2012,60857,14990,18925.32380952381,210,11,10-15,60-80k,-0.856528580840338
Jeep Cherokee,2015,78418,16590,21467.63829787234,141,8,6-8,60-80k,-0.6547741546695142
Volkswagen Jetta,2018,54466,19590,17068.442477876106,113,5,4-6,40-60k,-0.2764846055992195
Honda Accord,2016,57597,20990,20338.34351145038,131,7,6-8,40-60k,-0.09994948269974868
Volkswagen Golf GTI,2017,51528,24990,23106.129032258064,31,6,4-6,40-60k,0.4044365827273108
Nissan Rogue,2018,86997,18590,20382.880165289258,242,5,4-6,80-100k,-0.4025811219559844
Honda HR-V,2020,52636,21590,22338.0,43,3,2-4,40-60k,-0.02429157288568976
Acura RDX,2017,90190,20990,24947.275862068964,29,6,4-6,80-100k,-0.09994948269974868
Chevrolet Equinox,2019,47238,20990,19319.105263157893,171,4,2-4,40-60k,-0.09994948269974868
Ford Fusion,2020,5152,23990,18113.032,125,3,2-4,0-20k,0.278340066370546
Nissan Kicks,2020,47278,18990,19809.626373626375,91,3,2-4,40-60k,-0.35214251541327846
Chevrolet Equinox,2018,44530,20990,19319.105263157893,171,5,4-6,40-60k,-0.09994948269974868
Toyota RAV,2013,61566,19990,23160.708333333332,72,10,8-10,60-80k,-0.22604599905651357
FIAT,2015,62622,12990,14531.935483870968,31,8,6-8,60-80k,-1.1087216135538678
Ford Edge,2014,75470,17590,20629.243243243243,74,9,8-10,60-80k,-0.5286776383127493
MAZDA MAZDA,2016,62793,17590,17840.6338028169,142,7,6-8,60-80k,-0.5286776383127493
Volkswagen Jetta,2014,45155,15990,17068.442477876106,113,9,8-10,40-60k,-0.7304320644835731
Hyundai Elantra,2020,40609,19990,17041.33846153846,195,3,2-4,40-60k,-0.22604599905651357
Mercedes-Benz CLA-Class,2014,63275,22990,23256.666666666668,6,9,8-10,60-80k,0.15224355001378106
Ford EcoSport,2018,48487,18590,19908.256756756757,74,5,4-6,40-60k,-0.4025811219559844
Chevrolet Cruze Limited,2016,71086,14990,14818.57142857143,14,7,6-8,60-80k,-0.856528580840338
Jeep Cherokee,2017,24018,21590,21467.63829787234,141,6,4-6,20-40k,-0.02429157288568976
Nissan Kicks,2020,41030,21990,19809.626373626375,91,3,2-4,40-60k,0.026147033657016195
Jeep Cherokee,2014,61987,16990,21467.63829787234,141,9,8-10,60-80k,-0.6043355481268082
BMW  Series,2014,75733,18990,25277.301587301587,126,9,8-10,60-80k,-0.35214251541327846
Nissan Rogue,2015,78947,16990,20382.880165289258,242,8,6-8,60-80k,-0.6043355481268082
Nissan Rogue,2017,84971,16990,20382.880165289258,242,6,4-6,80-100k,-0.6043355481268082
Ford Escape,2018,44761,23590,19376.448,125,5,4-6,40-60k,0.22790145982784
Dodge Journey,2017,87308,15990,19075.328125,64,6,4-6,80-100k,-0.7304320644835731
Toyota Corolla,2020,46894,19990,18560.486988847584,269,3,2-4,40-60k,-0.22604599905651357
Kia Optima,2020,37605,20990,17867.048076923078,104,3,2-4,20-40k,-0.09994948269974868
Audi S,2010,66615,21590,26030.0,5,13,10-15,60-80k,-0.02429157288568976
Chevrolet Sonic,2018,91934,14590,14630.90909090909,44,5,4-6,80-100k,-0.9069671873830439
Ford Fusion,2014,56979,16990,18113.032,125,9,8-10,40-60k,-0.6043355481268082
Mercedes-Benz GLA,2016,65061,23590,28110.0,10,7,6-8,60-80k,0.22790145982784
Cadillac CTS,2012,31800,19590,22603.333333333332,15,11,10-15,20-40k,-0.2764846055992195
Ford Edge,2020,49498,24990,20629.243243243243,74,3,2-4,40-60k,0.4044365827273108
GMC Acadia Limited,2017,99975,21990,21790.0,2,6,4-6,80-100k,0.026147033657016195
Dodge Journey,2015,58676,18990,19075.328125,64,8,6-8,40-60k,-0.35214251541327846
BMW i,2015,39917,20590,20447.894736842107,38,8,6-8,20-40k,-0.15038808924245464
Nissan Murano,2020,49741,23990,23491.560606060608,66,3,2-4,40-60k,0.278340066370546
Chevrolet Cruze Limited,2016,60311,15590,14818.57142857143,14,7,6-8,60-80k,-0.780870671026279
MAZDA CX-,2018,50247,23590,23001.7,140,5,4-6,40-60k,0.22790145982784
Cadillac SRX,2013,72160,18990,20345.555555555555,9,10,8-10,60-80k,-0.35214251541327846
Chevrolet Volt,2017,93096,17990,18150.0,25,6,4-6,80-100k,-0.47823903177004334
Kia Forte,2016,86238,13590,17017.92156862745,102,7,6-8,80-100k,-1.0330637037398087
Ford Focus,2014,56546,15990,14996.451612903225,93,9,8-10,40-60k,-0.7304320644835731
Ford EcoSport,2020,7926,20990,19908.256756756757,74,3,2-4,0-20k,-0.09994948269974868
Volkswagen Golf GTI,2016,99843,18990,23106.129032258064,31,7,6-8,80-100k,-0.35214251541327846
Chrysler Town & Country,2014,84724,16990,17956.666666666668,24,9,8-10,80-100k,-0.6043355481268082
Toyota Highlander,2012,73667,21990,26813.875,24,11,10-15,60-80k,0.026147033657016195
FIAT,2013,65555,14990,14531.935483870968,31,10,8-10,60-80k,-0.856528580840338
Ford Escape,2018,51241,20990,19376.448,125,5,4-6,40-60k,-0.09994948269974868
Buick Encore,2016,70384,15990,18820.149425287356,87,7,6-8,60-80k,-0.7304320644835731
Jeep Compass,2018,41327,23590,20590.543103448275,116,5,4-6,40-60k,0.22790145982784
Nissan JUKE,2013,55052,16990,16066.190476190477,21,10,8-10,40-60k,-0.6043355481268082
Hyundai Sonata,2021,47052,21990,16759.738562091505,153,2,0-2,40-60k,0.026147033657016195
Subaru Outback,2016,79019,20590,25362.21153846154,52,7,6-8,60-80k,-0.15038808924245464
MAZDA CX-,2019,44858,22990,23001.7,140,4,2-4,40-60k,0.15224355001378106
Ford Fiesta,2018,22156,15590,14645.737704918032,61,5,4-6,20-40k,-0.780870671026279
Hyundai Elantra GT,2018,48345,18990,16761.428571428572,7,5,4-6,40-60k,-0.35214251541327846
Dodge Charger,2019,81399,23590,27191.571428571428,35,4,2-4,80-100k,0.22790145982784
Ford Fiesta,2019,51357,15990,14645.737704918032,61,4,2-4,40-60k,-0.7304320644835731
Mitsubishi Outlander Sport,2020,54573,19990,18771.48148148148,54,3,2-4,40-60k,-0.22604599905651357
Toyota Camry,2014,75365,16990,20721.41134751773,141,9,8-10,60-80k,-0.6043355481268082
INFINITI QX,2014,90137,18990,26679.234375,64,9,8-10,80-100k,-0.35214251541327846
Chevrolet Spark EV,2014,29247,16590,15332.857142857143,14,9,8-10,20-40k,-0.6547741546695142
Volkswagen Tiguan,2017,90141,16990,20451.456140350878,57,6,4-6,80-100k,-0.6043355481268082
INFINITI QX,2017,57058,23590,26679.234375,64,6,4-6,40-60k,0.22790145982784
Chrysler Town & Country,2014,71071,19990,17956.666666666668,24,9,8-10,60-80k,-0.22604599905651357
Honda Civic,2021,37337,24990,18925.32380952381,210,2,0-2,20-40k,0.4044365827273108
Chevrolet Equinox,2013,88289,15990,19319.105263157893,171,10,8-10,80-100k,-0.7304320644835731
Ford Explorer,2017,90169,23590,24112.425531914894,47,6,4-6,80-100k,0.22790145982784
Chevrolet Volt,2013,87065,14990,18150.0,25,10,8-10,80-100k,-0.856528580840338
Nissan Rogue,2017,70446,19990,20382.880165289258,242,6,4-6,60-80k,-0.22604599905651357
Mercedes-Benz CLK-Class,2009,31136,20990,19990.0,3,14,10-15,20-40k,-0.09994948269974868
Nissan Rogue,2015,32671,21990,20382.880165289258,242,8,6-8,20-40k,0.026147033657016195
Volkswagen Golf,2019,53739,20590,17881.666666666668,24,4,2-4,40-60k,-0.15038808924245464
GMC Yukon XL,2014,91032,22990,30495.0,2,9,8-10,80-100k,0.15224355001378106
Kia Rio,2022,14904,21590,16682.0,35,1,0-2,0-20k,-0.02429157288568976
Honda Accord,2019,39459,24990,20338.34351145038,131,4,2-4,20-40k,0.4044365827273108
Hyundai Genesis,2016,83086,22590,21735.454545454544,11,7,6-8,80-100k,0.10180494347107512
smart fortwo electric drive,2015,33727,13590,15123.333333333334,6,8,6-8,20-40k,-1.0330637037398087
GMC Terrain,2020,52389,23990,21643.57627118644,59,3,2-4,40-60k,0.278340066370546
MAZDA CX-,2018,56086,23590,23001.7,140,5,4-6,40-60k,0.22790145982784
Ford EcoSport,2019,35695,20590,19908.256756756757,74,4,2-4,20-40k,-0.15038808924245464
Subaru Legacy,2019,68129,20590,20081.428571428572,21,4,2-4,60-80k,-0.15038808924245464
Audi A,2013,52499,23590,24272.608695652172,46,10,8-10,40-60k,0.22790145982784
Jeep Cherokee,2019,43095,24590,21467.63829787234,141,4,2-4,40-60k,0.3539979761846049
Kia Soul,2022,35176,20990,17106.064516129034,124,1,0-2,20-40k,-0.09994948269974868
Buick Encore,2014,20631,21590,18820.149425287356,87,9,8-10,20-40k,-0.02429157288568976
Nissan Versa,2022,13915,20590,15995.263157894737,95,1,0-2,0-20k,-0.15038808924245464
Honda CR-V,2012,76068,17990,21022.757009345794,107,11,10-15,60-80k,-0.47823903177004334
Subaru Impreza,2016,13543,21590,19643.23076923077,26,7,6-8,0-20k,-0.02429157288568976
Jeep Grand Cherokee,2014,91465,19590,23092.367346938776,49,9,8-10,80-100k,-0.2764846055992195
Nissan Altima,2018,10843,19990,19293.97340425532,188,5,4-6,0-20k,-0.22604599905651357
Dodge Dart,2015,33645,14990,15032.105263157895,19,8,6-8,20-40k,-0.856528580840338
Jeep Renegade,2019,41067,22590,20176.3661971831,71,4,2-4,40-60k,0.10180494347107512
Nissan Altima,2020,45990,24990,19293.97340425532,188,3,2-4,40-60k,0.4044365827273108
Chevrolet Equinox,2018,43279,20990,19319.105263157893,171,5,4-6,40-60k,-0.09994948269974868
Honda HR-V,2019,54075,20990,22338.0,43,4,2-4,40-60k,-0.09994948269974868
Chevrolet Sonic,2019,24948,18590,14630.90909090909,44,4,2-4,20-40k,-0.4025811219559844
MAZDA MAZDA,2014,70461,15990,17840.6338028169,142,9,8-10,60-80k,-0.7304320644835731
Dodge Grand Caravan Passenger,2019,72123,19590,18365.342465753423,73,4,2-4,60-80k,-0.2764846055992195
Ford Escape,2019,19258,20990,19376.448,125,4,2-4,0-20k,-0.09994948269974868
BMW X,2015,51963,20990,28257.918032786885,61,8,6-8,40-60k,-0.09994948269974868
Honda CR-V,2016,64409,19990,21022.757009345794,107,7,6-8,60-80k,-0.22604599905651357
Hyundai Kona,2019,48192,19990,22149.1,30,4,2-4,40-60k,-0.22604599905651357
Toyota Camry,2012,98229,16990,20721.41134751773,141,11,10-15,80-100k,-0.6043355481268082
Audi A,2016,45599,23590,24272.608695652172,46,7,6-8,40-60k,0.22790145982784
Dodge Journey,2020,31421,21990,19075.328125,64,3,2-4,20-40k,0.026147033657016195
Hyundai Sonata Hybrid,2016,25517,21990,20218.571428571428,7,7,6-8,20-40k,0.026147033657016195
Nissan Rogue Sport,2018,50196,20590,20399.048387096773,62,5,4-6,40-60k,-0.15038808924245464
Chevrolet Equinox,2015,74082,16590,19319.105263157893,171,8,6-8,60-80k,-0.6547741546695142
MAZDA MAZDA,2016,43776,17990,17840.6338028169,142,7,6-8,40-60k,-0.47823903177004334
Kia Soul,2015,53505,15590,17106.064516129034,124,8,6-8,40-60k,-0.780870671026279
Hyundai Accent,2021,16794,19990,15905.254237288136,59,2,0-2,0-20k,-0.22604599905651357
Toyota Yaris,2013,52258,16990,16685.238095238095,21,10,8-10,40-60k,-0.6043355481268082
Honda Civic,2015,50017,17990,18925.32380952381,210,8,6-8,40-60k,-0.47823903177004334
Honda Accord,2016,9703,22590,20338.34351145038,131,7,6-8,0-20k,0.10180494347107512
Nissan Rogue,2017,87404,17990,20382.880165289258,242,6,4-6,80-100k,-0.47823903177004334
Honda Fit,2015,85715,16590,17112.222222222223,54,8,6-8,80-100k,-0.6547741546695142
Nissan Sentra,2017,75570,14990,17151.21551724138,116,6,4-6,60-80k,-0.856528580840338
Chevrolet Spark,2021,5696,18990,15980.290909090909,55,2,0-2,0-20k,-0.35214251541327846
Subaru Forester,2012,38156,18990,20446.25,32,11,10-15,20-40k,-0.35214251541327846
Jeep Compass,2017,49572,18590,20590.543103448275,116,6,4-6,40-60k,-0.4025811219559844
INFINITI QX,2016,88417,18990,26679.234375,64,7,6-8,80-100k,-0.35214251541327846
Ford Explorer,2018,67212,24590,24112.425531914894,47,5,4-6,60-80k,0.3539979761846049
Honda Accord,2009,88281,13990,20338.34351145038,131,14,10-15,80-100k,-0.9826250971971029
BMW i,2014,65892,16990,20447.894736842107,38,9,8-10,60-80k,-0.6043355481268082
Subaru XV Crosstrek,2013,84025,17990,18790.0,8,10,8-10,80-100k,-0.47823903177004334
Subaru Legacy,2019,40026,22590,20081.428571428572,21,4,2-4,40-60k,0.10180494347107512
Kia Soul,2022,39059,19990,17106.064516129034,124,1,0-2,20-40k,-0.22604599905651357
Toyota Corolla,2012,50563,15990,18560.486988847584,269,11,10-15,40-60k,-0.7304320644835731
Kia Forte,2020,45197,19590,17017.92156862745,102,3,2-4,40-60k,-0.2764846055992195
Buick Encore,2019,34992,21590,18820.149425287356,87,4,2-4,20-40k,-0.02429157288568976
Chrysler,2020,54022,24990,20993.80612244898,98,3,2-4,40-60k,0.4044365827273108
Kia Optima,2017,56385,16990,17867.048076923078,104,6,4-6,40-60k,-0.6043355481268082
Nissan Rogue Select,2015,79403,14990,16376.666666666666,15,8,6-8,60-80k,-0.856528580840338
Hyundai Elantra,2019,80686,16990,17041.33846153846,195,4,2-4,80-100k,-0.6043355481268082
Jeep Cherokee,2019,45523,19990,21467.63829787234,141,4,2-4,40-60k,-0.22604599905651357
Nissan Sentra,2021,29946,20590,17151.21551724138,116,2,0-2,20-40k,-0.15038808924245464
GMC Acadia,2018,53968,29990,26526.174603174604,63,5,4-6,40-60k,1.0349191645111353
GMC Terrain,2014,40115,20990,21643.57627118644,59,9,8-10,40-60k,-0.09994948269974868
Kia Forte,2015,96642,13990,17017.92156862745,102,8,6-8,80-100k,-0.9826250971971029
Chevrolet Spark,2021,17751,17990,15980.290909090909,55,2,0-2,0-20k,-0.47823903177004334
Hyundai Accent,2018,82504,15990,15905.254237288136,59,5,4-6,80-100k,-0.7304320644835731
Honda CR-V,2016,46380,22590,21022.757009345794,107,7,6-8,40-60k,0.10180494347107512
Chevrolet Traverse,2021,41875,40590,27964.304347826088,46,2,0-2,40-60k,2.371542237892843
Subaru Outback,2014,92893,17590,25362.21153846154,52,9,8-10,80-100k,-0.5286776383127493
Chevrolet Spark,2021,5291,18990,15980.290909090909,55,2,0-2,0-20k,-0.35214251541327846
Buick Encore,2018,50702,18990,18820.149425287356,87,5,4-6,40-60k,-0.35214251541327846
Toyota Corolla,2018,60527,18590,18560.486988847584,269,5,4-6,60-80k,-0.4025811219559844
Nissan Versa,2019,36878,16990,15995.263157894737,95,4,2-4,20-40k,-0.6043355481268082
Ford Mustang,2020,49123,31590,25856.117647058825,102,3,2-4,40-60k,1.236673590681959
Ford Mustang,2020,44887,30990,25856.117647058825,102,3,2-4,40-60k,1.1610156808679002
Chevrolet Cruze,2015,69072,15990,15992.5,80,8,6-8,60-80k,-0.7304320644835731
Chevrolet Silverado  Double Cab,2020,51996,34590,31525.333333333332,9,3,2-4,40-60k,1.6149631397522537
Kia Forte,2016,78577,14590,17017.92156862745,102,7,6-8,60-80k,-0.9069671873830439
Acura TLX,2015,55537,22990,22612.222222222223,9,8,6-8,40-60k,0.15224355001378106
FIAT L,2016,25247,19590,16690.0,12,7,6-8,20-40k,-0.2764846055992195
Ford Escape,2018,77645,16990,19376.448,125,5,4-6,60-80k,-0.6043355481268082
MAZDA MX- Miata,2011,23640,18590,22241.28205128205,39,12,10-15,20-40k,-0.4025811219559844
Toyota RAV,2017,65169,22990,23160.708333333332,72,6,4-6,60-80k,0.15224355001378106
Toyota Corolla,2022,16868,23990,18560.486988847584,269,1,0-2,0-20k,0.278340066370546
GMC Terrain,2018,41639,24990,21643.57627118644,59,5,4-6,40-60k,0.4044365827273108
Ford Expedition MAX,2020,58192,47990,44733.333333333336,6,3,2-4,40-60k,3.3046564589329033
Ford Fusion,2014,95127,14990,18113.032,125,9,8-10,80-100k,-0.856528580840338
Honda Fit,2015,14165,20990,17112.222222222223,54,8,6-8,0-20k,-0.09994948269974868
Jeep Renegade,2016,68257,20990,20176.3661971831,71,7,6-8,60-80k,-0.09994948269974868
Dodge Charger,2021,38190,29590,27191.571428571428,35,2,0-2,20-40k,0.9844805579684293
Volkswagen Golf GTI,2015,50213,22990,23106.129032258064,31,8,6-8,40-60k,0.15224355001378106
Dodge Challenger,2019,73949,24990,31835.757575757576,33,4,2-4,60-80k,0.4044365827273108
Dodge Charger,2021,41343,30990,27191.571428571428,35,2,0-2,40-60k,1.1610156808679002
Ford Flex,2015,40283,20590,23264.36,25,8,6-8,40-60k,-0.15038808924245464
Toyota Camry,2010,69617,14990,20721.41134751773,141,13,10-15,60-80k,-0.856528580840338
Dodge Challenger,2018,61325,24990,31835.757575757576,33,5,4-6,60-80k,0.4044365827273108
Cadillac XT,2020,53705,29590,29830.0,10,3,2-4,40-60k,0.9844805579684293
MINI Countryman,2016,34580,24590,19147.14285714286,42,7,6-8,20-40k,0.3539979761846049
Ford Focus,2017,58754,15590,14996.451612903225,93,6,4-6,40-60k,-0.780870671026279
Nissan Sentra,2017,60928,15990,17151.21551724138,116,6,4-6,60-80k,-0.7304320644835731
Nissan Altima,2018,71425,17990,19293.97340425532,188,5,4-6,60-80k,-0.47823903177004334
INFINITI G,2013,53510,19990,18252.5,16,10,8-10,40-60k,-0.22604599905651357
Honda Crosstour,2012,59909,18590,18723.333333333332,3,11,10-15,40-60k,-0.4025811219559844
Mitsubishi Mirage G,2021,31702,15990,16790.0,16,2,0-2,20-40k,-0.7304320644835731
Hyundai Elantra,2015,36301,16590,17041.33846153846,195,8,6-8,20-40k,-0.6547741546695142
Chrysler,2015,69884,16590,20993.80612244898,98,8,6-8,60-80k,-0.6547741546695142
Ford EcoSport,2021,38045,21990,19908.256756756757,74,2,0-2,20-40k,0.026147033657016195
Honda Accord,2016,53105,20990,20338.34351145038,131,7,6-8,40-60k,-0.09994948269974868
Mitsubishi Outlander,2017,30355,21590,20020.0,20,6,4-6,20-40k,-0.02429157288568976
Hyundai Venue,2022,13903,23990,21417.8,20,1,0-2,0-20k,0.278340066370546
BMW  Series,2015,57632,21590,25277.301587301587,126,8,6-8,40-60k,-0.02429157288568976
Chevrolet Cruze,2014,91596,13590,15992.5,80,9,8-10,80-100k,-1.0330637037398087
Subaru Outback,2019,20245,32590,25362.21153846154,52,4,2-4,20-40k,1.362770107038724
Honda Civic,2012,78135,14990,18925.32380952381,210,11,10-15,60-80k,-0.856528580840338
Jeep Patriot,2016,93553,14990,16252.5,48,7,6-8,80-100k,-0.856528580840338
Mitsubishi Outlander Sport,2019,39130,18990,18771.48148148148,54,4,2-4,20-40k,-0.35214251541327846
Chrysler,2021,42414,27990,20993.80612244898,98,2,0-2,40-60k,0.7827261317976055
Nissan Rogue,2013,68782,15590,20382.880165289258,242,10,8-10,60-80k,-0.780870671026279
Land Rover Range Rover Sport,2016,52000,39590,57503.5,4,7,6-8,40-60k,2.245445721536078
Kia Sorento,2014,56396,16990,21217.59405940594,101,9,8-10,40-60k,-0.6043355481268082
Chevrolet Spark,2021,5291,18590,15980.290909090909,55,2,0-2,0-20k,-0.4025811219559844
Ford Fusion,2019,70655,20590,18113.032,125,4,2-4,60-80k,-0.15038808924245464
Volkswagen Jetta,2014,64988,14590,17068.442477876106,113,9,8-10,60-80k,-0.9069671873830439
MAZDA MAZDA,2013,54082,15990,17840.6338028169,142,10,8-10,40-60k,-0.7304320644835731
Volkswagen Beetle,2017,15960,23990,20275.0,40,6,4-6,0-20k,0.278340066370546
Lexus IS,2016,31975,27990,23340.0,28,7,6-8,20-40k,0.7827261317976055
Ford Focus,2014,90470,13590,14996.451612903225,93,9,8-10,80-100k,-1.0330637037398087
Hyundai Elantra,2021,28677,20990,17041.33846153846,195,2,0-2,20-40k,-0.09994948269974868
Hyundai Sonata,2019,94125,19590,16759.738562091505,153,4,2-4,80-100k,-0.2764846055992195
Dodge Charger,2017,42448,32590,27191.571428571428,35,6,4-6,40-60k,1.362770107038724
Kia Sorento,2020,61045,23990,21217.59405940594,101,3,2-4,60-80k,0.278340066370546
Volkswagen Jetta,2021,39345,19990,17068.442477876106,113,2,0-2,20-40k,-0.22604599905651357
Kia Sorento,2020,48420,23590,21217.59405940594,101,3,2-4,40-60k,0.22790145982784
Chevrolet Colorado Crew Cab,2020,54065,28590,29220.76923076923,13,3,2-4,40-60k,0.8583840416116644
Volkswagen Touareg,2014,45390,22590,21456.666666666668,6,9,8-10,40-60k,0.10180494347107512
Kia Sorento,2020,63761,23590,21217.59405940594,101,3,2-4,60-80k,0.22790145982784
Buick Encore GX,2020,13113,24590,23802.85714285714,14,3,2-4,0-20k,0.3539979761846049
Dodge Journey,2019,78542,19990,19075.328125,64,4,2-4,60-80k,-0.22604599905651357
Subaru Crosstrek,2018,51900,25990,24538.548387096773,31,5,4-6,40-60k,0.5305330990840758
Nissan Rogue Sport,2020,42325,20590,20399.048387096773,62,3,2-4,40-60k,-0.15038808924245464
MAZDA CX-,2021,44139,24990,23001.7,140,2,0-2,40-60k,0.4044365827273108
Nissan Sentra,2021,16527,21590,17151.21551724138,116,2,0-2,0-20k,-0.02429157288568976
Nissan Sentra,2018,36970,16990,17151.21551724138,116,5,4-6,20-40k,-0.6043355481268082
Hyundai Elantra,2021,33604,23590,17041.33846153846,195,2,0-2,20-40k,0.22790145982784
Kia Forte,2020,40571,19590,17017.92156862745,102,3,2-4,40-60k,-0.2764846055992195
Nissan Rogue Sport,2020,49967,19590,20399.048387096773,62,3,2-4,40-60k,-0.2764846055992195
Nissan Versa,2022,3098,24990,15995.263157894737,95,1,0-2,0-20k,0.4044365827273108
Nissan Rogue,2018,54599,20590,20382.880165289258,242,5,4-6,40-60k,-0.15038808924245464
Volkswagen Jetta,2014,97668,13990,17068.442477876106,113,9,8-10,80-100k,-0.9826250971971029
Chevrolet Equinox,2019,58470,19990,19319.105263157893,171,4,2-4,40-60k,-0.22604599905651357
Toyota Highlander,2015,103833,21990,26813.875,24,8,6-8,100-130k,0.026147033657016195
Toyota RAV,2018,76561,22990,23160.708333333332,72,5,4-6,60-80k,0.15224355001378106
Jeep Cherokee,2019,48139,20990,21467.63829787234,141,4,2-4,40-60k,-0.09994948269974868
GMC Acadia,2018,57412,29990,26526.174603174604,63,5,4-6,40-60k,1.0349191645111353
Ford Fusion,2018,37694,19990,18113.032,125,5,4-6,20-40k,-0.22604599905651357
Honda Pilot,2020,58073,31590,25763.433333333334,30,3,2-4,40-60k,1.236673590681959
Nissan Versa,2018,17844,17990,15995.263157894737,95,5,4-6,0-20k,-0.47823903177004334
Nissan Pathfinder,2020,47546,23990,22727.11111111111,36,3,2-4,40-60k,0.278340066370546
Buick Encore,2018,57843,19990,18820.149425287356,87,5,4-6,40-60k,-0.22604599905651357
Audi A,2016,69988,23990,24272.608695652172,46,7,6-8,60-80k,0.278340066370546
Kia Optima,2016,39095,18590,17867.048076923078,104,7,6-8,20-40k,-0.4025811219559844
Kia Rio,2018,47622,16590,16682.0,35,5,4-6,40-60k,-0.6547741546695142
Subaru WRX,2015,85188,21990,27034.444444444445,9,8,6-8,80-100k,0.026147033657016195
Honda Fit,2020,11030,23990,17112.222222222223,54,3,2-4,0-20k,0.278340066370546
Toyota RAV,2018,42055,23590,23160.708333333332,72,5,4-6,40-60k,0.22790145982784
Buick Encore,2016,67970,16990,18820.149425287356,87,7,6-8,60-80k,-0.6043355481268082
Chevrolet Trax,2021,29784,21590,18076.951219512193,82,2,0-2,20-40k,-0.02429157288568976
Volkswagen Tiguan,2015,39039,18990,20451.456140350878,57,8,6-8,20-40k,-0.35214251541327846
MAZDA MAZDA,2012,60102,14990,17840.6338028169,142,11,10-15,60-80k,-0.856528580840338
Jeep Renegade,2021,44371,21990,20176.3661971831,71,2,0-2,40-60k,0.026147033657016195
GMC Terrain,2020,44139,22990,21643.57627118644,59,3,2-4,40-60k,0.15224355001378106
Lexus ES,2016,82134,24590,26148.61111111111,36,7,6-8,80-100k,0.3539979761846049
Ford C-MAX Energi,2015,62685,16990,16990.0,1,8,6-8,60-80k,-0.6043355481268082
Honda Civic,2017,28858,21990,18925.32380952381,210,6,4-6,20-40k,0.026147033657016195
MINI Countryman,2014,79609,16590,19147.14285714286,42,9,8-10,60-80k,-0.6547741546695142
Dodge Grand Caravan Passenger,2019,72024,19590,18365.342465753423,73,4,2-4,60-80k,-0.2764846055992195
Chevrolet Cruze,2011,81897,13590,15992.5,80,12,10-15,80-100k,-1.0330637037398087
Hyundai Sonata,2013,94035,14990,16759.738562091505,153,10,8-10,80-100k,-0.856528580840338
Kia Optima,2010,70381,12990,17867.048076923078,104,13,10-15,60-80k,-1.1087216135538678
MAZDA CX-,2016,86862,17990,23001.7,140,7,6-8,80-100k,-0.47823903177004334
Nissan Murano,2020,53913,22990,23491.560606060608,66,3,2-4,40-60k,0.15224355001378106
MAZDA MAZDA,2014,36536,18990,17840.6338028169,142,9,8-10,20-40k,-0.35214251541327846
Ford Focus,2015,77690,13990,14996.451612903225,93,8,6-8,60-80k,-0.9826250971971029
Nissan Frontier Crew Cab,2016,51410,23990,26840.0,16,7,6-8,40-60k,0.278340066370546
Jeep Compass,2019,45216,21990,20590.543103448275,116,4,2-4,40-60k,0.026147033657016195
Toyota Corolla,2020,53108,19990,18560.486988847584,269,3,2-4,40-60k,-0.22604599905651357
Honda Accord,2015,46756,19990,20338.34351145038,131,8,6-8,40-60k,-0.22604599905651357
Scion xD,2013,75979,14990,13750.0,5,10,8-10,60-80k,-0.856528580840338
Ford Escape,2019,56299,19590,19376.448,125,4,2-4,40-60k,-0.2764846055992195
Ford Focus,2017,23458,17990,14996.451612903225,93,6,4-6,20-40k,-0.47823903177004334
Kia Forte,2017,33964,15990,17017.92156862745,102,6,4-6,20-40k,-0.7304320644835731
Kia Optima,2020,42054,23590,17867.048076923078,104,3,2-4,40-60k,0.22790145982784
Toyota Corolla,2020,53570,19590,18560.486988847584,269,3,2-4,40-60k,-0.2764846055992195
Ford Focus,2014,67829,12990,14996.451612903225,93,9,8-10,60-80k,-1.1087216135538678
INFINITI QX,2016,62290,21990,26679.234375,64,7,6-8,60-80k,0.026147033657016195
Toyota Corolla,2013,101487,14590,18560.486988847584,269,10,8-10,100-130k,-0.9069671873830439
MINI Clubman,2016,66241,17990,20763.333333333332,15,7,6-8,60-80k,-0.47823903177004334
Volkswagen Tiguan Limited,2017,58639,19590,18865.0,8,6,4-6,40-60k,-0.2764846055992195
Toyota Prius c,2017,71881,19990,17890.0,16,6,4-6,60-80k,-0.22604599905651357
Jeep Renegade,2019,120167,17590,20176.3661971831,71,4,2-4,100-130k,-0.5286776383127493
Hyundai Sonata,2015,96185,14590,16759.738562091505,153,8,6-8,80-100k,-0.9069671873830439
Kia Forte,2020,46517,18990,17017.92156862745,102,3,2-4,40-60k,-0.35214251541327846
Kia Soul,2021,34981,19990,17106.064516129034,124,2,0-2,20-40k,-0.22604599905651357
Nissan Rogue Sport,2020,46692,22590,20399.048387096773,62,3,2-4,40-60k,0.10180494347107512
Mitsubishi Outlander Sport,2011,96119,12990,18771.48148148148,54,12,10-15,80-100k,-1.1087216135538678
Kia Optima,2018,43814,24990,17867.048076923078,104,5,4-6,40-60k,0.4044365827273108
Honda Accord,2010,70990,14990,20338.34351145038,131,13,10-15,60-80k,-0.856528580840338
Lexus CT,2014,69639,21590,19990.0,8,9,8-10,60-80k,-0.02429157288568976
smart fortwo electric drive,2015,31625,12990,15123.333333333334,6,8,6-8,20-40k,-1.1087216135538678
Ford Fusion,2013,102798,13990,18113.032,125,10,8-10,100-130k,-0.9826250971971029
Hyundai Elantra,2013,51303,14990,17041.33846153846,195,10,8-10,40-60k,-0.856528580840338
Hyundai Santa Fe,2012,94039,14990,23761.17391304348,46,11,10-15,80-100k,-0.856528580840338
Jeep Compass,2021,49107,22990,20590.543103448275,116,2,0-2,40-60k,0.15224355001378106
Audi A,2011,69797,17590,24272.608695652172,46,12,10-15,60-80k,-0.5286776383127493
Jeep Compass,2019,59098,24590,20590.543103448275,116,4,2-4,40-60k,0.3539979761846049
Nissan Kicks,2021,22226,21990,19809.626373626375,91,2,0-2,20-40k,0.026147033657016195
Hyundai Santa Fe,2017,51456,24990,23761.17391304348,46,6,4-6,40-60k,0.4044365827273108
Ford EcoSport,2018,20158,19590,19908.256756756757,74,5,4-6,20-40k,-0.2764846055992195
Nissan Kicks,2020,49733,19590,19809.626373626375,91,3,2-4,40-60k,-0.2764846055992195
Nissan Kicks,2020,53061,18990,19809.626373626375,91,3,2-4,40-60k,-0.35214251541327846
Honda Accord,2010,75395,14990,20338.34351145038,131,13,10-15,60-80k,-0.856528580840338
Chevrolet Volt,2018,46904,22990,18150.0,25,5,4-6,40-60k,0.15224355001378106
Volkswagen Tiguan,2018,52224,20590,20451.456140350878,57,5,4-6,40-60k,-0.15038808924245464
Nissan Sentra,2022,12291,23590,17151.21551724138,116,1,0-2,0-20k,0.22790145982784
Chevrolet Spark,2020,54241,16590,15980.290909090909,55,3,2-4,40-60k,-0.6547741546695142
Buick Regal,2014,33578,17990,18630.0,10,9,8-10,20-40k,-0.47823903177004334
Ford EcoSport,2020,42361,19590,19908.256756756757,74,3,2-4,40-60k,-0.2764846055992195
Ford EcoSport,2021,6266,20990,19908.256756756757,74,2,0-2,0-20k,-0.09994948269974868
Toyota Camry Hybrid,2018,62762,24990,29523.222222222223,9,5,4-6,60-80k,0.4044365827273108
Hyundai Elantra,2016,95719,13990,17041.33846153846,195,7,6-8,80-100k,-0.9826250971971029
Toyota Corolla,2020,56952,19990,18560.486988847584,269,3,2-4,40-60k,-0.22604599905651357
Chevrolet Sonic,2015,34153,15990,14630.90909090909,44,8,6-8,20-40k,-0.7304320644835731
Toyota RAV,2018,75826,21990,23160.708333333332,72,5,4-6,60-80k,0.026147033657016195
Volkswagen e-Golf,2016,67095,16990,19099.090909090908,11,7,6-8,60-80k,-0.6043355481268082
Ford Edge,2020,61593,22590,20629.243243243243,74,3,2-4,60-80k,0.10180494347107512
Buick Encore,2019,76256,17590,18820.149425287356,87,4,2-4,60-80k,-0.5286776383127493
BMW  Series,2012,69584,21990,25277.301587301587,126,11,10-15,60-80k,0.026147033657016195
Mitsubishi Outlander,2020,41864,23990,20020.0,20,3,2-4,40-60k,0.278340066370546
Honda Odyssey,2016,80689,22590,26213.423076923078,26,7,6-8,80-100k,0.10180494347107512
Kia Rio,2017,35311,14990,16682.0,35,6,4-6,20-40k,-0.856528580840338
Honda Pilot,2015,94337,19990,25763.433333333334,30,8,6-8,80-100k,-0.22604599905651357
Chevrolet Camaro,2017,44093,23990,26673.675324675325,77,6,4-6,40-60k,0.278340066370546
Ford Fusion,2014,81899,15590,18113.032,125,9,8-10,80-100k,-0.780870671026279
Nissan Rogue,2020,45375,23990,20382.880165289258,242,3,2-4,40-60k,0.278340066370546
Hyundai Sonata,2016,103517,15590,16759.738562091505,153,7,6-8,100-130k,-0.780870671026279
Acura RDX,2014,78864,18990,24947.275862068964,29,9,8-10,60-80k,-0.35214251541327846
MAZDA CX-,2016,50874,21990,23001.7,140,7,6-8,40-60k,0.026147033657016195
FIAT X,2018,49426,18990,17755.217391304348,23,5,4-6,40-60k,-0.35214251541327846
Volkswagen CC,2011,90223,13990,16275.714285714286,14,12,10-15,80-100k,-0.9826250971971029
MAZDA CX-,2021,39873,24990,23001.7,140,2,0-2,20-40k,0.4044365827273108
Nissan Sentra,2017,59075,16590,17151.21551724138,116,6,4-6,40-60k,-0.6547741546695142
Ford EcoSport,2021,18038,20990,19908.256756756757,74,2,0-2,0-20k,-0.09994948269974868
Dodge Grand Caravan Passenger,2019,72094,19590,18365.342465753423,73,4,2-4,60-80k,-0.2764846055992195
Toyota Sienna,2014,59187,22990,31905.78947368421,38,9,8-10,40-60k,0.15224355001378106
Volkswagen Jetta,2019,51815,20590,17068.442477876106,113,4,2-4,40-60k,-0.15038808924245464
Mercedes-Benz C-Class,2017,62448,24590,25064.074074074073,27,6,4-6,60-80k,0.3539979761846049
MAZDA CX-,2019,50028,19990,23001.7,140,4,2-4,40-60k,-0.22604599905651357
Volvo V,2016,56215,24990,22390.0,3,7,6-8,40-60k,0.4044365827273108
Kia Forte,2018,54951,16990,17017.92156862745,102,5,4-6,40-60k,-0.6043355481268082
Subaru Forester,2015,101736,17990,20446.25,32,8,6-8,100-130k,-0.47823903177004334
Honda Insight,2011,60657,14990,25270.0,10,12,10-15,60-80k,-0.856528580840338
BMW X,2014,73210,21590,28257.918032786885,61,9,8-10,60-80k,-0.02429157288568976
Hyundai Sonata,2013,68277,15590,16759.738562091505,153,10,8-10,60-80k,-0.780870671026279
Volkswagen Jetta,2012,45412,14990,17068.442477876106,113,11,10-15,40-60k,-0.856528580840338
Nissan Sentra,2020,37239,20990,17151.21551724138,116,3,2-4,20-40k,-0.09994948269974868
Ford Focus,2012,44624,14990,14996.451612903225,93,11,10-15,40-60k,-0.856528580840338
Subaru Forester,2011,104277,14990,20446.25,32,12,10-15,100-130k,-0.856528580840338
MAZDA MX- Miata,2014,58700,19990,22241.28205128205,39,9,8-10,40-60k,-0.22604599905651357
Ford Mustang,2017,68169,22990,25856.117647058825,102,6,4-6,60-80k,0.15224355001378106
MAZDA CX-,2016,85792,19590,23001.7,140,7,6-8,80-100k,-0.2764846055992195
Mercedes-Benz E-Class,2012,68450,19590,24882.30769230769,26,11,10-15,60-80k,-0.2764846055992195
Kia Forte,2017,29423,16990,17017.92156862745,102,6,4-6,20-40k,-0.6043355481268082
Volkswagen Jetta,2013,89073,14990,17068.442477876106,113,10,8-10,80-100k,-0.856528580840338
Honda Accord,2014,68030,18990,20338.34351145038,131,9,8-10,60-80k,-0.35214251541327846
MAZDA MX- Miata,2016,35706,23990,22241.28205128205,39,7,6-8,20-40k,0.278340066370546
INFINITI Q,2017,48077,24990,25347.133333333335,30,6,4-6,40-60k,0.4044365827273108
Volkswagen Jetta,2020,21701,24990,17068.442477876106,113,3,2-4,20-40k,0.4044365827273108
MAZDA CX-,2014,86254,16990,23001.7,140,9,8-10,80-100k,-0.6043355481268082
Toyota Prius,2013,100840,16590,19496.666666666668,60,10,8-10,100-130k,-0.6547741546695142
Chevrolet Traverse,2013,101785,17990,27964.304347826088,46,10,8-10,100-130k,-0.47823903177004334
MAZDA MAZDA,2014,82712,16590,17840.6338028169,142,9,8-10,80-100k,-0.6547741546695142
Kia Soul,2015,88693,13990,17106.064516129034,124,8,6-8,80-100k,-0.9826250971971029
Jeep Cherokee,2019,55374,19990,21467.63829787234,141,4,2-4,40-60k,-0.22604599905651357
Ford Mustang MACH-E,2021,4998,66590,62190.0,6,2,0-2,0-20k,5.65005166316873
Chrysler Pacifica,2020,77682,23990,26151.657142857144,35,3,2-4,60-80k,0.278340066370546
Honda HR-V,2021,34225,24990,22338.0,43,2,0-2,20-40k,0.4044365827273108
Nissan Rogue Sport,2017,93098,16590,20399.048387096773,62,6,4-6,80-100k,-0.6547741546695142
Jeep Cherokee,2016,88023,16590,21467.63829787234,141,7,6-8,80-100k,-0.6547741546695142
Chevrolet Cruze,2017,74931,15590,15992.5,80,6,4-6,60-80k,-0.780870671026279
Cadillac XT,2020,52246,30590,29830.0,10,3,2-4,40-60k,1.1105770743251941
Mitsubishi Outlander,2016,92423,15590,20020.0,20,7,6-8,80-100k,-0.780870671026279
Dodge Journey,2019,43524,18990,19075.328125,64,4,2-4,40-60k,-0.35214251541327846
Hyundai Elantra,2015,92510,13590,17041.33846153846,195,8,6-8,80-100k,-1.0330637037398087
Jeep Cherokee,2019,45515,25590,21467.63829787234,141,4,2-4,40-60k,0.48009449254136977
Kia Forte,2017,73691,14590,17017.92156862745,102,6,4-6,60-80k,-0.9069671873830439
Honda Civic,2017,32508,20990,18925.32380952381,210,6,4-6,20-40k,-0.09994948269974868
Ford EcoSport,2018,48704,17990,19908.256756756757,74,5,4-6,40-60k,-0.47823903177004334
Volkswagen Atlas,2018,52021,31590,31290.0,10,5,4-6,40-60k,1.236673590681959
Dodge Journey,2019,46020,18990,19075.328125,64,4,2-4,40-60k,-0.35214251541327846
Mercedes-Benz A-Class,2019,38949,29990,31390.0,7,4,2-4,20-40k,1.0349191645111353
Hyundai Sonata,2013,28460,18590,16759.738562091505,153,10,8-10,20-40k,-0.4025811219559844
Dodge Durango,2020,47992,31990,29047.85714285714,14,3,2-4,40-60k,1.287112197224665
Chevrolet Equinox,2012,92779,14590,19319.105263157893,171,11,10-15,80-100k,-0.9069671873830439
Jeep Compass,2018,65657,19990,20590.543103448275,116,5,4-6,60-80k,-0.22604599905651357
Honda CR-V,2012,79494,16990,21022.757009345794,107,11,10-15,60-80k,-0.6043355481268082
Ford Fusion,2016,78086,15990,18113.032,125,7,6-8,60-80k,-0.7304320644835731
Nissan Altima,2019,65660,19990,19293.97340425532,188,4,2-4,60-80k,-0.22604599905651357
Acura ILX,2017,66428,20990,19567.777777777777,9,6,4-6,60-80k,-0.09994948269974868
Volkswagen GTI,2011,40781,16990,17104.285714285714,7,12,10-15,40-60k,-0.6043355481268082
Ram  Crew Cab,2020,56739,41590,42332.857142857145,14,3,2-4,40-60k,2.497638754249608
Mitsubishi Mirage,2021,17405,16990,15890.0,22,2,0-2,0-20k,-0.6043355481268082
Mitsubishi Mirage,2020,21761,15990,15890.0,22,3,2-4,20-40k,-0.7304320644835731
Kia Optima,2017,62899,21590,17867.048076923078,104,6,4-6,60-80k,-0.02429157288568976
Toyota RAV,2016,47966,22990,23160.708333333332,72,7,6-8,40-60k,0.15224355001378106
Buick Encore GX,2020,38503,24590,23802.85714285714,14,3,2-4,20-40k,0.3539979761846049
Toyota RAV,2020,51292,28590,23160.708333333332,72,3,2-4,40-60k,0.8583840416116644
Hyundai Elantra,2021,19505,22990,17041.33846153846,195,2,0-2,0-20k,0.15224355001378106
Chevrolet Trax,2021,33646,19990,18076.951219512193,82,2,0-2,20-40k,-0.22604599905651357
Mitsubishi Mirage,2022,10396,17990,15890.0,22,1,0-2,0-20k,-0.47823903177004334
Audi Q,2014,53433,22990,25158.42105263158,19,9,8-10,40-60k,0.15224355001378106
Ford Escape,2015,61347,16590,19376.448,125,8,6-8,60-80k,-0.6547741546695142
Volkswagen Jetta,2015,48062,17990,17068.442477876106,113,8,6-8,40-60k,-0.47823903177004334
Volkswagen Passat,2016,65345,16990,18311.052631578947,76,7,6-8,60-80k,-0.6043355481268082
MAZDA CX-,2020,55367,28590,23001.7,140,3,2-4,40-60k,0.8583840416116644
Jeep Wrangler Unlimited,2020,47754,41590,35153.86666666667,15,3,2-4,40-60k,2.497638754249608
Mitsubishi Outlander Sport,2018,82305,17590,18771.48148148148,54,5,4-6,80-100k,-0.5286776383127493
Mitsubishi Mirage,2019,11449,16590,15890.0,22,4,2-4,0-20k,-0.6547741546695142
Hyundai Santa Fe Sport,2017,57884,22990,18512.222222222223,36,6,4-6,40-60k,0.15224355001378106
Kia Forte,2017,32179,16590,17017.92156862745,102,6,4-6,20-40k,-0.6547741546695142
Volkswagen Jetta,2021,15395,22990,17068.442477876106,113,2,0-2,0-20k,0.15224355001378106
Toyota Tacoma Double Cab,2019,57529,34990,33790.0,28,4,2-4,40-60k,1.6654017462949597
Buick Encore,2017,43884,19590,18820.149425287356,87,6,4-6,40-60k,-0.2764846055992195
Jeep Compass,2019,16301,24990,20590.543103448275,116,4,2-4,0-20k,0.4044365827273108
Nissan LEAF,2017,26711,18590,19142.63157894737,38,6,4-6,20-40k,-0.4025811219559844
Nissan Altima,2022,19397,22990,19293.97340425532,188,1,0-2,0-20k,0.15224355001378106
Toyota RAV,2019,60327,26590,23160.708333333332,72,4,2-4,60-80k,0.6061910088981346
Nissan Versa,2021,10194,19990,15995.263157894737,95,2,0-2,0-20k,-0.22604599905651357
Nissan Sentra,2016,95669,13590,17151.21551724138,116,7,6-8,80-100k,-1.0330637037398087
Volkswagen Atlas,2019,47846,31590,31290.0,10,4,2-4,40-60k,1.236673590681959
Jeep Compass,2019,48298,21590,20590.543103448275,116,4,2-4,40-60k,-0.02429157288568976
Toyota Corolla,2013,95309,13990,18560.486988847584,269,10,8-10,80-100k,-0.9826250971971029
Nissan Altima,2020,42501,22590,19293.97340425532,188,3,2-4,40-60k,0.10180494347107512
Dodge Grand Caravan Passenger,2013,95570,14590,18365.342465753423,73,10,8-10,80-100k,-0.9069671873830439
Ford Mustang,2018,49839,24590,25856.117647058825,102,5,4-6,40-60k,0.3539979761846049
Jeep Cherokee,2021,49157,24590,21467.63829787234,141,2,0-2,40-60k,0.3539979761846049
Lexus HS,2010,72830,17590,17590.0,3,13,10-15,60-80k,-0.5286776383127493
Mitsubishi Mirage G,2021,24613,16990,16790.0,16,2,0-2,20-40k,-0.6043355481268082
Chevrolet Malibu,2021,20415,23990,19288.927536231884,69,2,0-2,20-40k,0.278340066370546
Honda Fit,2019,39041,19990,17112.222222222223,54,4,2-4,20-40k,-0.22604599905651357
MINI Hardtop,2012,67850,14990,16547.14285714286,14,11,10-15,60-80k,-0.856528580840338
Jeep Cherokee,2018,51122,20990,21467.63829787234,141,5,4-6,40-60k,-0.09994948269974868
Toyota Corolla,2012,88907,14590,18560.486988847584,269,11,10-15,80-100k,-0.9069671873830439
Jeep Cherokee,2019,63351,20590,21467.63829787234,141,4,2-4,60-80k,-0.15038808924245464
Toyota Corolla,2020,56156,19590,18560.486988847584,269,3,2-4,40-60k,-0.2764846055992195
Hyundai Santa Fe Sport,2014,93342,16990,18512.222222222223,36,9,8-10,80-100k,-0.6043355481268082
Ford Mustang,2020,44067,24990,25856.117647058825,102,3,2-4,40-60k,0.4044365827273108
Hyundai Elantra,2012,86769,13990,17041.33846153846,195,11,10-15,80-100k,-0.9826250971971029
Subaru Outback,2014,39601,21990,25362.21153846154,52,9,8-10,20-40k,0.026147033657016195
Nissan Sentra,2019,91037,14990,17151.21551724138,116,4,2-4,80-100k,-0.856528580840338
Mercedes-Benz CLA-Class,2014,48810,22990,23256.666666666668,6,9,8-10,40-60k,0.15224355001378106
Nissan Pathfinder,2015,100950,18990,22727.11111111111,36,8,6-8,100-130k,-0.35214251541327846
Ford Fiesta,2017,53385,13990,14645.737704918032,61,6,4-6,40-60k,-0.9826250971971029
Chevrolet Malibu,2020,58336,20590,19288.927536231884,69,3,2-4,40-60k,-0.15038808924245464
Audi A,2016,31335,24990,24272.608695652172,46,7,6-8,20-40k,0.4044365827273108
Mitsubishi Outlander Sport,2021,36398,21990,18771.48148148148,54,2,0-2,20-40k,0.026147033657016195
Kia Sorento,2020,45980,23590,21217.59405940594,101,3,2-4,40-60k,0.22790145982784
Nissan Kicks,2018,22567,19990,19809.626373626375,91,5,4-6,20-40k,-0.22604599905651357
Hyundai Sonata,2012,90367,13590,16759.738562091505,153,11,10-15,80-100k,-1.0330637037398087
Mitsubishi Outlander Sport,2020,53973,20590,18771.48148148148,54,3,2-4,40-60k,-0.15038808924245464
Volkswagen Jetta,2021,35176,20590,17068.442477876106,113,2,0-2,20-40k,-0.15038808924245464
Chevrolet Spark,2020,49457,15990,15980.290909090909,55,3,2-4,40-60k,-0.7304320644835731
Volkswagen Tiguan,2021,66014,22990,20451.456140350878,57,2,0-2,60-80k,0.15224355001378106
Hyundai Sonata,2013,28319,17590,16759.738562091505,153,10,8-10,20-40k,-0.5286776383127493
Kia Soul,2021,38773,20590,17106.064516129034,124,2,0-2,20-40k,-0.15038808924245464
Kia Sportage,2019,46800,19990,20804.091954022988,87,4,2-4,40-60k,-0.22604599905651357
Honda Fit,2015,85481,16590,17112.222222222223,54,8,6-8,80-100k,-0.6547741546695142
Kia Rio,2021,15732,20590,16682.0,35,2,0-2,0-20k,-0.15038808924245464
Ford Mustang,2010,79784,15990,25856.117647058825,102,13,10-15,60-80k,-0.7304320644835731
Kia Sorento,2020,58209,22590,21217.59405940594,101,3,2-4,40-60k,0.10180494347107512
Cadillac XT,2017,75160,24990,29830.0,10,6,4-6,60-80k,0.4044365827273108
Nissan Sentra,2019,29818,18590,17151.21551724138,116,4,2-4,20-40k,-0.4025811219559844
Toyota Camry,2016,80564,17990,20721.41134751773,141,7,6-8,80-100k,-0.47823903177004334
Chevrolet Malibu,2020,62248,19590,19288.927536231884,69,3,2-4,60-80k,-0.2764846055992195
Volkswagen Eos,2012,90707,14990,18390.0,4,11,10-15,80-100k,-0.856528580840338
Ford EcoSport,2020,12959,20990,19908.256756756757,74,3,2-4,0-20k,-0.09994948269974868
Ford Fiesta,2019,51893,15590,14645.737704918032,61,4,2-4,40-60k,-0.780870671026279
MAZDA MAZDA,2015,101802,14590,17840.6338028169,142,8,6-8,100-130k,-0.9069671873830439
Jeep Compass,2018,44371,20990,20590.543103448275,116,5,4-6,40-60k,-0.09994948269974868
Dodge Grand Caravan Passenger,2019,74951,18990,18365.342465753423,73,4,2-4,60-80k,-0.35214251541327846
Lexus ES,2015,103121,19990,26148.61111111111,36,8,6-8,100-130k,-0.22604599905651357
Nissan Murano,2018,57916,22590,23491.560606060608,66,5,4-6,40-60k,0.10180494347107512
Toyota Corolla,2016,32950,17990,18560.486988847584,269,7,6-8,20-40k,-0.47823903177004334
Chevrolet Spark,2020,66759,15590,15980.290909090909,55,3,2-4,60-80k,-0.780870671026279
Ford Escape,2017,61524,16990,19376.448,125,6,4-6,60-80k,-0.6043355481268082
Nissan Versa Note,2017,58622,14990,14502.5,16,6,4-6,40-60k,-0.856528580840338
Mercedes-Benz SLK-Class,2009,47499,20990,23634.444444444445,9,14,10-15,40-60k,-0.09994948269974868
Lexus RX,2013,73884,22590,27399.52380952381,21,10,8-10,60-80k,0.10180494347107512
Mitsubishi Outlander Sport,2021,47880,19990,18771.48148148148,54,2,0-2,40-60k,-0.22604599905651357
Toyota C-HR,2018,36026,22990,23407.366666666665,30,5,4-6,20-40k,0.15224355001378106
Nissan Murano,2016,99338,17590,23491.560606060608,66,7,6-8,80-100k,-0.5286776383127493
Kia Optima,2020,55723,18990,17867.048076923078,104,3,2-4,40-60k,-0.35214251541327846
Volkswagen Passat,2012,75532,14990,18311.052631578947,76,11,10-15,60-80k,-0.856528580840338
Ford Explorer,2018,59000,26990,24112.425531914894,47,5,4-6,40-60k,0.6566296154408406
INFINITI QX,2019,67904,38590,26679.234375,64,4,2-4,60-80k,2.1193492051793132
Cadillac XT,2020,45190,32990,29830.0,10,3,2-4,40-60k,1.41320871358143
Nissan Altima,2017,65269,16590,19293.97340425532,188,6,4-6,60-80k,-0.6547741546695142
Ford Fusion,2016,91987,15990,18113.032,125,7,6-8,80-100k,-0.7304320644835731
Kia Forte,2019,40417,18990,17017.92156862745,102,4,2-4,40-60k,-0.35214251541327846
Subaru XV Crosstrek,2014,56172,21590,18790.0,8,9,8-10,40-60k,-0.02429157288568976
Ford Fusion,2018,67951,18590,18113.032,125,5,4-6,60-80k,-0.4025811219559844
Jeep Grand Cherokee,2016,66741,22590,23092.367346938776,49,7,6-8,60-80k,0.10180494347107512
Chevrolet Colorado Crew Cab,2020,51833,28590,29220.76923076923,13,3,2-4,40-60k,0.8583840416116644
Toyota Corolla,2020,24400,21990,18560.486988847584,269,3,2-4,20-40k,0.026147033657016195
Jeep Wrangler Unlimited,2020,52252,33990,35153.86666666667,15,3,2-4,40-60k,1.5393052299381949
Ford EcoSport,2018,40934,18990,19908.256756756757,74,5,4-6,40-60k,-0.35214251541327846
Lincoln Town Car,2011,45028,19990,19990.0,1,12,10-15,40-60k,-0.22604599905651357
Volkswagen Jetta,2016,72175,15590,17068.442477876106,113,7,6-8,60-80k,-0.780870671026279
BMW i,2016,41444,20590,20447.894736842107,38,7,6-8,40-60k,-0.15038808924245464
Volkswagen Jetta,2013,94498,14590,17068.442477876106,113,10,8-10,80-100k,-0.9069671873830439
Toyota RAV,2016,41462,22990,23160.708333333332,72,7,6-8,40-60k,0.15224355001378106
MINI Hardtop  Door,2017,82113,16990,20638.64864864865,37,6,4-6,80-100k,-0.6043355481268082
Toyota RAV,2018,28765,24990,23160.708333333332,72,5,4-6,20-40k,0.4044365827273108
Dodge Grand Caravan Passenger,2018,76326,19990,18365.342465753423,73,5,4-6,60-80k,-0.22604599905651357
Mitsubishi Mirage G,2021,16076,18990,16790.0,16,2,0-2,0-20k,-0.35214251541327846
Toyota RAV,2020,51813,28590,23160.708333333332,72,3,2-4,40-60k,0.8583840416116644
MAZDA CX-,2018,48860,25590,23001.7,140,5,4-6,40-60k,0.48009449254136977
Honda Accord,2018,40320,25990,20338.34351145038,131,5,4-6,40-60k,0.5305330990840758
MAZDA MAZDA,2018,37611,21990,17840.6338028169,142,5,4-6,20-40k,0.026147033657016195
Ford Edge,2020,55571,23590,20629.243243243243,74,3,2-4,40-60k,0.22790145982784
Hyundai Venue,2022,567,24990,21417.8,20,1,0-2,0-20k,0.4044365827273108
Hyundai Accent,2019,50673,16590,15905.254237288136,59,4,2-4,40-60k,-0.6547741546695142
Mercedes-Benz GLA,2016,51575,24990,28110.0,10,7,6-8,40-60k,0.4044365827273108
Chevrolet Trax,2016,64229,15990,18076.951219512193,82,7,6-8,60-80k,-0.7304320644835731
Ford Escape,2018,42683,19590,19376.448,125,5,4-6,40-60k,-0.2764846055992195
Jeep Cherokee,2015,82286,17990,21467.63829787234,141,8,6-8,80-100k,-0.47823903177004334
Nissan Kicks,2021,20234,22590,19809.626373626375,91,2,0-2,20-40k,0.10180494347107512
Mercedes-Benz C-Class,2014,21861,22990,25064.074074074073,27,9,8-10,20-40k,0.15224355001378106
Chevrolet Equinox,2014,27437,19990,19319.105263157893,171,9,8-10,20-40k,-0.22604599905651357
Honda Civic,2018,23994,23990,18925.32380952381,210,5,4-6,20-40k,0.278340066370546
Ford Escape,2020,61811,24590,19376.448,125,3,2-4,60-80k,0.3539979761846049
Hyundai Venue,2020,27921,19990,21417.8,20,3,2-4,20-40k,-0.22604599905651357
Acura RDX,2017,80514,22590,24947.275862068964,29,6,4-6,80-100k,0.10180494347107512
Nissan Murano,2017,103424,18990,23491.560606060608,66,6,4-6,100-130k,-0.35214251541327846
Ford Fusion,2020,49322,19990,18113.032,125,3,2-4,40-60k,-0.22604599905651357
Ford EcoSport,2021,15733,20990,19908.256756756757,74,2,0-2,0-20k,-0.09994948269974868
Nissan Versa Note,2017,20005,16590,14502.5,16,6,4-6,20-40k,-0.6547741546695142
Cadillac XTS,2014,80490,18590,20830.0,5,9,8-10,80-100k,-0.4025811219559844
Hyundai Santa Fe,2021,45130,25990,23761.17391304348,46,2,0-2,40-60k,0.5305330990840758
Kia Soul,2016,74647,15590,17106.064516129034,124,7,6-8,60-80k,-0.780870671026279
Chrysler,2021,44690,26990,20993.80612244898,98,2,0-2,40-60k,0.6566296154408406
Dodge Grand Caravan Passenger,2019,38924,22590,18365.342465753423,73,4,2-4,20-40k,0.10180494347107512
Chevrolet Colorado Crew Cab,2020,61217,28590,29220.76923076923,13,3,2-4,60-80k,0.8583840416116644
Hyundai Sonata,2021,41441,27990,16759.738562091505,153,2,0-2,40-60k,0.7827261317976055
Chevrolet Malibu,2017,48552,21590,19288.927536231884,69,6,4-6,40-60k,-0.02429157288568976
Chevrolet Impala,2018,55930,22590,20195.8,40,5,4-6,40-60k,0.10180494347107512
Chevrolet Malibu,2018,54578,19990,19288.927536231884,69,5,4-6,40-60k,-0.22604599905651357
Audi A,2016,31934,22590,24272.608695652172,46,7,6-8,20-40k,0.10180494347107512
Dodge Charger,2021,42506,29990,27191.571428571428,35,2,0-2,40-60k,1.0349191645111353
INFINITI QX,2018,58840,24990,26679.234375,64,5,4-6,40-60k,0.4044365827273108
Toyota Highlander,2019,64393,30590,26813.875,24,4,2-4,60-80k,1.1105770743251941
Ford Explorer,2018,60643,24590,24112.425531914894,47,5,4-6,60-80k,0.3539979761846049
Dodge Journey,2018,93014,16990,19075.328125,64,5,4-6,80-100k,-0.6043355481268082
Chrysler Pacifica,2020,74773,25590,26151.657142857144,35,3,2-4,60-80k,0.48009449254136977
Chevrolet Cruze,2018,46023,17590,15992.5,80,5,4-6,40-60k,-0.5286776383127493
Honda Accord,2017,63376,19990,20338.34351145038,131,6,4-6,60-80k,-0.22604599905651357
Ford Mustang,2018,48639,24990,25856.117647058825,102,5,4-6,40-60k,0.4044365827273108
MAZDA MAZDA,2014,81395,15590,17840.6338028169,142,9,8-10,80-100k,-0.780870671026279
Chrysler,2012,27733,23990,20993.80612244898,98,11,10-15,20-40k,0.278340066370546
Dodge Challenger,2018,56709,27590,31835.757575757576,33,5,4-6,40-60k,0.7322875252548995
Subaru Impreza,2018,29982,20990,19643.23076923077,26,5,4-6,20-40k,-0.09994948269974868
Jeep Gladiator,2020,45767,39990,42513.0,7,3,2-4,40-60k,2.295884328078784
Toyota Camry,2019,61996,21990,20721.41134751773,141,4,2-4,60-80k,0.026147033657016195
Chrysler,2018,51420,24990,20993.80612244898,98,5,4-6,40-60k,0.4044365827273108
Kia Sorento,2021,42101,24990,21217.59405940594,101,2,0-2,40-60k,0.4044365827273108
Toyota Corolla,2021,34515,20990,18560.486988847584,269,2,0-2,20-40k,-0.09994948269974868
Ford Expedition MAX,2020,65709,42990,44733.333333333336,6,3,2-4,60-80k,2.674173877149079
Honda Fit,2011,43694,14590,17112.222222222223,54,12,10-15,40-60k,-0.9069671873830439
Ford Fusion,2017,41793,17990,18113.032,125,6,4-6,40-60k,-0.47823903177004334
Nissan Pathfinder,2020,56797,22990,22727.11111111111,36,3,2-4,40-60k,0.15224355001378106
Jeep Compass,2017,88015,16590,20590.543103448275,116,6,4-6,80-100k,-0.6547741546695142
MAZDA CX-,2021,41130,21990,23001.7,140,2,0-2,40-60k,0.026147033657016195
Honda Civic,2012,83758,14990,18925.32380952381,210,11,10-15,80-100k,-0.856528580840338
Nissan Rogue,2021,37751,25590,20382.880165289258,242,2,0-2,20-40k,0.48009449254136977
Subaru Impreza,2014,41317,18590,19643.23076923077,26,9,8-10,40-60k,-0.4025811219559844
Ford Escape,2014,76855,15590,19376.448,125,9,8-10,60-80k,-0.780870671026279
Volkswagen Golf,2015,53466,18990,17881.666666666668,24,8,6-8,40-60k,-0.35214251541327846
Subaru Forester,2015,66589,18990,20446.25,32,8,6-8,60-80k,-0.35214251541327846
Ford Mustang,2018,23554,24990,25856.117647058825,102,5,4-6,20-40k,0.4044365827273108
FIAT X,2016,43289,17590,17755.217391304348,23,7,6-8,40-60k,-0.5286776383127493
Chrysler Town & Country,2015,100081,16590,17956.666666666668,24,8,6-8,100-130k,-0.6547741546695142
Kia Sportage,2015,88085,16590,20804.091954022988,87,8,6-8,80-100k,-0.6547741546695142
Toyota Prius,2010,75222,16590,19496.666666666668,60,13,10-15,60-80k,-0.6547741546695142
Chevrolet Trax,2016,57754,16590,18076.951219512193,82,7,6-8,40-60k,-0.6547741546695142
Nissan Sentra,2017,86629,14590,17151.21551724138,116,6,4-6,80-100k,-0.9069671873830439
Volkswagen Touareg,2013,102543,16990,21456.666666666668,6,10,8-10,100-130k,-0.6043355481268082
Nissan Rogue Sport,2018,34413,20990,20399.048387096773,62,5,4-6,20-40k,-0.09994948269974868
Mitsubishi Mirage,2017,38902,14590,15890.0,22,6,4-6,20-40k,-0.9069671873830439
INFINITI Q,2014,99536,18990,25347.133333333335,30,9,8-10,80-100k,-0.35214251541327846
Ford EcoSport,2018,34802,18990,19908.256756756757,74,5,4-6,20-40k,-0.35214251541327846
Subaru Crosstrek,2017,97665,19590,24538.548387096773,31,6,4-6,80-100k,-0.2764846055992195
Hyundai Sonata,2016,50915,18590,16759.738562091505,153,7,6-8,40-60k,-0.4025811219559844
MAZDA MX- Miata RF,2017,53544,24990,25140.0,4,6,4-6,40-60k,0.4044365827273108
Hyundai Sonata,2014,88086,14990,16759.738562091505,153,9,8-10,80-100k,-0.856528580840338
Toyota Corolla,2017,37200,19990,18560.486988847584,269,6,4-6,20-40k,-0.22604599905651357
Chevrolet Malibu,2021,33150,21590,19288.927536231884,69,2,0-2,20-40k,-0.02429157288568976
Hyundai Sonata,2018,65194,16990,16759.738562091505,153,5,4-6,60-80k,-0.6043355481268082
Buick Encore,2018,50504,20990,18820.149425287356,87,5,4-6,40-60k,-0.09994948269974868
Nissan Altima,2020,68360,17990,19293.97340425532,188,3,2-4,60-80k,-0.47823903177004334
Toyota Prius,2015,97375,18590,19496.666666666668,60,8,6-8,80-100k,-0.4025811219559844
Kia Forte,2020,39004,19590,17017.92156862745,102,3,2-4,20-40k,-0.2764846055992195
Ford Edge,2018,54205,23590,20629.243243243243,74,5,4-6,40-60k,0.22790145982784
Dodge Challenger,2019,73972,24590,31835.757575757576,33,4,2-4,60-80k,0.3539979761846049
GMC Terrain,2018,49915,22590,21643.57627118644,59,5,4-6,40-60k,0.10180494347107512
Nissan Altima,2020,48388,20990,19293.97340425532,188,3,2-4,40-60k,-0.09994948269974868
Kia Soul,2021,36030,19990,17106.064516129034,124,2,0-2,20-40k,-0.22604599905651357
Nissan Sentra,2019,67107,16590,17151.21551724138,116,4,2-4,60-80k,-0.6547741546695142
Kia Soul,2015,37786,15590,17106.064516129034,124,8,6-8,20-40k,-0.780870671026279
Ford Expedition,2015,93800,23590,31170.0,6,8,6-8,80-100k,0.22790145982784
Chevrolet Cruze,2019,26256,19990,15992.5,80,4,2-4,20-40k,-0.22604599905651357
Hyundai Kona,2021,48505,19990,22149.1,30,2,0-2,40-60k,-0.22604599905651357
MAZDA CX-,2021,38750,22990,23001.7,140,2,0-2,20-40k,0.15224355001378106
Nissan Altima,2017,67172,17590,19293.97340425532,188,6,4-6,60-80k,-0.5286776383127493
Nissan Armada,2020,60836,28590,30834.555555555555,9,3,2-4,60-80k,0.8583840416116644
Subaru Impreza,2018,62308,19590,19643.23076923077,26,5,4-6,60-80k,-0.2764846055992195
Volkswagen Passat,2017,51297,17590,18311.052631578947,76,6,4-6,40-60k,-0.5286776383127493
MINI Countryman,2013,68161,16990,19147.14285714286,42,10,8-10,60-80k,-0.6043355481268082
MAZDA CX-,2021,41997,22590,23001.7,140,2,0-2,40-60k,0.10180494347107512
Buick Enclave,2020,63268,28590,25804.4,25,3,2-4,60-80k,0.8583840416116644
Buick Encore GX,2022,14909,24990,23802.85714285714,14,1,0-2,0-20k,0.4044365827273108
Toyota Corolla,2010,103693,12990,18560.486988847584,269,13,10-15,100-130k,-1.1087216135538678
Chevrolet Silverado  Crew Cab,2021,21189,41990,38677.5,16,2,0-2,20-40k,2.548077360792314
Toyota Camry,2014,62329,17590,20721.41134751773,141,9,8-10,60-80k,-0.5286776383127493
Nissan Rogue,2018,54357,19990,20382.880165289258,242,5,4-6,40-60k,-0.22604599905651357
Chevrolet Cruze,2019,65640,17590,15992.5,80,4,2-4,60-80k,-0.5286776383127493
Hyundai Elantra,2019,47563,18990,17041.33846153846,195,4,2-4,40-60k,-0.35214251541327846
Nissan Maxima,2018,46937,23990,24153.521739130436,23,5,4-6,40-60k,0.278340066370546
Ford Fusion,2015,73621,15590,18113.032,125,8,6-8,60-80k,-0.780870671026279
Ford Focus,2017,28719,15990,14996.451612903225,93,6,4-6,20-40k,-0.7304320644835731
Honda Accord,2018,46872,26590,20338.34351145038,131,5,4-6,40-60k,0.6061910088981346
Ford Fiesta,2019,52652,15590,14645.737704918032,61,4,2-4,40-60k,-0.780870671026279
Chevrolet Equinox,2018,34245,20990,19319.105263157893,171,5,4-6,20-40k,-0.09994948269974868
Chevrolet Tahoe,2020,70711,39590,35390.0,3,3,2-4,60-80k,2.245445721536078
Nissan Armada,2019,62813,36590,30834.555555555555,9,4,2-4,60-80k,1.8671561724657835
Ford EcoSport,2021,44697,18990,19908.256756756757,74,2,0-2,40-60k,-0.35214251541327846
Ford Flex,2016,101031,18590,23264.36,25,7,6-8,100-130k,-0.4025811219559844
Mercedes-Benz SLK-Class,2009,44171,20590,23634.444444444445,9,14,10-15,40-60k,-0.15038808924245464
Honda Civic,2018,38960,20990,18925.32380952381,210,5,4-6,20-40k,-0.09994948269974868
Mercedes-Benz C-Class,2014,65214,19590,25064.074074074073,27,9,8-10,60-80k,-0.2764846055992195
Chevrolet Sonic,2019,59875,15990,14630.90909090909,44,4,2-4,40-60k,-0.7304320644835731
Toyota Corolla,2013,80121,14590,18560.486988847584,269,10,8-10,80-100k,-0.9069671873830439
INFINITI QX,2021,35893,31990,26679.234375,64,2,0-2,20-40k,1.287112197224665
Kia Soul,2021,8967,21590,17106.064516129034,124,2,0-2,0-20k,-0.02429157288568976
Ford Fiesta,2019,51891,15590,14645.737704918032,61,4,2-4,40-60k,-0.780870671026279
Jeep Cherokee,2014,54087,16990,21467.63829787234,141,9,8-10,40-60k,-0.6043355481268082
Chevrolet Trax,2017,74313,15590,18076.951219512193,82,6,4-6,60-80k,-0.780870671026279
Ford Bronco Sport,2021,24938,30590,34074.625,16,2,0-2,20-40k,1.1105770743251941
Dodge Challenger,2016,47231,22990,31835.757575757576,33,7,6-8,40-60k,0.15224355001378106
Jeep Cherokee,2017,37196,19590,21467.63829787234,141,6,4-6,20-40k,-0.2764846055992195
INFINITI Q,2017,63928,21990,25347.133333333335,30,6,4-6,60-80k,0.026147033657016195
Honda CR-V,2011,68297,15990,21022.757009345794,107,12,10-15,60-80k,-0.7304320644835731
MINI Convertible,2016,42207,22590,21253.157894736843,19,7,6-8,40-60k,0.10180494347107512
Chevrolet Equinox,2018,81456,17590,19319.105263157893,171,5,4-6,80-100k,-0.5286776383127493
Lincoln MKX,2013,60615,17990,22950.0,10,10,8-10,60-80k,-0.47823903177004334
Nissan Rogue,2021,46609,23651,20382.880165289258,242,2,0-2,40-60k,0.23559334732560266
Ford Flex,2016,41036,23990,23264.36,25,7,6-8,40-60k,0.278340066370546
Dodge Journey,2020,55182,18251,19075.328125,64,3,2-4,40-60k,-0.4453278410009277
Nissan Rogue,2021,48236,23099,20382.880165289258,242,2,0-2,40-60k,0.16598807029666846
Toyota Prius,2012,47183,19590,19496.666666666668,60,11,10-15,40-60k,-0.2764846055992195
Hyundai Elantra,2015,92069,12990,17041.33846153846,195,8,6-8,80-100k,-1.1087216135538678
Ford Edge,2020,47209,23595,20629.243243243243,74,3,2-4,40-60k,0.22853194240962382
GMC Yukon,2014,100978,23990,29710.0,5,9,8-10,100-130k,0.278340066370546
Chrysler Pacifica,2018,103425,19990,26151.657142857144,35,5,4-6,100-130k,-0.22604599905651357
Nissan Rogue,2019,60365,20990,20382.880165289258,242,4,2-4,60-80k,-0.09994948269974868
FIAT X,2016,52698,18590,17755.217391304348,23,7,6-8,40-60k,-0.4025811219559844
Hyundai Santa Fe,2021,46653,22595,23761.17391304348,46,2,0-2,40-60k,0.10243542605285895
Jeep Patriot,2016,61665,18590,16252.5,48,7,6-8,60-80k,-0.4025811219559844
Nissan Rogue Sport,2020,52753,20900,20399.048387096773,62,3,2-4,40-60k,-0.11129816917185753
Jeep Compass,2014,63525,15990,20590.543103448275,116,9,8-10,60-80k,-0.7304320644835731
Jeep Compass,2017,94901,14990,20590.543103448275,116,6,4-6,80-100k,-0.856528580840338
Hyundai Santa Fe,2020,60354,22695,23761.17391304348,46,3,2-4,60-80k,0.11504507768853543
Ford Fiesta,2015,106396,11990,14645.737704918032,61,8,6-8,100-130k,-1.2348181299106327
Jeep Compass,2015,45949,18990,20590.543103448275,116,8,6-8,40-60k,-0.35214251541327846
Ford Fiesta,2014,67741,16990,14645.737704918032,61,9,8-10,60-80k,-0.6043355481268082
Hyundai Elantra,2021,49356,21590,17041.33846153846,195,2,0-2,40-60k,-0.02429157288568976
Honda Accord,2017,45226,22990,20338.34351145038,131,6,4-6,40-60k,0.15224355001378106
Ram  Regular Cab,2015,63835,24590,24630.0,5,8,6-8,60-80k,0.3539979761846049
Honda Civic,2013,18448,19990,18925.32380952381,210,10,8-10,0-20k,-0.22604599905651357
Chevrolet Equinox,2015,22843,20590,19319.105263157893,171,8,6-8,20-40k,-0.15038808924245464
Toyota Camry,2016,74551,17990,20721.41134751773,141,7,6-8,60-80k,-0.47823903177004334
Nissan Versa,2017,104267,12590,15995.263157894737,95,6,4-6,100-130k,-1.1591602200965736
Chevrolet Equinox,2021,47330,19999,19319.105263157893,171,2,0-2,40-60k,-0.2249111304093027
Hyundai Elantra,2018,63809,15990,17041.33846153846,195,5,4-6,60-80k,-0.7304320644835731
FIAT  Abarth,2018,47459,21990,18890.0,4,5,4-6,40-60k,0.026147033657016195
Chevrolet Malibu,2014,70869,15990,19288.927536231884,69,9,8-10,60-80k,-0.7304320644835731
Ford Edge,2019,51027,21699,20629.243243243243,74,4,2-4,40-60k,-0.010547052602802387
Nissan Sentra,2020,7638,18990,17151.21551724138,116,3,2-4,0-20k,-0.35214251541327846
Acura TLX,2015,74395,19990,22612.222222222223,9,8,6-8,60-80k,-0.22604599905651357
Toyota Camry,2014,57213,17590,20721.41134751773,141,9,8-10,40-60k,-0.5286776383127493
Chrysler,2021,53086,24222,20993.80612244898,98,2,0-2,40-60k,0.3075944581653154
Honda Civic,2014,62415,16590,18925.32380952381,210,9,8-10,60-80k,-0.6547741546695142
Toyota Corolla,2020,52922,19999,18560.486988847584,269,3,2-4,40-60k,-0.2249111304093027
Volkswagen Jetta,2012,46166,17990,17068.442477876106,113,11,10-15,40-60k,-0.47823903177004334
Volkswagen Golf SportWagen,2019,45524,22990,20065.0,8,4,2-4,40-60k,0.15224355001378106
Nissan Rogue Sport,2018,50594,18995,20399.048387096773,62,5,4-6,40-60k,-0.3515120328314946
Audi A,2017,78198,21590,24272.608695652172,46,6,4-6,60-80k,-0.02429157288568976
Acura TLX,2015,34312,22990,22612.222222222223,9,8,6-8,20-40k,0.15224355001378106
Nissan Pathfinder,2018,60442,22590,22727.11111111111,36,5,4-6,60-80k,0.10180494347107512
Hyundai Accent,2014,97313,12590,15905.254237288136,59,9,8-10,80-100k,-1.1591602200965736
Nissan Rogue,2018,81040,20990,20382.880165289258,242,5,4-6,80-100k,-0.09994948269974868
Ford Mustang,2016,68471,22990,25856.117647058825,102,7,6-8,60-80k,0.15224355001378106
Nissan Pathfinder,2017,69932,19590,22727.11111111111,36,6,4-6,60-80k,-0.2764846055992195
Volkswagen CC,2016,17243,22990,16275.714285714286,14,7,6-8,0-20k,0.15224355001378106
Toyota Corolla,2011,64466,16590,18560.486988847584,269,12,10-15,60-80k,-0.6547741546695142
Jeep Wrangler,2011,93309,23990,26477.5,32,12,10-15,80-100k,0.278340066370546
Jeep Renegade,2016,53145,20990,20176.3661971831,71,7,6-8,40-60k,-0.09994948269974868
Ford EcoSport,2018,41713,17588,19908.256756756757,74,5,4-6,40-60k,-0.5289298313454628
Dodge Journey,2016,62415,16990,19075.328125,64,7,6-8,60-80k,-0.6043355481268082
Nissan Rogue,2015,42413,19990,20382.880165289258,242,8,6-8,40-60k,-0.22604599905651357
Kia Sportage,2018,43017,19990,20804.091954022988,87,5,4-6,40-60k,-0.22604599905651357
Dodge Journey,2015,35855,18990,19075.328125,64,8,6-8,20-40k,-0.35214251541327846
Kia Sorento,2017,91514,18990,21217.59405940594,101,6,4-6,80-100k,-0.35214251541327846
Kia Sorento,2017,68016,18590,21217.59405940594,101,6,4-6,60-80k,-0.4025811219559844
Nissan Rogue,2015,76771,17990,20382.880165289258,242,8,6-8,60-80k,-0.47823903177004334
Hyundai Santa Fe,2021,43808,23851,23761.17391304348,46,2,0-2,40-60k,0.26081265059695563
Jeep Wrangler,2009,29553,22590,26477.5,32,14,10-15,20-40k,0.10180494347107512
Ford Escape,2020,51260,23990,19376.448,125,3,2-4,40-60k,0.278340066370546
Dodge Journey,2015,76044,18990,19075.328125,64,8,6-8,60-80k,-0.35214251541327846
BMW  Series,2010,56282,16990,25277.301587301587,126,13,10-15,40-60k,-0.6043355481268082
Hyundai Santa Fe,2020,54211,23851,23761.17391304348,46,3,2-4,40-60k,0.26081265059695563
Jeep Wrangler,2013,100890,24990,26477.5,32,10,8-10,100-130k,0.4044365827273108
Nissan Rogue,2016,81876,17590,20382.880165289258,242,7,6-8,80-100k,-0.5286776383127493
Ford Taurus,2014,68526,17990,17145.555555555555,18,9,8-10,60-80k,-0.47823903177004334
Hyundai Santa Fe Sport,2017,56193,19990,18512.222222222223,36,6,4-6,40-60k,-0.22604599905651357
Buick Encore,2018,45717,20748,18820.149425287356,87,5,4-6,40-60k,-0.13046483965808578
Chrysler Town & Country,2015,56182,21990,17956.666666666668,24,8,6-8,40-60k,0.026147033657016195
Volkswagen Tiguan,2019,29548,24990,20451.456140350878,57,4,2-4,20-40k,0.4044365827273108
Volkswagen Tiguan,2017,61735,17990,20451.456140350878,57,6,4-6,60-80k,-0.47823903177004334
INFINITI G,2013,43349,21990,18252.5,16,10,8-10,40-60k,0.026147033657016195
Subaru Crosstrek,2018,102947,20990,24538.548387096773,31,5,4-6,100-130k,-0.09994948269974868
MINI Hardtop,2012,92665,14590,16547.14285714286,14,11,10-15,80-100k,-0.9069671873830439
Kia Optima,2015,82519,15990,17867.048076923078,104,8,6-8,80-100k,-0.7304320644835731
Nissan Rogue,2021,52618,24695,20382.880165289258,242,2,0-2,40-60k,0.3672381104020652
Jeep Cherokee,2018,30538,22590,21467.63829787234,141,5,4-6,20-40k,0.10180494347107512
Nissan Kicks,2020,24221,22990,19809.626373626375,91,3,2-4,20-40k,0.15224355001378106
Jeep Compass,2019,45026,21990,20590.543103448275,116,4,2-4,40-60k,0.026147033657016195
Ford Edge,2019,55940,21399,20629.243243243243,74,4,2-4,40-60k,-0.04837600750983185
Nissan Rogue,2016,82187,16990,20382.880165289258,242,7,6-8,80-100k,-0.6043355481268082
Hyundai Elantra,2015,47488,16590,17041.33846153846,195,8,6-8,40-60k,-0.6547741546695142
Toyota Corolla,2016,41132,18590,18560.486988847584,269,7,6-8,40-60k,-0.4025811219559844
Nissan Rogue,2021,43686,24300,20382.880165289258,242,2,0-2,40-60k,0.31742998644114306
Honda Civic,2014,14436,19990,18925.32380952381,210,9,8-10,0-20k,-0.22604599905651357
Ford Fusion,2012,71293,14990,18113.032,125,11,10-15,60-80k,-0.856528580840338
Ford Escape,2020,56234,24590,19376.448,125,3,2-4,40-60k,0.3539979761846049
Jeep Patriot,2014,101454,14590,16252.5,48,9,8-10,100-130k,-0.9069671873830439
Honda Civic,2015,41018,19990,18925.32380952381,210,8,6-8,40-60k,-0.22604599905651357
Nissan Frontier Crew Cab,2016,51491,23990,26840.0,16,7,6-8,40-60k,0.278340066370546
Jeep Compass,2019,25227,24990,20590.543103448275,116,4,2-4,20-40k,0.4044365827273108
Ford Mustang,2014,58450,18990,25856.117647058825,102,9,8-10,40-60k,-0.35214251541327846
Kia Sportage,2021,29919,22990,20804.091954022988,87,2,0-2,20-40k,0.15224355001378106
Kia Rio,2015,42444,15590,16682.0,35,8,6-8,40-60k,-0.780870671026279
Hyundai Elantra,2017,65195,15990,17041.33846153846,195,6,4-6,60-80k,-0.7304320644835731
Kia Optima,2013,47535,18990,17867.048076923078,104,10,8-10,40-60k,-0.35214251541327846
Kia Sportage,2022,36941,23990,20804.091954022988,87,1,0-2,20-40k,0.278340066370546
Scion iM,2016,93673,15990,16440.0,8,7,6-8,80-100k,-0.7304320644835731
Kia Sportage,2019,51332,22990,20804.091954022988,87,4,2-4,40-60k,0.15224355001378106
Chevrolet Cruze,2017,88059,15590,15992.5,80,6,4-6,80-100k,-0.780870671026279
Volkswagen Golf,2016,62230,18990,17881.666666666668,24,7,6-8,60-80k,-0.35214251541327846
Honda Civic,2015,78086,15990,18925.32380952381,210,8,6-8,60-80k,-0.7304320644835731
Jeep Patriot,2017,66681,16590,16252.5,48,6,4-6,60-80k,-0.6547741546695142
Subaru Legacy,2017,48308,20590,20081.428571428572,21,6,4-6,40-60k,-0.15038808924245464
Honda Civic,2013,25708,17990,18925.32380952381,210,10,8-10,20-40k,-0.47823903177004334
Toyota Prius c,2014,59630,18990,17890.0,16,9,8-10,40-60k,-0.35214251541327846
Kia Soul,2016,95000,13990,17106.064516129034,124,7,6-8,80-100k,-0.9826250971971029
Volkswagen Jetta,2013,82631,13590,17068.442477876106,113,10,8-10,80-100k,-1.0330637037398087
Chevrolet Spark EV,2015,34900,15990,15332.857142857143,14,8,6-8,20-40k,-0.7304320644835731
Kia Forte,2017,77801,14990,17017.92156862745,102,6,4-6,60-80k,-0.856528580840338
Volkswagen Jetta,2015,91299,13590,17068.442477876106,113,8,6-8,80-100k,-1.0330637037398087
Nissan Murano,2014,38352,18990,23491.560606060608,66,9,8-10,20-40k,-0.35214251541327846
Kia Seltos,2021,31095,24590,25770.0,10,2,0-2,20-40k,0.3539979761846049
Dodge Journey,2018,41022,22590,19075.328125,64,5,4-6,40-60k,0.10180494347107512
Nissan Kicks,2020,47202,18395,19809.626373626375,91,3,2-4,40-60k,-0.4271699426455536
Kia Forte,2022,7533,23990,17017.92156862745,102,1,0-2,0-20k,0.278340066370546
Kia Soul EV,2016,78432,15590,16590.0,3,7,6-8,60-80k,-0.780870671026279
Hyundai Elantra,2015,35337,16590,17041.33846153846,195,8,6-8,20-40k,-0.6547741546695142
Kia Forte,2016,60417,14590,17017.92156862745,102,7,6-8,60-80k,-0.9069671873830439
Hyundai Sonata,2013,31574,17590,16759.738562091505,153,10,8-10,20-40k,-0.5286776383127493
Kia Forte Koup,2016,40410,16990,16190.0,3,7,6-8,40-60k,-0.6043355481268082
Mitsubishi Outlander Sport,2017,64442,15990,18771.48148148148,54,6,4-6,60-80k,-0.7304320644835731
Nissan Rogue,2017,64544,18990,20382.880165289258,242,6,4-6,60-80k,-0.35214251541327846
Honda Civic,2012,81485,14990,18925.32380952381,210,11,10-15,80-100k,-0.856528580840338
Honda Civic,2012,61640,15990,18925.32380952381,210,11,10-15,60-80k,-0.7304320644835731
Honda Civic,2015,91618,16590,18925.32380952381,210,8,6-8,80-100k,-0.6547741546695142
Subaru Forester,2017,22803,24990,20446.25,32,6,4-6,20-40k,0.4044365827273108
Hyundai Elantra,2020,55497,19590,17041.33846153846,195,3,2-4,40-60k,-0.2764846055992195
Mercedes-Benz C-Class,2014,48503,20990,25064.074074074073,27,9,8-10,40-60k,-0.09994948269974868
Kia Soul,2017,29937,18990,17106.064516129034,124,6,4-6,20-40k,-0.35214251541327846
MAZDA MAZDA,2018,49368,21590,17840.6338028169,142,5,4-6,40-60k,-0.02429157288568976
Jeep Cherokee,2016,84893,16990,21467.63829787234,141,7,6-8,80-100k,-0.6043355481268082
Nissan Murano,2020,58739,21998,23491.560606060608,66,3,2-4,40-60k,0.027155805787870312
Ford Mustang,2009,62810,19990,25856.117647058825,102,14,10-15,60-80k,-0.22604599905651357
Lexus ES,2011,81768,15990,26148.61111111111,36,12,10-15,80-100k,-0.7304320644835731
Nissan JUKE,2016,85394,15990,16066.190476190477,21,7,6-8,80-100k,-0.7304320644835731
Toyota Corolla,2009,57117,14990,18560.486988847584,269,14,10-15,40-60k,-0.856528580840338
Nissan JUKE,2014,95844,14990,16066.190476190477,21,9,8-10,80-100k,-0.856528580840338
Ford Escape,2018,48522,16999,19376.448,125,5,4-6,40-60k,-0.6032006794795973
Nissan Rogue,2021,45078,24851,20382.880165289258,242,2,0-2,40-60k,0.3869091669537205
Acura TL,2013,92269,17590,17412.222222222223,9,10,8-10,80-100k,-0.5286776383127493
Scion xB,2014,19699,19990,18040.0,4,9,8-10,0-20k,-0.22604599905651357
Dodge Dart,2013,71725,13590,15032.105263157895,19,10,8-10,60-80k,-1.0330637037398087
Kia Forte,2017,84317,13990,17017.92156862745,102,6,4-6,80-100k,-0.9826250971971029
Nissan Versa,2015,60978,13590,15995.263157894737,95,8,6-8,60-80k,-1.0330637037398087
Chevrolet Impala,2020,54297,22151,20195.8,40,3,2-4,40-60k,0.04644857279045534
Toyota Avalon,2014,82962,21990,23526.363636363636,22,9,8-10,80-100k,0.026147033657016195
Nissan Kicks,2020,19270,23990,19809.626373626375,91,3,2-4,0-20k,0.278340066370546
Hyundai Elantra,2019,35348,19590,17041.33846153846,195,4,2-4,20-40k,-0.2764846055992195
Dodge Grand Caravan Passenger,2018,50760,22990,18365.342465753423,73,5,4-6,40-60k,0.15224355001378106
Chevrolet Trax,2015,63497,15990,18076.951219512193,82,8,6-8,60-80k,-0.7304320644835731
Volvo S,2015,89893,16990,22542.380952380954,21,8,6-8,80-100k,-0.6043355481268082
Chevrolet Spark EV,2016,37232,15590,15332.857142857143,14,7,6-8,20-40k,-0.780870671026279
Ford Focus,2018,42250,15990,14996.451612903225,93,5,4-6,40-60k,-0.7304320644835731
Hyundai Venue,2021,29304,20251,21417.8,20,2,0-2,20-40k,-0.19313480828739793
Chevrolet Trax,2015,51629,15990,18076.951219512193,82,8,6-8,40-60k,-0.7304320644835731
Jeep Compass,2020,45502,23051,20590.543103448275,116,3,2-4,40-60k,0.15993543751154374
Nissan Altima,2021,49481,18551,19293.97340425532,188,2,0-2,40-60k,-0.4074988860938982
Toyota Camry,2012,30009,18990,20721.41134751773,141,11,10-15,20-40k,-0.35214251541327846
Hyundai Santa Fe,2020,60752,22951,23761.17391304348,46,3,2-4,60-80k,0.14732578587586725
Nissan Versa,2015,100729,12990,15995.263157894737,95,8,6-8,100-130k,-1.1087216135538678
Lexus IS,2016,71027,24590,23340.0,28,7,6-8,60-80k,0.3539979761846049
Jeep Cherokee,2020,18493,24990,21467.63829787234,141,3,2-4,0-20k,0.4044365827273108
Chevrolet Equinox,2015,101935,14990,19319.105263157893,171,8,6-8,100-130k,-0.856528580840338
Nissan Sentra,2017,55065,15590,17151.21551724138,116,6,4-6,40-60k,-0.780870671026279
Toyota Corolla,2018,47103,18990,18560.486988847584,269,5,4-6,40-60k,-0.35214251541327846
Ford Escape,2018,40297,19451,19376.448,125,5,4-6,40-60k,-0.29401202137280985
BMW  Series,2015,72846,19990,25277.301587301587,126,8,6-8,60-80k,-0.22604599905651357
Chevrolet Camaro,2014,32314,24590,26673.675324675325,77,9,8-10,20-40k,0.3539979761846049
Chevrolet Equinox,2013,44497,16990,19319.105263157893,171,10,8-10,40-60k,-0.6043355481268082
Chevrolet Trax,2016,70308,15990,18076.951219512193,82,7,6-8,60-80k,-0.7304320644835731
Dodge Charger,2016,53086,22590,27191.571428571428,35,7,6-8,40-60k,0.10180494347107512
Dodge Grand Caravan Passenger,2017,73086,17990,18365.342465753423,73,6,4-6,60-80k,-0.47823903177004334
Volkswagen Jetta,2015,47182,15590,17068.442477876106,113,8,6-8,40-60k,-0.780870671026279
Honda CR-V,2011,94901,14990,21022.757009345794,107,12,10-15,80-100k,-0.856528580840338
Chrysler Pacifica,2017,97389,18990,26151.657142857144,35,6,4-6,80-100k,-0.35214251541327846
INFINITI Q,2015,57015,19990,25347.133333333335,30,8,6-8,40-60k,-0.22604599905651357
Nissan Altima,2016,92411,14990,19293.97340425532,188,7,6-8,80-100k,-0.856528580840338
Ford EcoSport,2018,29834,20590,19908.256756756757,74,5,4-6,20-40k,-0.15038808924245464
Jeep Compass,2018,82168,18590,20590.543103448275,116,5,4-6,80-100k,-0.4025811219559844
Buick Envision,2018,49534,24151,24501.2,20,5,4-6,40-60k,0.2986416055039851
Nissan Kicks,2020,41723,19651,19809.626373626375,91,3,2-4,40-60k,-0.2687927181014569
Ford Escape,2017,94048,15590,19376.448,125,6,4-6,80-100k,-0.780870671026279
Chevrolet Malibu,2016,89318,15990,19288.927536231884,69,7,6-8,80-100k,-0.7304320644835731
Volkswagen Jetta,2012,95161,12990,17068.442477876106,113,11,10-15,80-100k,-1.1087216135538678
Buick Verano,2013,82829,14990,16710.0,15,10,8-10,80-100k,-0.856528580840338
Hyundai Elantra,2017,84166,14990,17041.33846153846,195,6,4-6,80-100k,-0.856528580840338
Ford Fusion,2017,24174,18590,18113.032,125,6,4-6,20-40k,-0.4025811219559844
Toyota Camry,2017,52525,21990,20721.41134751773,141,6,4-6,40-60k,0.026147033657016195
Mitsubishi Mirage,2020,12449,17990,15890.0,22,3,2-4,0-20k,-0.47823903177004334
Nissan Versa,2017,58573,14990,15995.263157894737,95,6,4-6,40-60k,-0.856528580840338
Hyundai Sonata,2021,36457,20429,16759.738562091505,153,2,0-2,20-40k,-0.1706896283758938
Chevrolet Impala,2018,60431,21590,20195.8,40,5,4-6,60-80k,-0.02429157288568976
Toyota Camry,2016,90654,17990,20721.41134751773,141,7,6-8,80-100k,-0.47823903177004334
Scion iM,2016,98736,15990,16440.0,8,7,6-8,80-100k,-0.7304320644835731
Volkswagen Tiguan,2017,80363,16990,20451.456140350878,57,6,4-6,80-100k,-0.6043355481268082
Toyota C-HR,2019,36744,22118,23407.366666666665,30,4,2-4,20-40k,0.042287387750682096
Toyota Corolla,2011,92314,13590,18560.486988847584,269,12,10-15,80-100k,-1.0330637037398087
Jeep Cherokee,2017,62418,20990,21467.63829787234,141,6,4-6,60-80k,-0.09994948269974868
Hyundai Elantra,2013,19662,17590,17041.33846153846,195,10,8-10,0-20k,-0.5286776383127493
Honda Accord,2016,44128,22990,20338.34351145038,131,7,6-8,40-60k,0.15224355001378106
MINI Hardtop  Door,2015,87169,15990,20638.64864864865,37,8,6-8,80-100k,-0.7304320644835731
Honda HR-V,2019,51310,21200,22338.0,43,4,2-4,40-60k,-0.07346921426482807
Kia Forte,2014,105419,12590,17017.92156862745,102,9,8-10,100-130k,-1.1591602200965736
Kia Forte,2020,36955,18919,17017.92156862745,102,3,2-4,20-40k,-0.36109536807460874
MAZDA MAZDA,2016,82475,16590,17840.6338028169,142,7,6-8,80-100k,-0.6547741546695142
Nissan Kicks,2021,41215,19188,19809.626373626375,91,2,0-2,40-60k,-0.327175405174639
Nissan Kicks,2018,48059,18990,19809.626373626375,91,5,4-6,40-60k,-0.35214251541327846
Lincoln MKZ,2017,82893,20990,21467.777777777777,18,6,4-6,80-100k,-0.09994948269974868
Honda Accord,2017,96028,20590,20338.34351145038,131,6,4-6,80-100k,-0.15038808924245464
Kia Sorento,2020,11733,26990,21217.59405940594,101,3,2-4,0-20k,0.6566296154408406
Dodge Challenger,2021,30481,28590,31835.757575757576,33,2,0-2,20-40k,0.8583840416116644
MAZDA MX- Miata,2017,10080,25990,22241.28205128205,39,6,4-6,0-20k,0.5305330990840758
Acura MDX,2018,86981,27990,23334.444444444445,18,5,4-6,80-100k,0.7827261317976055
BMW M,2013,58574,38990,50612.22222222222,9,10,8-10,40-60k,2.1697878117220193
INFINITI QX,2019,65136,25590,26679.234375,64,4,2-4,60-80k,0.48009449254136977
BMW X,2020,3180,43590,28257.918032786885,61,3,2-4,0-20k,2.7498317869631377
Subaru Outback,2022,24807,36590,25362.21153846154,52,1,0-2,20-40k,1.8671561724657835
Chrysler Pacifica,2018,33384,32990,26151.657142857144,35,5,4-6,20-40k,1.41320871358143
Toyota GR,2022,5334,36990,35950.0,5,1,0-2,0-20k,1.9175947790084895
Buick Encore,2022,372,27590,18820.149425287356,87,1,0-2,0-20k,0.7322875252548995
Ford Mustang,2014,32671,29990,25856.117647058825,102,9,8-10,20-40k,1.0349191645111353
Tesla Model Y,2022,7057,62990,62750.0,15,1,0-2,0-20k,5.196104204284377
Audi S,2012,44377,26990,26030.0,5,11,10-15,40-60k,0.6566296154408406
BMW  Series,2018,38989,40990,25277.301587301587,126,5,4-6,20-40k,2.421980844435549
INFINITI Q,2017,47549,27990,25347.133333333335,30,6,4-6,40-60k,0.7827261317976055
Lexus GS,2016,90427,25990,26690.0,6,7,6-8,80-100k,0.5305330990840758
Toyota Prius,2018,7219,30590,19496.666666666668,60,5,4-6,0-20k,1.1105770743251941
Volkswagen ID.,2021,11066,43590,45190.0,4,2,0-2,0-20k,2.7498317869631377
Kia Niro,2021,26956,27990,23530.0,10,2,0-2,20-40k,0.7827261317976055
Ford Mustang,2019,30310,26590,25856.117647058825,102,4,2-4,20-40k,0.6061910088981346
BMW  Series,2015,41292,25590,25277.301587301587,126,8,6-8,40-60k,0.48009449254136977
MAZDA CX-,2015,63093,18990,23001.7,140,8,6-8,60-80k,-0.35214251541327846
MAZDA MAZDA,2018,52212,19590,17840.6338028169,142,5,4-6,40-60k,-0.2764846055992195
Volkswagen Passat,2021,37176,24590,18311.052631578947,76,2,0-2,20-40k,0.3539979761846049
Nissan Altima,2019,27587,24590,19293.97340425532,188,4,2-4,20-40k,0.3539979761846049
Nissan Sentra,2019,20731,20990,17151.21551724138,116,4,2-4,20-40k,-0.09994948269974868
Subaru Outback,2016,89753,19590,25362.21153846154,52,7,6-8,80-100k,-0.2764846055992195
Honda Civic,2020,60003,24590,18925.32380952381,210,3,2-4,60-80k,0.3539979761846049
MAZDA CX-,2021,44888,19478,23001.7,140,2,0-2,40-60k,-0.2906074154311772
Ford Mustang,2014,40030,19590,25856.117647058825,102,9,8-10,40-60k,-0.2764846055992195
Chevrolet Equinox,2020,60627,20101,19319.105263157893,171,3,2-4,60-80k,-0.21204928574091267
Toyota Corolla,2022,6595,24990,18560.486988847584,269,1,0-2,0-20k,0.4044365827273108
Nissan Rogue Sport,2021,37722,21321,20399.048387096773,62,2,0-2,20-40k,-0.05821153578565951
Subaru Forester,2013,81858,16990,20446.25,32,10,8-10,80-100k,-0.6043355481268082
MAZDA CX-,2021,14203,24990,23001.7,140,2,0-2,0-20k,0.4044365827273108
Subaru Forester,2013,95840,15990,20446.25,32,10,8-10,80-100k,-0.7304320644835731
Chevrolet Equinox,2019,57993,17999,19319.105263157893,171,4,2-4,40-60k,-0.47710416312283244
Toyota C-HR,2018,39717,22990,23407.366666666665,30,5,4-6,20-40k,0.15224355001378106
Nissan Altima,2021,47029,19993,19293.97340425532,188,2,0-2,40-60k,-0.22566770950744328
Chevrolet Malibu,2017,22148,24990,19288.927536231884,69,6,4-6,20-40k,0.4044365827273108
Ford Taurus,2015,44383,18990,17145.555555555555,18,8,6-8,40-60k,-0.35214251541327846
Jeep Renegade,2017,27922,22990,20176.3661971831,71,6,4-6,20-40k,0.15224355001378106
Ford Escape,2018,50206,16993,19376.448,125,5,4-6,40-60k,-0.603957258577738
Volkswagen Jetta,2017,36799,19990,17068.442477876106,113,6,4-6,20-40k,-0.22604599905651357
MAZDA CX-,2016,58444,19990,23001.7,140,7,6-8,40-60k,-0.22604599905651357
Honda Civic,2018,31004,23990,18925.32380952381,210,5,4-6,20-40k,0.278340066370546
Honda Civic,2012,60727,15990,18925.32380952381,210,11,10-15,60-80k,-0.7304320644835731
Honda CR-V,2012,85719,16990,21022.757009345794,107,11,10-15,80-100k,-0.6043355481268082
Ford Mustang,2018,65359,23990,25856.117647058825,102,5,4-6,60-80k,0.278340066370546
MINI Hardtop  Door,2018,38907,22990,20638.64864864865,37,5,4-6,20-40k,0.15224355001378106
Ford Focus,2014,60780,13990,14996.451612903225,93,9,8-10,60-80k,-0.9826250971971029
Nissan Rogue,2021,43622,23793,20382.880165289258,242,2,0-2,40-60k,0.2534990526482633
Hyundai Kona,2018,46989,23590,22149.1,30,5,4-6,40-60k,0.22790145982784
Nissan Xterra,2012,78815,16990,16790.0,2,11,10-15,60-80k,-0.6043355481268082
Mitsubishi Mirage G,2020,14907,17590,16790.0,16,3,2-4,0-20k,-0.5286776383127493
MAZDA MAZDA,2010,38475,14990,17840.6338028169,142,13,10-15,20-40k,-0.856528580840338
Ford Mustang,2017,88478,21990,25856.117647058825,102,6,4-6,80-100k,0.026147033657016195
Nissan Murano,2020,60159,20993,23491.560606060608,66,3,2-4,60-80k,-0.09957119315067839
Dodge Grand Caravan Passenger,2016,73956,17590,18365.342465753423,73,7,6-8,60-80k,-0.5286776383127493
MAZDA MAZDA,2013,81357,14990,17840.6338028169,142,10,8-10,80-100k,-0.856528580840338
Chevrolet Spark,2021,5922,18990,15980.290909090909,55,2,0-2,0-20k,-0.35214251541327846
Chevrolet Malibu,2018,41495,20990,19288.927536231884,69,5,4-6,40-60k,-0.09994948269974868
Nissan Rogue,2021,49495,22983,20382.880165289258,242,2,0-2,40-60k,0.15136087439928372
Subaru Legacy,2017,46804,20990,20081.428571428572,21,6,4-6,40-60k,-0.09994948269974868
Hyundai Kona,2018,32281,21590,22149.1,30,5,4-6,20-40k,-0.02429157288568976
Toyota Camry,2019,40720,22990,20721.41134751773,141,4,2-4,40-60k,0.15224355001378106
Toyota Camry,2018,52315,21990,20721.41134751773,141,5,4-6,40-60k,0.026147033657016195
Chevrolet Cruze,2014,91898,12990,15992.5,80,9,8-10,80-100k,-1.1087216135538678
Volkswagen Beetle,2013,48645,17990,20275.0,40,10,8-10,40-60k,-0.47823903177004334
Toyota RAV,2018,55735,22993,23160.708333333332,72,5,4-6,40-60k,0.15262183956285136
Volkswagen Jetta,2015,44852,16590,17068.442477876106,113,8,6-8,40-60k,-0.6547741546695142
Nissan Murano,2020,56190,20993,23491.560606060608,66,3,2-4,40-60k,-0.09957119315067839
Honda Pilot,2015,78458,21990,25763.433333333334,30,8,6-8,60-80k,0.026147033657016195
Hyundai Elantra,2018,34194,19990,17041.33846153846,195,5,4-6,20-40k,-0.22604599905651357
Chrysler,2021,47366,24983,20993.80612244898,98,2,0-2,40-60k,0.40355390711281347
Volkswagen Jetta,2013,102845,12990,17068.442477876106,113,10,8-10,100-130k,-1.1087216135538678
Hyundai Sonata,2016,56381,16590,16759.738562091505,153,7,6-8,40-60k,-0.6547741546695142
Subaru Impreza,2019,53506,20990,19643.23076923077,26,4,2-4,40-60k,-0.09994948269974868
Ford Focus,2014,83610,13990,14996.451612903225,93,9,8-10,80-100k,-0.9826250971971029
Nissan Rogue,2021,36533,22993,20382.880165289258,242,2,0-2,20-40k,0.15262183956285136
Nissan Versa,2019,72682,15990,15995.263157894737,95,4,2-4,60-80k,-0.7304320644835731
Nissan Rogue,2021,44477,22983,20382.880165289258,242,2,0-2,40-60k,0.15136087439928372
Ford Fiesta,2018,52296,15990,14645.737704918032,61,5,4-6,40-60k,-0.7304320644835731
Ford Escape,2019,53618,21983,19376.448,125,4,2-4,40-60k,0.02526435804251884
Mercedes-Benz GLK-Class,2014,60079,22990,20656.666666666668,3,9,8-10,60-80k,0.15224355001378106
Ford Fusion,2014,79758,15990,18113.032,125,9,8-10,60-80k,-0.7304320644835731
Volkswagen Jetta,2015,34209,16990,17068.442477876106,113,8,6-8,20-40k,-0.6043355481268082
Nissan Kicks,2020,44225,18993,19809.626373626375,91,3,2-4,40-60k,-0.35176422586420814
Nissan Murano,2020,54037,21993,23491.560606060608,66,3,2-4,40-60k,0.026525323206086488
MAZDA MX- Miata,2009,34701,18990,22241.28205128205,39,14,10-15,20-40k,-0.35214251541327846
Dodge Grand Caravan Passenger,2019,91023,17990,18365.342465753423,73,4,2-4,80-100k,-0.47823903177004334
Ford Fusion Energi,2017,40642,23990,21670.0,5,6,4-6,40-60k,0.278340066370546
Buick Encore,2017,102361,15990,18820.149425287356,87,6,4-6,100-130k,-0.7304320644835731
Nissan Murano,2015,58098,21590,23491.560606060608,66,8,6-8,40-60k,-0.02429157288568976
Toyota Camry,2020,50048,21893,20721.41134751773,141,3,2-4,40-60k,0.01391567157041
Subaru Crosstrek,2021,44415,24993,24538.548387096773,31,2,0-2,40-60k,0.40481487227638113
Volkswagen Jetta,2018,75014,17590,17068.442477876106,113,5,4-6,60-80k,-0.5286776383127493
Chevrolet Impala,2018,80862,18990,20195.8,40,5,4-6,80-100k,-0.35214251541327846
BMW i,2017,39713,23990,20447.894736842107,38,6,4-6,20-40k,0.278340066370546
Nissan Altima,2018,63509,20990,19293.97340425532,188,5,4-6,60-80k,-0.09994948269974868
MAZDA CX-,2016,39894,23590,23001.7,140,7,6-8,20-40k,0.22790145982784
Toyota Venza,2014,97811,16990,24836.1,10,9,8-10,80-100k,-0.6043355481268082
MAZDA CX-,2014,100740,16590,23001.7,140,9,8-10,100-130k,-0.6547741546695142
Volvo XC,2016,76108,21990,27782.0,25,7,6-8,60-80k,0.026147033657016195
Chevrolet Spark,2017,49982,15590,15980.290909090909,55,6,4-6,40-60k,-0.780870671026279
Kia Optima Hybrid,2015,64541,17590,17390.0,3,8,6-8,60-80k,-0.5286776383127493
Chevrolet Trax,2019,51686,16793,18076.951219512193,82,4,2-4,40-60k,-0.6291765618490909
Toyota Prius Plug-in Hybrid,2012,60747,20590,19790.0,2,11,10-15,60-80k,-0.15038808924245464
Hyundai Sonata,2018,69156,17590,16759.738562091505,153,5,4-6,60-80k,-0.5286776383127493
Hyundai Kona,2018,42505,21993,22149.1,30,5,4-6,40-60k,0.026525323206086488
Volkswagen Beetle,2013,84768,15990,20275.0,40,10,8-10,80-100k,-0.7304320644835731
Ford Flex,2016,103301,21590,23264.36,25,7,6-8,100-130k,-0.02429157288568976
Kia Soul,2016,58000,15590,17106.064516129034,124,7,6-8,40-60k,-0.780870671026279
Ford Escape,2018,47275,22793,19376.448,125,5,4-6,40-60k,0.1274025362914984
Honda Accord,2012,99671,15990,20338.34351145038,131,11,10-15,80-100k,-0.7304320644835731
Kia Optima,2016,80110,15990,17867.048076923078,104,7,6-8,80-100k,-0.7304320644835731
Honda CR-V,2012,95810,16990,21022.757009345794,107,11,10-15,80-100k,-0.6043355481268082
Nissan Murano,2020,51079,23990,23491.560606060608,66,3,2-4,40-60k,0.278340066370546
Nissan Rogue,2018,38965,21990,20382.880165289258,242,5,4-6,20-40k,0.026147033657016195
Jeep Renegade,2017,73074,17990,20176.3661971831,71,6,4-6,60-80k,-0.47823903177004334
Nissan Altima,2016,48376,17590,19293.97340425532,188,7,6-8,40-60k,-0.5286776383127493
Ford Fiesta,2015,72726,13590,14645.737704918032,61,8,6-8,60-80k,-1.0330637037398087
Cadillac ATS,2015,65645,21990,22034.444444444445,18,8,6-8,60-80k,0.026147033657016195
Ford Edge,2018,67788,19590,20629.243243243243,74,5,4-6,60-80k,-0.2764846055992195
Honda CR-V,2012,89241,16990,21022.757009345794,107,11,10-15,80-100k,-0.6043355481268082
Hyundai Sonata,2013,72398,14590,16759.738562091505,153,10,8-10,60-80k,-0.9069671873830439
Nissan Kicks,2020,46897,18993,19809.626373626375,91,3,2-4,40-60k,-0.35176422586420814
Chevrolet Volt,2014,95832,15990,18150.0,25,9,8-10,80-100k,-0.7304320644835731
Nissan Murano,2018,31202,22990,23491.560606060608,66,5,4-6,20-40k,0.15224355001378106
Volkswagen Tiguan Limited,2017,92253,16990,18865.0,8,6,4-6,80-100k,-0.6043355481268082
Nissan Rogue Sport,2021,44778,21500,20399.048387096773,62,2,0-2,40-60k,-0.0356402593577986
Kia Sorento,2018,69436,19990,21217.59405940594,101,5,4-6,60-80k,-0.22604599905651357
Nissan Altima,2015,87143,14990,19293.97340425532,188,8,6-8,80-100k,-0.856528580840338
Nissan Altima,2021,46187,23100,19293.97340425532,188,2,0-2,40-60k,0.1661141668130252
MAZDA CX-,2013,76520,18590,23001.7,140,10,8-10,60-80k,-0.4025811219559844
Nissan Rogue Sport,2021,42890,22200,20399.048387096773,62,2,0-2,40-60k,0.05262730209193682
Ford Mustang,2013,30019,19990,25856.117647058825,102,10,8-10,20-40k,-0.22604599905651357
Nissan Rogue,2021,43671,24750,20382.880165289258,242,2,0-2,40-60k,0.37417341880168725
Nissan Sentra,2015,69187,13990,17151.21551724138,116,8,6-8,60-80k,-0.9826250971971029
Nissan Rogue,2021,50635,23500,20382.880165289258,242,2,0-2,40-60k,0.21655277335573117
Ford Fusion,2015,60025,16590,18113.032,125,8,6-8,60-80k,-0.6547741546695142
Hyundai Veloster,2017,49894,17990,17090.3125,32,6,4-6,40-60k,-0.47823903177004334
Nissan Rogue Sport,2018,23396,23990,20399.048387096773,62,5,4-6,20-40k,0.278340066370546
Toyota Prius c,2013,87834,16590,17890.0,16,10,8-10,80-100k,-0.6547741546695142
Lexus NX,2015,78988,24590,30959.23076923077,13,8,6-8,60-80k,0.3539979761846049
Toyota Yaris,2014,87018,14990,16685.238095238095,21,9,8-10,80-100k,-0.856528580840338
Nissan Rogue Sport,2017,89124,17590,20399.048387096773,62,6,4-6,80-100k,-0.5286776383127493
Chevrolet Sonic,2016,22495,16990,14630.90909090909,44,7,6-8,20-40k,-0.6043355481268082
Chevrolet Trax,2019,52021,17990,18076.951219512193,82,4,2-4,40-60k,-0.47823903177004334
Nissan Versa Note,2016,53777,14590,14502.5,16,7,6-8,40-60k,-0.9069671873830439
Nissan Rogue,2021,54200,23300,20382.880165289258,242,2,0-2,40-60k,0.19133347008437818
Mitsubishi Outlander Sport,2017,44240,17590,18771.48148148148,54,6,4-6,40-60k,-0.5286776383127493
Chevrolet Equinox,2019,56625,20100,19319.105263157893,171,4,2-4,40-60k,-0.21217538225726942
MINI Hardtop  Door,2015,103095,14990,20638.64864864865,37,8,6-8,100-130k,-0.856528580840338
Kia Forte,2021,9047,24990,17017.92156862745,102,2,0-2,0-20k,0.4044365827273108
Chevrolet Cruze,2014,54570,14990,15992.5,80,9,8-10,40-60k,-0.856528580840338
Nissan Rogue Sport,2017,30075,23590,20399.048387096773,62,6,4-6,20-40k,0.22790145982784
Ford Fusion,2016,85904,15990,18113.032,125,7,6-8,80-100k,-0.7304320644835731
Kia Forte,2016,86950,13990,17017.92156862745,102,7,6-8,80-100k,-0.9826250971971029
Kia Rio,2017,7790,17590,16682.0,35,6,4-6,0-20k,-0.5286776383127493
BMW  Series,2013,63084,21590,25277.301587301587,126,10,8-10,60-80k,-0.02429157288568976
Chevrolet Equinox,2021,39656,22049,19319.105263157893,171,2,0-2,20-40k,0.03358672812206532
Nissan Frontier Crew Cab,2018,50189,24990,26840.0,16,5,4-6,40-60k,0.4044365827273108
Volkswagen Jetta,2014,63951,15990,17068.442477876106,113,9,8-10,60-80k,-0.7304320644835731
Volkswagen Jetta,2016,64288,17590,17068.442477876106,113,7,6-8,60-80k,-0.5286776383127493
Chevrolet Equinox,2021,44855,21649,19319.105263157893,171,2,0-2,40-60k,-0.01685187842064063
Mercedes-Benz E-Class,2011,62729,22990,24882.30769230769,26,12,10-15,60-80k,0.15224355001378106
BMW i,2015,36895,19990,20447.894736842107,38,8,6-8,20-40k,-0.22604599905651357
Chevrolet Impala,2020,54413,23351,20195.8,40,3,2-4,40-60k,0.1977643924185732
Nissan Rogue,2020,49758,20851,20382.880165289258,242,3,2-4,40-60k,-0.117476898473339
Hyundai Santa Fe,2020,57323,23451,23761.17391304348,46,3,2-4,40-60k,0.2103740440542497
MAZDA MX- Miata,2012,42119,19990,22241.28205128205,39,11,10-15,40-60k,-0.22604599905651357
MINI Clubman,2017,43253,21990,20763.333333333332,15,6,4-6,40-60k,0.026147033657016195
Nissan Versa,2018,31681,15990,15995.263157894737,95,5,4-6,20-40k,-0.7304320644835731
Hyundai Accent,2015,93154,12990,15905.254237288136,59,8,6-8,80-100k,-1.1087216135538678
Nissan Altima,2016,100167,14990,19293.97340425532,188,7,6-8,100-130k,-0.856528580840338
MINI Hardtop,2010,60192,12590,16547.14285714286,14,13,10-15,60-80k,-1.1591602200965736
Chrysler Pacifica,2017,48960,24590,26151.657142857144,35,6,4-6,40-60k,0.3539979761846049
Subaru Forester,2016,91648,18990,20446.25,32,7,6-8,80-100k,-0.35214251541327846
Hyundai Santa Fe,2021,46545,22451,23761.17391304348,46,2,0-2,40-60k,0.0842775276974848
Honda Accord,2015,48931,18990,20338.34351145038,131,8,6-8,40-60k,-0.35214251541327846
Ford Escape,2016,57546,16590,19376.448,125,7,6-8,40-60k,-0.6547741546695142
Honda Civic,2017,75602,21990,18925.32380952381,210,6,4-6,60-80k,0.026147033657016195
Nissan Altima,2021,34965,22551,19293.97340425532,188,2,0-2,20-40k,0.0968871793331613
INFINITI QX,2017,89666,22590,26679.234375,64,6,4-6,80-100k,0.10180494347107512
Hyundai Azera,2012,26094,19990,19023.333333333332,6,11,10-15,20-40k,-0.22604599905651357
Scion iA,2016,59157,15590,14790.0,4,7,6-8,40-60k,-0.780870671026279
Volkswagen Beetle,2013,46657,22590,20275.0,40,10,8-10,40-60k,0.10180494347107512
Volkswagen Passat,2015,90340,15590,18311.052631578947,76,8,6-8,80-100k,-0.780870671026279
Volkswagen e-Golf,2016,34201,18990,19099.090909090908,11,7,6-8,20-40k,-0.35214251541327846
Toyota Corolla,2022,27309,22451,18560.486988847584,269,1,0-2,20-40k,0.0842775276974848
Chevrolet Trax,2021,34887,21590,18076.951219512193,82,2,0-2,20-40k,-0.02429157288568976
Nissan Altima,2021,24258,23251,19293.97340425532,188,2,0-2,20-40k,0.1851547407828967
BMW i,2016,61325,18990,20447.894736842107,38,7,6-8,60-80k,-0.35214251541327846
Ford Mustang,2013,104274,16590,25856.117647058825,102,10,8-10,100-130k,-0.6547741546695142
Ford Edge,2019,56900,24757,20629.243243243243,74,4,2-4,40-60k,0.3750560944161846
Ford Mustang,2014,64413,17990,25856.117647058825,102,9,8-10,60-80k,-0.47823903177004334
Chevrolet Equinox,2019,40898,22493,19319.105263157893,171,4,2-4,40-60k,0.08957358138446893
Chrysler Pacifica,2017,93400,19590,26151.657142857144,35,6,4-6,80-100k,-0.2764846055992195
MAZDA MAZDA,2014,97366,13990,17840.6338028169,142,9,8-10,80-100k,-0.9826250971971029
Jeep Cherokee,2014,67280,16590,21467.63829787234,141,9,8-10,60-80k,-0.6547741546695142
Nissan Murano,2017,57351,23493,23491.560606060608,66,6,4-6,40-60k,0.2156700977412338
Nissan Pathfinder,2016,93426,16990,22727.11111111111,36,7,6-8,80-100k,-0.6043355481268082
Chevrolet Volt,2017,102762,17990,18150.0,25,6,4-6,100-130k,-0.47823903177004334
Jeep Patriot,2014,91542,14590,16252.5,48,9,8-10,80-100k,-0.9069671873830439
Honda Civic,2016,13199,24590,18925.32380952381,210,7,6-8,0-20k,0.3539979761846049
MAZDA MAZDA,2011,90546,12590,17840.6338028169,142,12,10-15,80-100k,-1.1591602200965736
Chevrolet Cruze,2017,45288,17590,15992.5,80,6,4-6,40-60k,-0.5286776383127493
Nissan Altima,2021,49181,19349,19293.97340425532,188,2,0-2,40-60k,-0.30687386604119987
Ford Escape,2015,34334,18590,19376.448,125,8,6-8,20-40k,-0.4025811219559844
Jeep Cherokee,2019,48763,24990,21467.63829787234,141,4,2-4,40-60k,0.4044365827273108
INFINITI G,2011,97195,16990,18252.5,16,12,10-15,80-100k,-0.6043355481268082
Ford Focus,2014,27589,14990,14996.451612903225,93,9,8-10,20-40k,-0.856528580840338
Hyundai Elantra,2017,35527,18990,17041.33846153846,195,6,4-6,20-40k,-0.35214251541327846
Honda Fit,2019,30991,19990,17112.222222222223,54,4,2-4,20-40k,-0.22604599905651357
Scion xB,2015,51657,17590,18040.0,4,8,6-8,40-60k,-0.5286776383127493
Nissan Kicks,2021,38798,19049,19809.626373626375,91,2,0-2,20-40k,-0.34470282094822935
Volkswagen e-Golf,2016,17308,20990,19099.090909090908,11,7,6-8,0-20k,-0.09994948269974868
Volkswagen Jetta,2014,76728,15590,17068.442477876106,113,9,8-10,60-80k,-0.780870671026279
Hyundai Tucson,2017,96332,15990,20007.2,70,6,4-6,80-100k,-0.7304320644835731
Nissan Kicks,2020,54419,19124,19809.626373626375,91,3,2-4,40-60k,-0.33524558222147194
Ford Flex,2016,66478,21590,23264.36,25,7,6-8,60-80k,-0.02429157288568976
Ford EcoSport,2020,42757,18649,19908.256756756757,74,3,2-4,40-60k,-0.3951414274909353
Ford Escape,2021,54983,22448,19376.448,125,2,0-2,40-60k,0.0838992381484145
Volkswagen Passat,2013,64486,15990,18311.052631578947,76,10,8-10,60-80k,-0.7304320644835731
Kia Sportage,2019,40566,20060,20804.091954022988,87,4,2-4,40-60k,-0.21721924291154002
Scion iA,2016,77402,14590,14790.0,4,7,6-8,60-80k,-0.9069671873830439
Hyundai Tucson,2020,47572,20849,20007.2,70,3,2-4,40-60k,-0.11772909150605254
Toyota Avalon,2014,28280,22990,23526.363636363636,22,9,8-10,20-40k,0.15224355001378106
Toyota C-HR,2019,29534,23990,23407.366666666665,30,4,2-4,20-40k,0.278340066370546
Hyundai Sonata,2015,44120,16990,16759.738562091505,153,8,6-8,40-60k,-0.6043355481268082
Nissan Rogue,2021,46006,24549,20382.880165289258,242,2,0-2,40-60k,0.34882801901397753
MAZDA CX-,2016,64717,18590,23001.7,140,7,6-8,60-80k,-0.4025811219559844
Honda Pilot,2012,77738,21590,25763.433333333334,30,11,10-15,60-80k,-0.02429157288568976
Volkswagen Passat,2016,46156,16990,18311.052631578947,76,7,6-8,40-60k,-0.6043355481268082
Kia Optima,2014,71135,14990,17867.048076923078,104,9,8-10,60-80k,-0.856528580840338
MAZDA CX-,2017,17134,24990,23001.7,140,6,4-6,0-20k,0.4044365827273108
Jeep Cherokee,2018,93520,18590,21467.63829787234,141,5,4-6,80-100k,-0.4025811219559844
Chevrolet Equinox,2017,57878,18990,19319.105263157893,171,6,4-6,40-60k,-0.35214251541327846
Chevrolet Equinox,2021,47573,21348,19319.105263157893,171,2,0-2,40-60k,-0.05480692984402686
Nissan Frontier Crew Cab,2019,32859,28990,26840.0,16,4,2-4,20-40k,0.9088226481543704
MAZDA CX-,2021,15512,30990,23001.7,140,2,0-2,0-20k,1.1610156808679002
Dodge Challenger,2018,27895,31990,31835.757575757576,33,5,4-6,20-40k,1.287112197224665
Chevrolet Camaro,2012,25165,28590,26673.675324675325,77,11,10-15,20-40k,0.8583840416116644
Jeep Wrangler Unlimited,2020,30282,36590,35153.86666666667,15,3,2-4,20-40k,1.8671561724657835
Chevrolet Corvette,2009,26861,34990,48640.0,20,14,10-15,20-40k,1.6654017462949597
Cadillac XT,2019,29609,32990,29830.0,10,4,2-4,20-40k,1.41320871358143
Chevrolet Camaro,2018,43933,26990,26673.675324675325,77,5,4-6,40-60k,0.6566296154408406
Land Rover Range Rover Velar,2018,58929,44990,44490.0,2,5,4-6,40-60k,2.9263669098626086
Buick Envision,2020,36351,27990,24501.2,20,3,2-4,20-40k,0.7827261317976055
Toyota Corolla,2020,8052,27990,18560.486988847584,269,3,2-4,0-20k,0.7827261317976055
BMW  Series,2019,36306,31590,25277.301587301587,126,4,2-4,20-40k,1.236673590681959
Nissan Frontier Crew Cab,2019,28911,26590,26840.0,16,4,2-4,20-40k,0.6061910088981346
Jeep Cherokee,2021,38278,27590,21467.63829787234,141,2,0-2,20-40k,0.7322875252548995
Jeep Cherokee,2021,34067,30990,21467.63829787234,141,2,0-2,20-40k,1.1610156808679002
Hyundai Tucson,2022,14805,35590,20007.2,70,1,0-2,0-20k,1.7410596561090186
BMW  Series,2021,16644,37990,25277.301587301587,126,2,0-2,0-20k,2.0436912953652544
Buick Cascada,2016,17005,26990,24790.0,4,7,6-8,0-20k,0.6566296154408406
Hyundai IONIQ,2022,7494,47990,47990.0,2,1,0-2,0-20k,3.3046564589329033
Toyota Tacoma Double Cab,2017,61382,30590,33790.0,28,6,4-6,60-80k,1.1105770743251941
Tesla Model,2019,21686,48990,48740.0,40,4,2-4,20-40k,3.430752975289668
MINI Hardtop  Door,2023,495,35590,20638.64864864865,37,0,0-2,0-20k,1.7410596561090186
Mercedes-Benz GLA,2020,23015,32590,28110.0,10,3,2-4,20-40k,1.362770107038724
BMW X,2019,15696,37590,28257.918032786885,61,4,2-4,0-20k,1.9932526888225484
Dodge Charger,2020,12656,28990,27191.571428571428,35,3,2-4,0-20k,0.9088226481543704
Honda Accord,2020,21171,25590,20338.34351145038,131,3,2-4,20-40k,0.48009449254136977
Mercedes-Benz GLC,2017,47609,28990,31190.0,12,6,4-6,40-60k,0.9088226481543704
Lexus RX,2021,35512,55590,27399.52380952381,21,2,0-2,20-40k,4.262989983244316
BMW X,2015,61584,27590,28257.918032786885,61,8,6-8,60-80k,0.7322875252548995
Kia Carnival,2022,28251,42590,44090.0,4,1,0-2,20-40k,2.623735270606373
Tesla Model,2019,19249,42590,48740.0,40,4,2-4,0-20k,2.623735270606373
Subaru Outback,2020,13132,30990,25362.21153846154,52,3,2-4,0-20k,1.1610156808679002
Mercedes-Benz CLS-Class,2012,51124,27590,29056.666666666668,3,11,10-15,40-60k,0.7322875252548995
Chevrolet Corvette,2016,88797,40990,48640.0,20,7,6-8,80-100k,2.421980844435549
Toyota Tacoma Double Cab,2017,35702,37990,33790.0,28,6,4-6,20-40k,2.0436912953652544
MAZDA CX-,2022,7877,32990,23001.7,140,1,0-2,0-20k,1.41320871358143
Tesla Model S,2022,8454,98590,66790.0,4,1,0-2,0-20k,9.685140186585206
Subaru Outback,2022,13519,38990,25362.21153846154,52,1,0-2,0-20k,2.1697878117220193
Nissan Frontier Crew Cab,2018,51623,25990,26840.0,16,5,4-6,40-60k,0.5305330990840758
Ford Mustang MACH-E,2022,4980,51590,62190.0,6,1,0-2,0-20k,3.758603917817257
Nissan Frontier Crew Cab,2021,13671,28990,26840.0,16,2,0-2,0-20k,0.9088226481543704
Toyota Tacoma Double Cab,2019,24506,34990,33790.0,28,4,2-4,20-40k,1.6654017462949597
Nissan Kicks,2021,51139,18287,19809.626373626375,91,2,0-2,40-60k,-0.4407883664120842
Volkswagen Jetta,2014,49356,15590,17068.442477876106,113,9,8-10,40-60k,-0.780870671026279
Ford Escape,2019,46017,19391,19376.448,125,4,2-4,40-60k,-0.3015778123542157
Lexus NX,2016,82305,24990,30959.23076923077,13,7,6-8,80-100k,0.4044365827273108
Chevrolet Equinox,2018,60968,18623,19319.105263157893,171,5,4-6,60-80k,-0.39841993691621114
Nissan LEAF,2019,45424,21990,19142.63157894737,38,4,2-4,40-60k,0.026147033657016195
Lexus CT,2012,89364,17990,19990.0,8,11,10-15,80-100k,-0.47823903177004334
Chevrolet Camaro,2016,34380,24990,26673.675324675325,77,7,6-8,20-40k,0.4044365827273108
Kia Sedona,2017,65770,22990,19804.285714285714,14,6,4-6,60-80k,0.15224355001378106
Jeep Wrangler,2012,68804,23990,26477.5,32,11,10-15,60-80k,0.278340066370546
Kia Cadenza,2017,56268,21990,20765.0,8,6,4-6,40-60k,0.026147033657016195
Nissan Rogue Sport,2017,89009,19590,20399.048387096773,62,6,4-6,80-100k,-0.2764846055992195
Ford Fiesta,2019,42043,14990,14645.737704918032,61,4,2-4,40-60k,-0.856528580840338
Nissan Sentra,2017,36648,17990,17151.21551724138,116,6,4-6,20-40k,-0.47823903177004334
Ford Mustang,2015,60590,22990,25856.117647058825,102,8,6-8,60-80k,0.15224355001378106
Nissan Rogue,2020,61210,19403,20382.880165289258,242,3,2-4,60-80k,-0.30006465415793454
Dodge Grand Caravan Passenger,2018,89671,18590,18365.342465753423,73,5,4-6,80-100k,-0.4025811219559844
MAZDA MAZDA,2020,45982,23990,17840.6338028169,142,3,2-4,40-60k,0.278340066370546
Nissan Rogue,2020,60344,20106,20382.880165289258,242,3,2-4,60-80k,-0.21141880315912884
Honda Accord,2016,68823,20590,20338.34351145038,131,7,6-8,60-80k,-0.15038808924245464
Nissan Versa,2018,49775,14990,15995.263157894737,95,5,4-6,40-60k,-0.856528580840338
Dodge Journey,2016,37930,22990,19075.328125,64,7,6-8,20-40k,0.15224355001378106
Kia Sorento,2016,70914,17990,21217.59405940594,101,7,6-8,60-80k,-0.47823903177004334
Kia Sorento,2017,83861,17990,21217.59405940594,101,6,4-6,80-100k,-0.47823903177004334
Kia Sportage,2017,62091,19590,20804.091954022988,87,6,4-6,60-80k,-0.2764846055992195
Nissan Altima,2021,35102,22420,19293.97340425532,188,2,0-2,20-40k,0.0803685356904251
BMW  Series,2011,89378,14990,25277.301587301587,126,12,10-15,80-100k,-0.856528580840338
Kia Sportage,2018,81830,17990,20804.091954022988,87,5,4-6,80-100k,-0.47823903177004334
Jeep Cherokee,2014,98304,15990,21467.63829787234,141,9,8-10,80-100k,-0.7304320644835731
Chrysler Pacifica,2020,70109,24449,26151.657142857144,35,3,2-4,60-80k,0.336218367378301
Jeep Wrangler,2014,104715,24990,26477.5,32,9,8-10,100-130k,0.4044365827273108
Kia Sorento,2020,64108,21176,21217.59405940594,101,3,2-4,60-80k,-0.07649553065739043
Kia Sportage,2017,92708,17990,20804.091954022988,87,6,4-6,80-100k,-0.47823903177004334
Chevrolet Equinox,2019,60223,18399,19319.105263157893,171,4,2-4,60-80k,-0.4266655565801265
Kia Sorento,2018,83762,19990,21217.59405940594,101,5,4-6,80-100k,-0.22604599905651357
Kia Optima,2013,72864,16590,17867.048076923078,104,10,8-10,60-80k,-0.6547741546695142
Kia Sportage,2014,73512,15990,20804.091954022988,87,9,8-10,60-80k,-0.7304320644835731
Cadillac ATS,2014,54255,19590,22034.444444444445,18,9,8-10,40-60k,-0.2764846055992195
Mitsubishi Outlander Sport,2017,28316,19990,18771.48148148148,54,6,4-6,20-40k,-0.22604599905651357
Toyota Prius c,2015,99874,16590,17890.0,16,8,6-8,80-100k,-0.6547741546695142
Nissan Rogue,2020,56589,20399,20382.880165289258,242,3,2-4,40-60k,-0.17447252386659673
Nissan LEAF,2017,48961,17590,19142.63157894737,38,6,4-6,40-60k,-0.5286776383127493
Chevrolet Cruze,2017,60036,15990,15992.5,80,6,4-6,60-80k,-0.7304320644835731
Chevrolet Equinox,2015,85735,15990,19319.105263157893,171,8,6-8,80-100k,-0.7304320644835731
Audi A,2014,42308,20590,24272.608695652172,46,9,8-10,40-60k,-0.15038808924245464
Nissan Sentra,2019,49620,17590,17151.21551724138,116,4,2-4,40-60k,-0.5286776383127493
Lexus RX,2013,104848,20990,27399.52380952381,21,10,8-10,100-130k,-0.09994948269974868
Ford Escape,2018,47886,20144,19376.448,125,5,4-6,40-60k,-0.20662713553757178
Toyota Camry,2015,77757,17590,20721.41134751773,141,8,6-8,60-80k,-0.5286776383127493
Chevrolet Impala,2016,49678,19990,20195.8,40,7,6-8,40-60k,-0.22604599905651357
Chevrolet Volt,2017,99282,19990,18150.0,25,6,4-6,80-100k,-0.22604599905651357
Chevrolet Equinox,2021,42733,21674,19319.105263157893,171,2,0-2,40-60k,-0.013699465511721508
MAZDA MX- Miata,2016,31299,24590,22241.28205128205,39,7,6-8,20-40k,0.3539979761846049
Lincoln MKZ,2017,45835,24990,21467.777777777777,18,6,4-6,40-60k,0.4044365827273108
Nissan Kicks,2019,35443,19990,19809.626373626375,91,4,2-4,20-40k,-0.22604599905651357
Dodge Grand Caravan Passenger,2018,53959,20590,18365.342465753423,73,5,4-6,40-60k,-0.15038808924245464
Chevrolet Equinox,2019,47639,19699,19319.105263157893,171,4,2-4,40-60k,-0.26274008531633214
Nissan Sentra,2018,75103,15990,17151.21551724138,116,5,4-6,60-80k,-0.7304320644835731
Hyundai Tucson,2015,59325,16990,20007.2,70,8,6-8,40-60k,-0.6043355481268082
Toyota Camry,2017,20138,22990,20721.41134751773,141,6,4-6,20-40k,0.15224355001378106
Dodge Journey,2018,40201,19990,19075.328125,64,5,4-6,40-60k,-0.22604599905651357
Nissan Rogue Sport,2020,58650,21050,20399.048387096773,62,3,2-4,40-60k,-0.09238369171834279
Ford Mustang,2015,52101,22990,25856.117647058825,102,8,6-8,40-60k,0.15224355001378106
Nissan Rogue,2019,50422,20990,20382.880165289258,242,4,2-4,40-60k,-0.09994948269974868
Nissan JUKE,2015,82249,15590,16066.190476190477,21,8,6-8,80-100k,-0.780870671026279
Ford Focus,2018,62125,15990,14996.451612903225,93,5,4-6,60-80k,-0.7304320644835731
Chevrolet Equinox,2018,60049,18250,19319.105263157893,171,5,4-6,60-80k,-0.44545393751728446
Ford Fiesta,2016,80057,16990,14645.737704918032,61,7,6-8,80-100k,-0.6043355481268082
Volkswagen Touareg,2015,102274,18990,21456.666666666668,6,8,6-8,100-130k,-0.35214251541327846
Jeep Compass,2018,60916,22590,20590.543103448275,116,5,4-6,60-80k,0.10180494347107512
Chevrolet Equinox,2019,49686,21990,19319.105263157893,171,4,2-4,40-60k,0.026147033657016195
Jeep Cherokee,2019,91364,18590,21467.63829787234,141,4,2-4,80-100k,-0.4025811219559844
Toyota Corolla,2015,104984,15990,18560.486988847584,269,8,6-8,100-130k,-0.7304320644835731
Dodge Grand Caravan Passenger,2017,96120,16990,18365.342465753423,73,6,4-6,80-100k,-0.6043355481268082
FIAT L,2014,51315,14990,16690.0,12,9,8-10,40-60k,-0.856528580840338
Hyundai Venue,2020,29783,20990,21417.8,20,3,2-4,20-40k,-0.09994948269974868
Nissan Altima,2021,35565,20550,19293.97340425532,188,2,0-2,20-40k,-0.15543194989672524
Volkswagen Golf SportWagen,2015,72588,16990,20065.0,8,8,6-8,60-80k,-0.6043355481268082
Nissan Rogue,2020,55295,22599,20382.880165289258,242,3,2-4,40-60k,0.10293981211828601
Nissan Pathfinder,2014,99972,15990,22727.11111111111,36,9,8-10,80-100k,-0.7304320644835731
Nissan Murano,2018,61697,23747,23491.560606060608,66,5,4-6,60-80k,0.2476986128958521
Kia Optima,2016,59906,16990,17867.048076923078,104,7,6-8,40-60k,-0.6043355481268082
Chevrolet Trax,2019,60461,17250,18076.951219512193,82,4,2-4,60-80k,-0.5715504538740493
Ford EcoSport,2019,55342,17990,19908.256756756757,74,4,2-4,40-60k,-0.47823903177004334
Subaru Outback,2016,80745,20990,25362.21153846154,52,7,6-8,80-100k,-0.09994948269974868
Ford Fiesta,2018,71408,14590,14645.737704918032,61,5,4-6,60-80k,-0.9069671873830439
Nissan LEAF,2019,26376,24590,19142.63157894737,38,4,2-4,20-40k,0.3539979761846049
Nissan Versa,2020,22218,20990,15995.263157894737,95,3,2-4,20-40k,-0.09994948269974868
Ford EcoSport,2021,51314,19990,19908.256756756757,74,2,0-2,40-60k,-0.22604599905651357
Chevrolet Corvette,2012,12269,36590,48640.0,20,11,10-15,0-20k,1.8671561724657835
Chevrolet Silverado  Crew Cab,2017,70534,38590,38677.5,16,6,4-6,60-80k,2.1193492051793132
Chevrolet Colorado Crew Cab,2016,15861,30990,29220.76923076923,13,7,6-8,0-20k,1.1610156808679002
Tesla Model X,2019,34394,81590,79590.0,3,4,2-4,20-40k,7.541499408520203
Acura MDX,2016,60396,25990,23334.444444444445,18,7,6-8,60-80k,0.5305330990840758
MAZDA CX-,2019,62068,29990,23001.7,140,4,2-4,60-80k,1.0349191645111353
Toyota RAV,2019,65648,25990,23160.708333333332,72,4,2-4,60-80k,0.5305330990840758
Jeep Compass,2022,7480,34590,20590.543103448275,116,1,0-2,0-20k,1.6149631397522537
Jaguar F-TYPE,2020,25667,47590,47492.0,5,3,2-4,20-40k,3.2542178523901972
Chevrolet Camaro,2016,22432,37590,26673.675324675325,77,7,6-8,20-40k,1.9932526888225484
Nissan Titan Crew Cab,2017,60767,27590,33675.71428571428,7,6,4-6,60-80k,0.7322875252548995
Mercedes-Benz C-Class,2017,40882,25990,25064.074074074073,27,6,4-6,40-60k,0.5305330990840758
Dodge Charger,2018,63197,28990,27191.571428571428,35,5,4-6,60-80k,0.9088226481543704
INFINITI QX,2017,45475,25990,26679.234375,64,6,4-6,40-60k,0.5305330990840758
Volvo XC,2021,10787,40590,27782.0,25,2,0-2,0-20k,2.371542237892843
BMW  Series,2018,50134,28990,25277.301587301587,126,5,4-6,40-60k,0.9088226481543704
Subaru Outback,2020,36803,30990,25362.21153846154,52,3,2-4,20-40k,1.1610156808679002
Jeep Wrangler Unlimited,2017,33183,34590,35153.86666666667,15,6,4-6,20-40k,1.6149631397522537
Nissan Frontier Crew Cab,2019,22067,29590,26840.0,16,4,2-4,20-40k,0.9844805579684293
Kia Carnival,2022,14237,52590,44090.0,4,1,0-2,0-20k,3.8847004341740217
BMW X,2018,23876,52590,28257.918032786885,61,5,4-6,20-40k,3.8847004341740217
Ford Flex,2018,84712,24990,23264.36,25,5,4-6,80-100k,0.4044365827273108
Hyundai Elantra,2013,96431,13590,17041.33846153846,195,10,8-10,80-100k,-1.0330637037398087
Nissan Kicks,2020,51659,18711,19809.626373626375,91,3,2-4,40-60k,-0.38732344347681585
Cadillac XT,2017,71463,23990,29830.0,10,6,4-6,60-80k,0.278340066370546
Kia Soul,2018,99823,14590,17106.064516129034,124,5,4-6,80-100k,-0.9069671873830439
Lexus RX,2015,90532,22590,27399.52380952381,21,8,6-8,80-100k,0.10180494347107512
Nissan Z,2010,41622,24990,25971.81818181818,11,13,10-15,40-60k,0.4044365827273108
Jaguar XF,2017,44747,25990,25523.333333333332,6,6,4-6,40-60k,0.5305330990840758
Dodge Challenger,2014,10197,36990,31835.757575757576,33,9,8-10,0-20k,1.9175947790084895
Ford Escape,2018,49723,20364,19376.448,125,5,4-6,40-60k,-0.1788859019390835
Chevrolet Trailblazer,2022,15776,29590,24824.0,23,1,0-2,0-20k,0.9844805579684293
Ford Fusion,2020,51000,21099,18113.032,125,3,2-4,40-60k,-0.08620496241686132
BMW  Series,2017,65019,26990,25277.301587301587,126,6,4-6,60-80k,0.6566296154408406
Tesla Model,2021,10254,52990,48740.0,40,2,0-2,0-20k,3.9351390407167277
FIAT  Spider,2019,14573,31590,24176.666666666668,15,4,2-4,0-20k,1.236673590681959
Tesla Model,2021,3103,47990,48740.0,40,2,0-2,0-20k,3.3046564589329033
Lexus NX,2019,39829,31590,30959.23076923077,13,4,2-4,20-40k,1.236673590681959
Nissan Rogue,2021,63696,22203,20382.880165289258,242,2,0-2,60-80k,0.05300559164100711
Tesla Model,2020,33438,41590,48740.0,40,3,2-4,20-40k,2.497638754249608
Ford Mustang MACH-E,2022,2772,59990,62190.0,6,1,0-2,0-20k,4.817814655214082
Jaguar XF,2015,53711,26590,25523.333333333332,6,8,6-8,40-60k,0.6061910088981346
Nissan Murano,2020,57043,23050,23491.560606060608,66,3,2-4,40-60k,0.15980934099518695
Chevrolet Impala,2015,97336,16590,20195.8,40,8,6-8,80-100k,-0.6547741546695142
Subaru Crosstrek,2022,2130,33990,24538.548387096773,31,1,0-2,0-20k,1.5393052299381949
Nissan Rogue,2018,51779,19650,20382.880165289258,242,5,4-6,40-60k,-0.26891881461781364
Honda Pilot,2016,39028,27990,25763.433333333334,30,7,6-8,20-40k,0.7827261317976055
Chevrolet Equinox,2019,58001,18950,19319.105263157893,171,4,2-4,40-60k,-0.35718637606754905
Subaru Forester,2020,16874,29590,20446.25,32,3,2-4,0-20k,0.9844805579684293
Volvo S,2022,1758,53990,22542.380952380954,21,1,0-2,0-20k,4.061235557073492
BMW X,2018,53280,25990,28257.918032786885,61,5,4-6,40-60k,0.5305330990840758
Kia Sorento,2020,8233,33590,21217.59405940594,101,3,2-4,0-20k,1.4888666233954888
Mercedes-Benz E-Class,2019,13916,58590,24882.30769230769,26,4,2-4,0-20k,4.641279532314611
BMW M,2013,53272,44990,50612.22222222222,9,10,8-10,40-60k,2.9263669098626086
Hyundai Santa Fe,2020,55034,24450,23761.17391304348,46,3,2-4,40-60k,0.3363444638946578
Volvo XC,2019,21614,37990,27782.0,25,4,2-4,20-40k,2.0436912953652544
Chrysler,2021,27614,29590,20993.80612244898,98,2,0-2,20-40k,0.9844805579684293
Jeep Wrangler,2012,37269,25590,26477.5,32,11,10-15,20-40k,0.48009449254136977
Subaru Outback,2021,26219,29990,25362.21153846154,52,2,0-2,20-40k,1.0349191645111353
Toyota RAV,2017,32557,26590,23160.708333333332,72,6,4-6,20-40k,0.6061910088981346
Toyota Sequoia,2018,25461,46990,49656.666666666664,3,5,4-6,20-40k,3.1785599425761384
Mercedes-Benz GLE,2016,52147,30990,43510.0,5,7,6-8,40-60k,1.1610156808679002
Polestar,2022,8445,49990,50490.0,2,1,0-2,0-20k,3.556849491646433
Acura TLX,2016,26423,26990,22612.222222222223,9,7,6-8,20-40k,0.6566296154408406
Chevrolet Colorado Crew Cab,2018,31896,38590,29220.76923076923,13,5,4-6,20-40k,2.1193492051793132
Chevrolet Corvette,2014,20417,49590,48640.0,20,9,8-10,20-40k,3.506410885103727
Ford Expedition MAX,2018,90923,32590,44733.333333333336,6,5,4-6,80-100k,1.362770107038724
Dodge Durango,2015,69793,26590,29047.85714285714,14,8,6-8,60-80k,0.6061910088981346
Jeep Wrangler Unlimited,2021,43355,38990,35153.86666666667,15,2,0-2,40-60k,2.1697878117220193
Audi A,2018,28036,29590,24272.608695652172,46,5,4-6,20-40k,0.9844805579684293
Ford F SuperCrew Cab,2018,72561,32990,40704.71428571428,14,5,4-6,60-80k,1.41320871358143
Audi TT,2017,19485,37990,28790.0,2,6,4-6,0-20k,2.0436912953652544
BMW  Series,2018,17340,31990,25277.301587301587,126,5,4-6,0-20k,1.287112197224665
Porsche,2013,36216,67590,67590.0,1,10,8-10,20-40k,5.776148179525495
Chevrolet Corvette,2014,32000,45990,48640.0,20,9,8-10,20-40k,3.0524634262193735
Ford Ranger SuperCrew,2021,23366,34590,32950.0,5,2,0-2,20-40k,1.6149631397522537
Lexus RC,2017,23690,52990,41190.0,6,6,4-6,20-40k,3.9351390407167277
Lexus RX,2019,9529,43590,27399.52380952381,21,4,2-4,0-20k,2.7498317869631377
Chevrolet Silverado  Crew Cab,2020,28952,38990,38677.5,16,3,2-4,20-40k,2.1697878117220193
Chevrolet Equinox,2019,61023,18550,19319.105263157893,171,4,2-4,60-80k,-0.407624982610255
Mercedes-Benz GLA,2017,22488,27590,28110.0,10,6,4-6,20-40k,0.7322875252548995
Chevrolet Equinox,2021,39623,22249,19319.105263157893,171,2,0-2,20-40k,0.0588060313934183
Honda Ridgeline,2021,12657,41990,35875.71428571428,7,2,0-2,0-20k,2.548077360792314
Toyota Sienna,2017,73377,26990,31905.78947368421,38,6,4-6,60-80k,0.6566296154408406
Ford F Regular Cab,2021,25988,32590,27190.0,7,2,0-2,20-40k,1.362770107038724
Toyota RAV Hybrid,2022,5003,40590,42167.77777777778,9,1,0-2,0-20k,2.371542237892843
Kia Sorento,2021,14416,39590,21217.59405940594,101,2,0-2,0-20k,2.245445721536078
Nissan Murano,2020,53423,22370,23491.560606060608,66,3,2-4,40-60k,0.07406370987258684
BMW X,2013,50794,27990,28257.918032786885,61,10,8-10,40-60k,0.7827261317976055
Toyota Tundra CrewMax,2018,37964,39990,43901.11111111111,9,5,4-6,20-40k,2.295884328078784
Jeep Wrangler Unlimited,2017,19157,32990,35153.86666666667,15,6,4-6,0-20k,1.41320871358143
BMW X,2020,31616,35990,28257.918032786885,61,3,2-4,20-40k,1.7914982626517246
Nissan Rogue,2020,48318,24047,20382.880165289258,242,3,2-4,40-60k,0.2855275678028816
Jaguar XF,2018,19511,31990,25523.333333333332,6,5,4-6,0-20k,1.287112197224665
Hyundai Santa Fe,2022,4998,33590,23761.17391304348,46,1,0-2,0-20k,1.4888666233954888
Toyota Tacoma Double Cab,2021,2653,39990,33790.0,28,2,0-2,0-20k,2.295884328078784
Jeep Grand Cherokee,2018,26515,31590,23092.367346938776,49,5,4-6,20-40k,1.236673590681959
Nissan Kicks,2020,51408,18618,19809.626373626375,91,3,2-4,40-60k,-0.39905041949799497
Chevrolet Camaro,2016,30229,33990,26673.675324675325,77,7,6-8,20-40k,1.5393052299381949
Toyota Avalon,2019,6360,36990,23526.363636363636,22,4,2-4,0-20k,1.9175947790084895
Subaru Forester,2019,42503,26590,20446.25,32,4,2-4,40-60k,0.6061910088981346
Ford Bronco Sport,2022,9179,34990,34074.625,16,1,0-2,0-20k,1.6654017462949597
GMC Sierra  Double Cab,2016,82288,26590,31290.0,4,7,6-8,80-100k,0.6061910088981346
Tesla Model Y,2021,30319,61590,62750.0,15,2,0-2,20-40k,5.019569081384906
Ford Bronco Sport,2021,19163,31590,34074.625,16,2,0-2,0-20k,1.236673590681959
Kia Sorento,2020,39946,25590,21217.59405940594,101,3,2-4,20-40k,0.48009449254136977
Jeep Grand Cherokee,2014,80031,25990,23092.367346938776,49,9,8-10,80-100k,0.5305330990840758
Kia Sorento,2018,33594,26590,21217.59405940594,101,5,4-6,20-40k,0.6061910088981346
Kia Sorento Plug-in Hybrid,2022,27620,50990,50990.0,1,1,0-2,20-40k,3.682946008003198
Hyundai Santa Fe,2019,42718,22980,23761.17391304348,46,4,2-4,40-60k,0.15098258485021343
Ford Bronco Sport,2021,11067,35990,34074.625,16,2,0-2,0-20k,1.7914982626517246
Jeep Wrangler,2015,42890,26990,26477.5,32,8,6-8,40-60k,0.6566296154408406
Ram  Quad Cab,2014,30560,26990,33290.0,4,9,8-10,20-40k,0.6566296154408406
Kia Sorento Hybrid,2021,37356,37590,37590.0,1,2,0-2,20-40k,1.9932526888225484
Kia Sportage,2019,26823,26590,20804.091954022988,87,4,2-4,20-40k,0.6061910088981346
Ford Bronco Sport,2022,11740,37590,34074.625,16,1,0-2,0-20k,1.9932526888225484
GMC Terrain,2018,47519,23299,21643.57627118644,59,5,4-6,40-60k,0.19120737356802142
Jeep Wrangler,2014,58134,27590,26477.5,32,9,8-10,40-60k,0.7322875252548995
Ford Bronco Sport,2022,7758,41990,34074.625,16,1,0-2,0-20k,2.548077360792314
Ford Bronco Sport,2021,5763,33590,34074.625,16,2,0-2,0-20k,1.4888666233954888
Jeep Wrangler,2016,70346,31990,26477.5,32,7,6-8,60-80k,1.287112197224665
Nissan Rogue,2020,56743,21158,20382.880165289258,242,3,2-4,40-60k,-0.07876526795181218
Jeep Wrangler,2012,68603,29590,26477.5,32,11,10-15,60-80k,0.9844805579684293
Nissan Kicks,2020,48926,17999,19809.626373626375,91,3,2-4,40-60k,-0.47710416312283244
Ram  Quad Cab,2016,47729,29590,33290.0,4,7,6-8,40-60k,0.9844805579684293
Tesla Model,2022,7996,58590,48740.0,40,1,0-2,0-20k,4.641279532314611
Jeep Gladiator,2020,18906,39990,42513.0,7,3,2-4,0-20k,2.295884328078784
Nissan Altima,2020,51806,24299,19293.97340425532,188,3,2-4,40-60k,0.3173038899247863
Lexus ES,2019,25816,37590,26148.61111111111,36,4,2-4,20-40k,1.9932526888225484
Chevrolet Camaro,2021,12551,48990,26673.675324675325,77,2,0-2,0-20k,3.430752975289668
Honda Clarity Plug-in Hybrid,2018,47035,26590,26590.0,3,5,4-6,40-60k,0.6061910088981346
Volkswagen Golf GTI,2018,41510,26590,23106.129032258064,31,5,4-6,40-60k,0.6061910088981346
BMW  Series,2022,3780,52990,25277.301587301587,126,1,0-2,0-20k,3.9351390407167277
Chevrolet Camaro,2019,23681,26590,26673.675324675325,77,4,2-4,20-40k,0.6061910088981346
Chevrolet Equinox,2020,51778,19147,19319.105263157893,171,3,2-4,40-60k,-0.33234536234526635
Dodge Charger,2019,41365,40590,27191.571428571428,35,4,2-4,40-60k,2.371542237892843
Ford Bronco Sport,2021,11747,32590,34074.625,16,2,0-2,0-20k,1.362770107038724
Lexus NX,2017,48648,30590,30959.23076923077,13,6,4-6,40-60k,1.1105770743251941
Tesla Model,2020,37177,40990,48740.0,40,3,2-4,20-40k,2.421980844435549
Ford Bronco,2022,402,52590,52561.42857142857,7,1,0-2,0-20k,3.8847004341740217
Chevrolet Silverado  Crew Cab,2019,24484,37990,38677.5,16,4,2-4,20-40k,2.0436912953652544
Chevrolet Equinox,2019,62604,19450,19319.105263157893,171,4,2-4,60-80k,-0.2941381178891666
Honda Accord Hybrid,2020,18608,36990,30319.85714285714,7,3,2-4,0-20k,1.9175947790084895
Toyota Sienna,2021,21631,45590,31905.78947368421,38,2,0-2,20-40k,3.0020248196766675
Tesla Model,2019,25381,40990,48740.0,40,4,2-4,20-40k,2.421980844435549
Ram  Crew Cab,2021,55090,34590,42332.857142857145,14,2,0-2,40-60k,1.6149631397522537
Mercedes-Benz GLC,2017,33849,30590,31190.0,12,6,4-6,20-40k,1.1105770743251941
Dodge Challenger,2019,39402,27590,31835.757575757576,33,4,2-4,20-40k,0.7322875252548995
Hyundai IONIQ,2022,8058,47990,47990.0,2,1,0-2,0-20k,3.3046564589329033
Toyota Tundra Double Cab,2019,29862,34990,30193.25,4,4,2-4,20-40k,1.6654017462949597
Toyota GR,2022,3882,35990,35950.0,5,1,0-2,0-20k,1.7914982626517246
Porsche Boxster,2014,31671,41590,40290.0,2,9,8-10,20-40k,2.497638754249608
Lexus GX,2015,71937,31990,40590.0,6,8,6-8,60-80k,1.287112197224665
Lexus ES,2016,62269,25590,26148.61111111111,36,7,6-8,60-80k,0.48009449254136977
Tesla Model,2020,15817,52590,48740.0,40,3,2-4,0-20k,3.8847004341740217
Hyundai Santa Fe,2019,19220,30990,23761.17391304348,46,4,2-4,0-20k,1.1610156808679002
Lexus GX,2016,39679,38990,40590.0,6,7,6-8,20-40k,2.1697878117220193
Mercedes-Benz A-Class,2020,53622,29590,31390.0,7,3,2-4,40-60k,0.9844805579684293
Ford Mustang,2015,5035,34590,25856.117647058825,102,8,6-8,0-20k,1.6149631397522537
Nissan LEAF,2021,13574,27590,19142.63157894737,38,2,0-2,0-20k,0.7322875252548995
Ford Mustang,2015,55027,29590,25856.117647058825,102,8,6-8,40-60k,0.9844805579684293
GMC Acadia,2018,87114,25990,26526.174603174604,63,5,4-6,80-100k,0.5305330990840758
Chevrolet Colorado Extended Cab,2019,10567,28990,25523.333333333332,3,4,2-4,0-20k,0.9088226481543704
Lexus NX,2016,78186,25590,30959.23076923077,13,7,6-8,60-80k,0.48009449254136977
Chevrolet Corvette,2015,12748,66990,48640.0,20,8,6-8,0-20k,5.700490269711437
Ford Explorer,2016,57229,25990,24112.425531914894,47,7,6-8,40-60k,0.5305330990840758
Ford Explorer,2020,45405,40590,24112.425531914894,47,3,2-4,40-60k,2.371542237892843
Honda Accord,2021,26275,34590,20338.34351145038,131,2,0-2,20-40k,1.6149631397522537
Nissan Kicks,2021,48948,18583,19809.626373626375,91,2,0-2,40-60k,-0.40346379757048173
BMW  Series,2017,27042,32990,25277.301587301587,126,6,4-6,20-40k,1.41320871358143
Jeep Wrangler,2018,24579,32990,26477.5,32,5,4-6,20-40k,1.41320871358143
Audi S,2015,52457,29990,26030.0,5,8,6-8,40-60k,1.0349191645111353
Kia Sorento,2021,42167,26990,21217.59405940594,101,2,0-2,40-60k,0.6566296154408406
Tesla Model,2021,18789,44590,48740.0,40,2,0-2,0-20k,2.8759283033199026
Chrysler Pacifica,2019,65963,29590,26151.657142857144,35,4,2-4,60-80k,0.9844805579684293
Porsche Macan,2018,47451,42590,37790.0,5,5,4-6,40-60k,2.623735270606373
Lexus ES,2019,24897,39590,26148.61111111111,36,4,2-4,20-40k,2.245445721536078
Nissan Titan Crew Cab,2021,14828,46990,33675.71428571428,7,2,0-2,0-20k,3.1785599425761384
Honda Odyssey,2021,28288,37990,26213.423076923078,26,2,0-2,20-40k,2.0436912953652544
Toyota GR Supra,2021,13475,52990,54990.0,2,2,0-2,0-20k,3.9351390407167277
Alfa Romeo Giulia,2019,20928,30590,28523.333333333332,6,4,2-4,20-40k,1.1105770743251941
Ford F SuperCrew Cab,2018,66150,31990,40704.71428571428,14,5,4-6,60-80k,1.287112197224665
Ford Ranger SuperCrew,2021,2363,37590,32950.0,5,2,0-2,0-20k,1.9932526888225484
Acura RDX,2021,11497,41590,24947.275862068964,29,2,0-2,0-20k,2.497638754249608
Mercedes-Benz CLA,2018,41807,26990,25608.18181818182,11,5,4-6,40-60k,0.6566296154408406
Ram  Crew Cab,2016,40794,27590,42332.857142857145,14,7,6-8,40-60k,0.7322875252548995
Ford Bronco Sport,2021,10683,36990,34074.625,16,2,0-2,0-20k,1.9175947790084895
Nissan Z,2010,22184,26990,25971.81818181818,11,13,10-15,20-40k,0.6566296154408406
Kia Seltos,2021,17873,28990,25770.0,10,2,0-2,0-20k,0.9088226481543704
BMW X,2017,40964,25990,28257.918032786885,61,6,4-6,40-60k,0.5305330990840758
Mercedes-Benz GLC,2020,22008,36590,31190.0,12,3,2-4,20-40k,1.8671561724657835
GMC Terrain,2022,4007,33990,21643.57627118644,59,1,0-2,0-20k,1.5393052299381949
Nissan Z,2016,39960,25990,25971.81818181818,11,7,6-8,20-40k,0.5305330990840758
Ford Explorer,2021,9947,35990,24112.425531914894,47,2,0-2,0-20k,1.7914982626517246
MAZDA CX-,2021,12457,27990,23001.7,140,2,0-2,0-20k,0.7827261317976055
Cadillac ATS,2016,21849,27590,22034.444444444445,18,7,6-8,20-40k,0.7322875252548995
Toyota Prius Prime,2021,32868,33990,30304.285714285714,7,2,0-2,20-40k,1.5393052299381949
Buick Envision,2018,53318,24399,24501.2,20,5,4-6,40-60k,0.32991354156046276
Chevrolet Camaro,2018,24660,26590,26673.675324675325,77,5,4-6,20-40k,0.6061910088981346
Toyota Corolla Cross,2022,11676,29590,29590.0,1,1,0-2,0-20k,0.9844805579684293
Ford Escape,2020,55157,23799,19376.448,125,3,2-4,40-60k,0.25425563174640387
Lexus RC,2019,24142,42590,41190.0,6,4,2-4,20-40k,2.623735270606373
Nissan Kicks,2020,51149,18599,19809.626373626375,91,3,2-4,40-60k,-0.40144625330877354
Toyota Sienna,2022,12161,43990,31905.78947368421,38,1,0-2,0-20k,2.8002703935058437
GMC Sierra  Double Cab,2014,47101,31990,31290.0,4,9,8-10,40-60k,1.287112197224665
Ford Ranger SuperCrew,2020,27463,34990,32950.0,5,3,2-4,20-40k,1.6654017462949597
Jeep Wrangler Unlimited,2019,36821,38990,35153.86666666667,15,4,2-4,20-40k,2.1697878117220193
Dodge Challenger,2014,4417,35990,31835.757575757576,33,9,8-10,0-20k,1.7914982626517246
Genesis G,2021,16937,49990,34966.555555555555,9,2,0-2,0-20k,3.556849491646433
Buick Enclave,2018,62808,28990,25804.4,25,5,4-6,60-80k,0.9088226481543704
Kia Soul,2021,8506,28990,17106.064516129034,124,2,0-2,0-20k,0.9088226481543704
Lexus RX,2020,35199,46590,27399.52380952381,21,3,2-4,20-40k,3.1281213360334323
Chevrolet Blazer,2019,61982,24350,27322.36842105263,19,4,2-4,60-80k,0.3237348122589813
Ford Flex,2018,30028,25590,23264.36,25,5,4-6,20-40k,0.48009449254136977
Subaru Outback,2020,39552,31990,25362.21153846154,52,3,2-4,20-40k,1.287112197224665
Cadillac XT,2018,61386,27590,29830.0,10,5,4-6,60-80k,0.7322875252548995
Toyota Sienna,2022,2038,52590,31905.78947368421,38,1,0-2,0-20k,3.8847004341740217
Subaru Forester,2018,31746,28590,20446.25,32,5,4-6,20-40k,0.8583840416116644
Porsche Macan,2016,52493,35590,37790.0,5,7,6-8,40-60k,1.7410596561090186
INFINITI QX,2019,54493,26990,26679.234375,64,4,2-4,40-60k,0.6566296154408406
Mercedes-Benz SL,2016,37558,52990,52990.0,1,7,6-8,20-40k,3.9351390407167277
Jaguar XE,2017,20503,27590,25290.0,4,6,4-6,20-40k,0.7322875252548995
Lincoln Corsair,2020,9822,41590,43090.0,2,3,2-4,0-20k,2.497638754249608
Lexus RX,2015,73116,26590,27399.52380952381,21,8,6-8,60-80k,0.6061910088981346
Land Rover Range Rover Sport,2019,38735,58990,57503.5,4,4,2-4,20-40k,4.6917181388573175
Chrysler,2021,42412,24849,20993.80612244898,98,2,0-2,40-60k,0.386656973921007
Honda Pilot,2018,62777,25990,25763.433333333334,30,5,4-6,60-80k,0.5305330990840758
MAZDA CX-,2021,20303,27990,23001.7,140,2,0-2,20-40k,0.7827261317976055
Mercedes-Benz A-Class,2019,28937,31590,31390.0,7,4,2-4,20-40k,1.236673590681959
Hyundai Tucson,2020,45260,20033,20007.2,70,3,2-4,40-60k,-0.22062384885317268
Honda Accord,2018,19045,27590,20338.34351145038,131,5,4-6,0-20k,0.7322875252548995
Chevrolet Equinox,2020,46199,21199,19319.105263157893,171,3,2-4,40-60k,-0.07359531078118482
GMC Yukon,2016,94687,31990,29710.0,5,7,6-8,80-100k,1.287112197224665
MAZDA CX-,2022,12217,26990,23001.7,140,1,0-2,0-20k,0.6566296154408406
GMC Sierra  Crew Cab,2021,12469,55590,40710.0,5,2,0-2,0-20k,4.262989983244316
Toyota Corolla,2022,6780,26990,18560.486988847584,269,1,0-2,0-20k,0.6566296154408406
Toyota Sequoia,2021,29580,62990,49656.666666666664,3,2,0-2,20-40k,5.196104204284377
Mercedes-Benz Mercedes-AMG GLE Coupe,2019,36792,58590,58590.0,1,4,2-4,20-40k,4.641279532314611
Jeep Cherokee,2018,48592,21847,21467.63829787234,141,5,4-6,40-60k,0.008115231817998815
BMW X,2021,21708,40590,28257.918032786885,61,2,0-2,20-40k,2.371542237892843
Maserati Levante,2022,5339,86990,86990.0,1,1,0-2,0-20k,8.222420596846733
GMC Terrain,2018,60021,20935,21643.57627118644,59,5,4-6,60-80k,-0.10688479109937075
BMW X,2019,57449,30590,28257.918032786885,61,4,2-4,40-60k,1.1105770743251941
Jeep Wrangler,2021,19070,34990,26477.5,32,2,0-2,0-20k,1.6654017462949597
Honda HR-V,2019,7160,25590,22338.0,43,4,2-4,0-20k,0.48009449254136977
Chevrolet Colorado Crew Cab,2022,19679,32590,29220.76923076923,13,1,0-2,0-20k,1.362770107038724
Jeep Wrangler,2011,55449,27990,26477.5,32,12,10-15,40-60k,0.7827261317976055
Nissan Altima,2019,44742,24399,19293.97340425532,188,4,2-4,40-60k,0.32991354156046276
Acura MDX,2019,50959,31590,23334.444444444445,18,4,2-4,40-60k,1.236673590681959
Nissan Murano,2020,62186,20249,23491.560606060608,66,3,2-4,60-80k,-0.19338700132011147
Hyundai Santa Fe,2021,26257,36990,23761.17391304348,46,2,0-2,20-40k,1.9175947790084895
BMW X,2018,44787,27990,28257.918032786885,61,5,4-6,40-60k,0.7827261317976055
Hyundai Ioniq Hybrid,2021,22690,26590,23423.333333333332,6,2,0-2,20-40k,0.6061910088981346
Chevrolet Impala,2019,21326,25990,20195.8,40,4,2-4,20-40k,0.5305330990840758
Mercedes-Benz SL-Class,2011,18250,42990,43423.333333333336,6,12,10-15,0-20k,2.674173877149079
Cadillac CT,2020,32804,38990,39630.0,5,3,2-4,20-40k,2.1697878117220193
Cadillac CT,2020,15019,44990,39630.0,5,3,2-4,0-20k,2.9263669098626086
Jeep Cherokee,2019,61093,23251,21467.63829787234,141,4,2-4,60-80k,0.1851547407828967
Cadillac CT,2020,10277,34590,39630.0,5,3,2-4,0-20k,1.6149631397522537
Honda Ridgeline,2017,44224,31990,35875.71428571428,7,6,4-6,40-60k,1.287112197224665
Toyota RAV,2021,45581,27590,23160.708333333332,72,2,0-2,40-60k,0.7322875252548995
Lincoln MKZ,2017,9307,29990,21467.777777777777,18,6,4-6,0-20k,1.0349191645111353
Chevrolet Equinox,2021,2794,27990,19319.105263157893,171,2,0-2,0-20k,0.7827261317976055
Honda Odyssey,2019,17052,35990,26213.423076923078,26,4,2-4,0-20k,1.7914982626517246
BMW  Series,2018,41176,28590,25277.301587301587,126,5,4-6,40-60k,0.8583840416116644
Hyundai Tucson,2019,17902,29990,20007.2,70,4,2-4,0-20k,1.0349191645111353
Nissan Titan Crew Cab,2018,78371,29990,33675.71428571428,7,5,4-6,60-80k,1.0349191645111353
Toyota Prius,2017,58078,25990,19496.666666666668,60,6,4-6,40-60k,0.5305330990840758
Land Rover Discovery,2019,45210,37990,40990.0,2,4,2-4,40-60k,2.0436912953652544
Toyota Runner,2019,37995,40990,37440.846153846156,13,4,2-4,20-40k,2.421980844435549
Chevrolet Cruze,2018,78934,14990,15992.5,80,5,4-6,60-80k,-0.856528580840338
Chevrolet Silverado  Double Cab,2017,43282,30990,31525.333333333332,9,6,4-6,40-60k,1.1610156808679002
Ram  Classic Quad Cab,2020,32119,26990,29640.0,4,3,2-4,20-40k,0.6566296154408406
Toyota Tundra CrewMax,2017,29095,44990,43901.11111111111,9,6,4-6,20-40k,2.9263669098626086
Jeep Wrangler,2016,98176,25990,26477.5,32,7,6-8,80-100k,0.5305330990840758
Ford Bronco Sport,2021,39733,29590,34074.625,16,2,0-2,20-40k,0.9844805579684293
Ram  Crew Cab,2022,3795,84990,42332.857142857145,14,1,0-2,0-20k,7.9702275641332045
Kia Sportage,2020,16802,26990,20804.091954022988,87,3,2-4,0-20k,0.6566296154408406
Ford Escape,2021,22391,25590,19376.448,125,2,0-2,20-40k,0.48009449254136977
Kia Sportage,2022,27573,25590,20804.091954022988,87,1,0-2,20-40k,0.48009449254136977
Kia Sorento,2022,28730,29990,21217.59405940594,101,1,0-2,20-40k,1.0349191645111353
Kia Sorento,2021,39485,26990,21217.59405940594,101,2,0-2,20-40k,0.6566296154408406
Kia Sportage,2021,19162,29990,20804.091954022988,87,2,0-2,0-20k,1.0349191645111353
Tesla Model,2021,15517,45990,48740.0,40,2,0-2,0-20k,3.0524634262193735
Chevrolet Equinox,2020,49106,19683,19319.105263157893,171,3,2-4,40-60k,-0.2647576295780404
Toyota Camry Hybrid,2020,28747,30990,29523.222222222223,9,3,2-4,20-40k,1.1610156808679002
Nissan Armada,2018,51478,31590,30834.555555555555,9,5,4-6,40-60k,1.236673590681959
Nissan Kicks,2020,55789,17983,19809.626373626375,91,3,2-4,40-60k,-0.4791217073845407
Volkswagen ID.,2021,6582,45590,45190.0,4,2,0-2,0-20k,3.0020248196766675
Lexus NX,2019,37616,33990,30959.23076923077,13,4,2-4,20-40k,1.5393052299381949
Hyundai Sonata,2019,48769,18843,16759.738562091505,153,4,2-4,40-60k,-0.3706787033177229
Honda Accord Hybrid,2022,9097,33590,30319.85714285714,7,1,0-2,0-20k,1.4888666233954888
Subaru Outback,2022,4911,41590,25362.21153846154,52,1,0-2,0-20k,2.497638754249608
Toyota Sienna,2018,68061,27590,31905.78947368421,38,5,4-6,60-80k,0.7322875252548995
Chevrolet Silverado  HD Crew Cab,2022,6868,83590,61290.0,2,1,0-2,0-20k,7.793692441233733
GMC Terrain,2019,48911,22402,21643.57627118644,59,4,2-4,40-60k,0.07809879839600332
Land Rover Range Rover Evoque,2017,79431,25990,30034.444444444445,9,6,4-6,60-80k,0.5305330990840758
Chevrolet Corvette,2014,29646,46990,48640.0,20,9,8-10,20-40k,3.1785599425761384
Subaru WRX,2018,33418,27590,27034.444444444445,9,5,4-6,20-40k,0.7322875252548995
Land Rover Discovery Sport,2018,12572,35990,30490.0,4,5,4-6,0-20k,1.7914982626517246
Tesla Model Y,2021,12801,56590,62750.0,15,2,0-2,0-20k,4.389086499601081
Maserati Ghibli,2019,28766,46590,41790.0,2,4,2-4,20-40k,3.1281213360334323
Volkswagen Atlas Cross Sport,2020,33642,31990,34723.333333333336,3,3,2-4,20-40k,1.287112197224665
Nissan Rogue Sport,2021,33900,19713,20399.048387096773,62,2,0-2,20-40k,-0.26097473408733746
Dodge Charger,2019,11713,31990,27191.571428571428,35,4,2-4,0-20k,1.287112197224665
Chevrolet Equinox,2021,49744,20013,19319.105263157893,171,2,0-2,40-60k,-0.22314577918030798
Toyota C-HR,2021,29971,24043,23407.366666666665,30,2,0-2,20-40k,0.2850231817374545
Kia Stinger,2019,32011,31590,34590.0,2,4,2-4,20-40k,1.236673590681959
Honda Insight,2019,38948,25590,25270.0,10,4,2-4,20-40k,0.48009449254136977
MINI Hardtop  Door,2020,13268,25990,20638.64864864865,37,3,2-4,0-20k,0.5305330990840758
BMW Z,2015,17597,40990,28390.0,6,8,6-8,0-20k,2.421980844435549
Chevrolet Silverado  Crew Cab,2018,61995,31990,38677.5,16,5,4-6,60-80k,1.287112197224665
Toyota Runner,2018,55986,39590,37440.846153846156,13,5,4-6,40-60k,2.245445721536078
Volkswagen Passat,2020,29447,26590,18311.052631578947,76,3,2-4,20-40k,0.6061910088981346
MAZDA CX-,2018,48034,19234,23001.7,140,5,4-6,40-60k,-0.3213749654222278
Chrysler,2021,42809,23781,20993.80612244898,98,2,0-2,40-60k,0.2519858944519821
Mercedes-Benz GLE,2021,21125,55990,43510.0,5,2,0-2,20-40k,4.313428589787023
Lincoln MKZ,2017,46580,25990,21467.777777777777,18,6,4-6,40-60k,0.5305330990840758
Subaru Outback,2020,33040,28590,25362.21153846154,52,3,2-4,20-40k,0.8583840416116644
Nissan Rogue,2021,44341,24387,20382.880165289258,242,2,0-2,40-60k,0.3284003833641816
Ram  Classic Quad Cab,2019,40632,30990,29640.0,4,4,2-4,40-60k,1.1610156808679002
Lexus NX,2018,58652,29590,30959.23076923077,13,5,4-6,40-60k,0.9844805579684293
Toyota C-HR,2021,2809,27590,23407.366666666665,30,2,0-2,0-20k,0.7322875252548995
Mercedes-Benz C-Class,2021,9102,40590,25064.074074074073,27,2,0-2,0-20k,2.371542237892843
GMC Sierra  Double Cab,2017,66456,28990,31290.0,4,6,4-6,60-80k,0.9088226481543704
Honda HR-V,2020,38738,21651,22338.0,43,3,2-4,20-40k,-0.0165996853879271
Nissan Frontier Crew Cab,2021,12396,28990,26840.0,16,2,0-2,0-20k,0.9088226481543704
Toyota FJ Cruiser,2014,39137,37590,37590.0,1,9,8-10,20-40k,1.9932526888225484
INFINITI QX,2017,23624,28990,26679.234375,64,6,4-6,20-40k,0.9088226481543704
Toyota Camry,2021,26451,32990,20721.41134751773,141,2,0-2,20-40k,1.41320871358143
Toyota Tundra CrewMax,2022,10819,48990,43901.11111111111,9,1,0-2,0-20k,3.430752975289668
Nissan Z,2014,16528,29590,25971.81818181818,11,9,8-10,0-20k,0.9844805579684293
Chrysler,2021,41880,24550,20993.80612244898,98,2,0-2,40-60k,0.3489541155303343
Volkswagen Golf GTI,2020,9821,30990,23106.129032258064,31,3,2-4,0-20k,1.1610156808679002
Toyota Prius Prime,2017,71799,25990,30304.285714285714,7,6,4-6,60-80k,0.5305330990840758
Toyota Corolla Hatchback,2021,17069,28990,24646.666666666668,9,2,0-2,0-20k,0.9088226481543704
Mercedes-Benz A-Class,2019,16432,31590,31390.0,7,4,2-4,0-20k,1.236673590681959
Ford Mustang,2019,14568,28590,25856.117647058825,102,4,2-4,0-20k,0.8583840416116644
Jeep Compass,2018,46940,20353,20590.543103448275,116,5,4-6,40-60k,-0.1802729636190079
BMW X,2019,43236,31590,28257.918032786885,61,4,2-4,40-60k,1.236673590681959
MAZDA CX-,2018,20930,25990,23001.7,140,5,4-6,20-40k,0.5305330990840758
Nissan Rogue,2021,41349,24663,20382.880165289258,242,2,0-2,40-60k,0.3632030218786487
Toyota C-HR,2020,10571,26990,23407.366666666665,30,3,2-4,0-20k,0.6566296154408406
MAZDA MX- Miata,2016,10168,25990,22241.28205128205,39,7,6-8,0-20k,0.5305330990840758
Volkswagen ID.,2021,11449,46590,45190.0,4,2,0-2,0-20k,3.1281213360334323
Genesis G,2019,16855,41590,34966.555555555555,9,4,2-4,0-20k,2.497638754249608
Kia K,2021,29547,25990,26990.0,8,2,0-2,20-40k,0.5305330990840758
Ram  Crew Cab,2022,7901,56990,42332.857142857145,14,1,0-2,0-20k,4.439525106143788
INFINITI Q,2015,51603,26590,25347.133333333335,30,8,6-8,40-60k,0.6061910088981346
Lexus IS,2020,22525,33590,23340.0,28,3,2-4,20-40k,1.4888666233954888
BMW M,2018,41817,50990,50612.22222222222,9,5,4-6,40-60k,3.682946008003198
Ford Escape,2018,50238,20798,19376.448,125,5,4-6,40-60k,-0.12416001384024754
Land Rover Range Rover Evoque,2013,37451,26990,30034.444444444445,9,10,8-10,20-40k,0.6566296154408406
Chevrolet Silverado  Crew Cab,2019,21972,35990,38677.5,16,4,2-4,20-40k,1.7914982626517246
Chevrolet Equinox,2020,89768,19438,19319.105263157893,171,3,2-4,80-100k,-0.2956512760854478
Toyota C-HR,2021,17951,25990,23407.366666666665,30,2,0-2,0-20k,0.5305330990840758
Audi e-tron,2021,11205,71990,71990.0,1,2,0-2,0-20k,6.330972851495261
Kia Niro,2019,33330,27590,23530.0,10,4,2-4,20-40k,0.7322875252548995
INFINITI QX,2018,45519,27990,26679.234375,64,5,4-6,40-60k,0.7827261317976055
Jeep Cherokee,2019,15424,25990,21467.63829787234,141,4,2-4,0-20k,0.5305330990840758
Mercedes-Benz E-Class,2016,25377,41990,24882.30769230769,26,7,6-8,20-40k,2.548077360792314
Honda Accord Hybrid,2020,23760,32990,30319.85714285714,7,3,2-4,20-40k,1.41320871358143
Nissan Rogue Sport,2021,31261,20062,20399.048387096773,62,2,0-2,20-40k,-0.2169670498788265
Land Rover Range Rover Evoque,2020,2562,46590,30034.444444444445,9,3,2-4,0-20k,3.1281213360334323
Ford Mustang,2018,18332,60590,25856.117647058825,102,5,4-6,0-20k,4.893472565028141
Land Rover Range Rover Evoque,2017,85791,26590,30034.444444444445,9,6,4-6,80-100k,0.6061910088981346
INFINITI Q,2015,46383,26990,25347.133333333335,30,8,6-8,40-60k,0.6566296154408406
Jeep Compass,2019,42334,22002,20590.543103448275,116,4,2-4,40-60k,0.02766019185329737
Audi A,2020,38549,29990,24272.608695652172,46,3,2-4,20-40k,1.0349191645111353
Chevrolet Colorado Crew Cab,2016,98846,25990,29220.76923076923,13,7,6-8,80-100k,0.5305330990840758
Ford Mustang,2015,30621,32590,25856.117647058825,102,8,6-8,20-40k,1.362770107038724
Subaru WRX,2020,16121,29990,27034.444444444445,9,3,2-4,0-20k,1.0349191645111353
Toyota Tacoma Double Cab,2012,57796,25590,33790.0,28,11,10-15,40-60k,0.48009449254136977
Hyundai Tucson,2019,2405,26990,20007.2,70,4,2-4,0-20k,0.6566296154408406
Hyundai Tucson,2022,26548,33590,20007.2,70,1,0-2,20-40k,1.4888666233954888
Mercedes-Benz GLA,2019,36624,28590,28110.0,10,4,2-4,20-40k,0.8583840416116644
Ford Bronco,2022,53,46590,52561.42857142857,7,1,0-2,0-20k,3.1281213360334323
Lexus ES,2020,62260,36590,26148.61111111111,36,3,2-4,60-80k,1.8671561724657835
Chevrolet Silverado  Crew Cab,2021,31289,43990,38677.5,16,2,0-2,20-40k,2.8002703935058437
Mercedes-Benz C-Class,2017,34341,27590,25064.074074074073,27,6,4-6,20-40k,0.7322875252548995
Toyota Tacoma Double Cab,2018,26053,32590,33790.0,28,5,4-6,20-40k,1.362770107038724
Subaru Forester,2018,80173,25590,20446.25,32,5,4-6,80-100k,0.48009449254136977
Chevrolet Malibu,2018,29547,19528,19288.927536231884,69,5,4-6,20-40k,-0.28430258961333893
Volvo XC,2018,37762,42990,27782.0,25,5,4-6,20-40k,2.674173877149079
Mercedes-Benz SLK-Class,2013,33260,25990,23634.444444444445,9,10,8-10,20-40k,0.5305330990840758
Nissan Rogue Sport,2020,49568,20000,20399.048387096773,62,3,2-4,40-60k,-0.2247850338929459
Lexus ES,2017,10868,31990,26148.61111111111,36,6,4-6,0-20k,1.287112197224665
Mercedes-Benz C-Class,2012,77596,34990,25064.074074074073,27,11,10-15,60-80k,1.6654017462949597
BMW X,2018,39793,27590,28257.918032786885,61,5,4-6,20-40k,0.7322875252548995
Chevrolet Trax,2020,46200,18093,18076.951219512193,82,3,2-4,40-60k,-0.46525109058529657
Mitsubishi Outlander Sport,2020,7452,25590,18771.48148148148,54,3,2-4,0-20k,0.48009449254136977
Chevrolet Trailblazer,2021,20862,26590,24824.0,23,2,0-2,20-40k,0.6061910088981346
Genesis G,2018,30262,30590,34966.555555555555,9,5,4-6,20-40k,1.1105770743251941
Ford Mustang,2020,19084,27990,25856.117647058825,102,3,2-4,0-20k,0.7827261317976055
Toyota Highlander,2017,34913,31990,26813.875,24,6,4-6,20-40k,1.287112197224665
GMC Canyon Crew Cab,2021,8758,40990,33861.875,8,2,0-2,0-20k,2.421980844435549
Subaru Crosstrek,2019,14034,24192,24538.548387096773,31,4,2-4,0-20k,0.30381156267461246
Chevrolet Tahoe,2019,57555,43590,35390.0,3,4,2-4,40-60k,2.7498317869631377
Lexus ES,2020,38223,34990,26148.61111111111,36,3,2-4,20-40k,1.6654017462949597
Chevrolet Equinox,2019,50911,19553,19319.105263157893,171,4,2-4,40-60k,-0.28115017670441983
Chevrolet Corvette,2012,39711,34590,48640.0,20,11,10-15,20-40k,1.6149631397522537
BMW  Series,2016,41349,26990,25277.301587301587,126,7,6-8,40-60k,0.6566296154408406
Honda Ridgeline,2022,7858,40590,35875.71428571428,7,1,0-2,0-20k,2.371542237892843
Volkswagen Golf GTI,2019,49466,26990,23106.129032258064,31,4,2-4,40-60k,0.6566296154408406
Chevrolet Corvette,2009,44423,32590,48640.0,20,14,10-15,40-60k,1.362770107038724
Toyota Highlander,2019,40778,36990,26813.875,24,4,2-4,40-60k,1.9175947790084895
Chrysler Voyager,2021,48107,26990,28730.0,10,2,0-2,40-60k,0.6566296154408406
MAZDA MX- Miata,2022,1804,30590,22241.28205128205,39,1,0-2,0-20k,1.1105770743251941
Ford Explorer,2018,32307,28590,24112.425531914894,47,5,4-6,20-40k,0.8583840416116644
Chevrolet Equinox,2021,38954,21500,19319.105263157893,171,2,0-2,20-40k,-0.0356402593577986
Chevrolet Silverado  HD Regular Cab,2022,13022,46990,46990.0,1,1,0-2,0-20k,3.1785599425761384
INFINITI QX,2020,37410,31590,26679.234375,64,3,2-4,20-40k,1.236673590681959
Audi A,2019,54145,25590,24272.608695652172,46,4,2-4,40-60k,0.48009449254136977
Toyota RAV,2020,10655,27990,23160.708333333332,72,3,2-4,0-20k,0.7827261317976055
BMW X,2018,26246,27990,28257.918032786885,61,5,4-6,20-40k,0.7827261317976055
Hyundai Elantra,2022,13552,26990,17041.33846153846,195,1,0-2,0-20k,0.6566296154408406
Honda Accord,2021,29879,30990,20338.34351145038,131,2,0-2,20-40k,1.1610156808679002
Toyota Camry,2022,29183,24600,20721.41134751773,141,1,0-2,20-40k,0.35525894134817254
Porsche  Cayman,2017,25409,55990,56990.0,2,6,4-6,20-40k,4.313428589787023
Nissan Kicks,2020,52226,17900,19809.626373626375,91,3,2-4,40-60k,-0.4895877182421522
Hyundai Palisade,2021,23456,37990,42790.0,2,2,0-2,20-40k,2.0436912953652544
Chevrolet Equinox,2020,55478,19600,19319.105263157893,171,3,2-4,40-60k,-0.2752236404356519
Buick Enclave,2019,76928,25990,25804.4,25,4,2-4,60-80k,0.5305330990840758
Ford Mustang,2020,6697,88590,25856.117647058825,102,3,2-4,0-20k,8.424175023017558
Jeep Wrangler Unlimited,2017,64923,29990,35153.86666666667,15,6,4-6,60-80k,1.0349191645111353
MAZDA CX-,2020,27378,25990,23001.7,140,3,2-4,20-40k,0.5305330990840758
Nissan Rogue,2021,38798,24898,20382.880165289258,242,2,0-2,20-40k,0.39283570322248845
Toyota Runner,2012,67406,26990,37440.846153846156,13,11,10-15,60-80k,0.6566296154408406
Nissan Rogue,2020,51755,23061,20382.880165289258,242,3,2-4,40-60k,0.16119640267511137
Mercedes-Benz M-Class,2015,53100,25990,24550.0,5,8,6-8,40-60k,0.5305330990840758
Ford F SuperCrew Cab,2017,62327,50590,40704.71428571428,14,6,4-6,60-80k,3.632507401460492
Ford F Regular Cab,2020,17726,30990,27190.0,7,3,2-4,0-20k,1.1610156808679002
Hyundai Santa Cruz,2022,7634,37990,38523.333333333336,6,1,0-2,0-20k,2.0436912953652544
Honda CR-V,2017,47926,24019,21022.757009345794,107,6,4-6,40-60k,0.28199686534489216
Kia Sorento,2021,36699,26590,21217.59405940594,101,2,0-2,20-40k,0.6061910088981346
Ford Bronco,2021,1380,58990,52561.42857142857,7,2,0-2,0-20k,4.6917181388573175
Ram  Classic Quad Cab,2021,21398,31590,29640.0,4,2,0-2,20-40k,1.236673590681959
Jeep Compass,2020,25134,27590,20590.543103448275,116,3,2-4,20-40k,0.7322875252548995
Jaguar E-PACE,2020,17456,43590,38790.0,2,3,2-4,0-20k,2.7498317869631377
BMW X,2016,34472,33990,28257.918032786885,61,7,6-8,20-40k,1.5393052299381949
Chevrolet Trailblazer,2022,15117,27590,24824.0,23,1,0-2,0-20k,0.7322875252548995
Volkswagen Beetle,2016,25969,27990,20275.0,40,7,6-8,20-40k,0.7827261317976055
Kia Telluride,2022,10645,45590,46723.333333333336,3,1,0-2,0-20k,3.0020248196766675
GMC Acadia,2021,45616,27990,26526.174603174604,63,2,0-2,40-60k,0.7827261317976055
BMW  Series,2019,51173,29990,25277.301587301587,126,4,2-4,40-60k,1.0349191645111353
Toyota Corolla Hybrid,2022,22727,27590,26523.333333333332,3,1,0-2,20-40k,0.7322875252548995
Ford F Regular Cab,2018,37976,25990,27190.0,7,5,4-6,20-40k,0.5305330990840758
Jeep Wrangler Unlimited,2017,53948,36990,35153.86666666667,15,6,4-6,40-60k,1.9175947790084895
Subaru Crosstrek,2019,27507,25590,24538.548387096773,31,4,2-4,20-40k,0.48009449254136977
Nissan Z,2017,39210,35990,25971.81818181818,11,6,4-6,20-40k,1.7914982626517246
Subaru Crosstrek,2019,33950,25590,24538.548387096773,31,4,2-4,20-40k,0.48009449254136977
Chevrolet Corvette,2015,19307,47990,48640.0,20,8,6-8,0-20k,3.3046564589329033
MINI Countryman,2015,30126,28590,19147.14285714286,42,8,6-8,20-40k,0.8583840416116644
Kia Sorento,2021,49278,25990,21217.59405940594,101,2,0-2,40-60k,0.5305330990840758
GMC Terrain,2022,34951,28590,21643.57627118644,59,1,0-2,20-40k,0.8583840416116644
Mercedes-Benz CLS-Class,2012,74016,25590,29056.666666666668,3,11,10-15,60-80k,0.48009449254136977
Volkswagen Atlas,2021,13647,36990,31290.0,10,2,0-2,0-20k,1.9175947790084895
Nissan Kicks,2020,43197,22448,19809.626373626375,91,3,2-4,40-60k,0.0838992381484145
Hyundai Elantra,2017,37354,29590,17041.33846153846,195,6,4-6,20-40k,0.9844805579684293
Audi A,2019,46194,31590,24272.608695652172,46,4,2-4,40-60k,1.236673590681959
Chevrolet Silverado  Limited Crew Cab,2022,10509,41990,40656.666666666664,3,1,0-2,0-20k,2.548077360792314
Cadillac CT,2017,36543,34990,39630.0,5,6,4-6,20-40k,1.6654017462949597
Cadillac ELR,2014,50517,26590,24790.0,2,9,8-10,40-60k,0.6061910088981346
Lexus NX,2020,34197,40990,30959.23076923077,13,3,2-4,20-40k,2.421980844435549
Chevrolet Equinox,2019,51885,19665,19319.105263157893,171,4,2-4,40-60k,-0.26702736687246215
Chrysler Voyager,2021,49939,26590,28730.0,10,2,0-2,40-60k,0.6061910088981346
Jeep Compass,2018,40365,23148,20590.543103448275,116,5,4-6,40-60k,0.17216679959814993
Mercedes-Benz CLA,2018,33863,27990,25608.18181818182,11,5,4-6,20-40k,0.7827261317976055
Nissan LEAF,2022,14800,37590,19142.63157894737,38,1,0-2,0-20k,1.9932526888225484
Mercedes-Benz GLC,2020,39027,35590,31190.0,12,3,2-4,20-40k,1.7410596561090186
Hyundai Tucson Hybrid,2022,27654,34590,38056.666666666664,3,1,0-2,20-40k,1.6149631397522537
Chrysler Pacifica,2021,10625,48990,26151.657142857144,35,2,0-2,0-20k,3.430752975289668
Acura RDX,2016,38506,25990,24947.275862068964,29,7,6-8,20-40k,0.5305330990840758
Ford Explorer,2016,86200,26990,24112.425531914894,47,7,6-8,80-100k,0.6566296154408406
Subaru Outback,2020,27958,32990,25362.21153846154,52,3,2-4,20-40k,1.41320871358143
MAZDA CX-,2020,21263,27590,23001.7,140,3,2-4,20-40k,0.7322875252548995
Land Rover Range Rover Evoque,2016,55229,28990,30034.444444444445,9,7,6-8,40-60k,0.9088226481543704
Lexus ES,2022,20985,45990,26148.61111111111,36,1,0-2,20-40k,3.0524634262193735
Acura RDX,2020,30894,37590,24947.275862068964,29,3,2-4,20-40k,1.9932526888225484
Honda Odyssey,2015,39928,26590,26213.423076923078,26,8,6-8,20-40k,0.6061910088981346
Alfa Romeo C Spider,2016,7924,56990,56990.0,1,7,6-8,0-20k,4.439525106143788
Acura MDX Sport Hybrid,2019,32675,42990,42990.0,1,4,2-4,20-40k,2.674173877149079
Toyota Corolla,2020,54301,19143,18560.486988847584,269,3,2-4,40-60k,-0.3328497484106934
Honda CR-V Hybrid,2021,16546,37990,37990.0,1,2,0-2,0-20k,2.0436912953652544
Chevrolet Equinox,2019,48435,19989,19319.105263157893,171,4,2-4,40-60k,-0.22617209557287032
Toyota Highlander,2016,90884,25990,26813.875,24,7,6-8,80-100k,0.5305330990840758
Subaru Crosstrek,2021,56963,28990,24538.548387096773,31,2,0-2,40-60k,0.9088226481543704
Land Rover Discovery Sport,2017,33369,30990,30490.0,4,6,4-6,20-40k,1.1610156808679002
GMC Canyon Crew Cab,2021,34719,30590,33861.875,8,2,0-2,20-40k,1.1105770743251941
Ford Explorer,2018,61516,24348,24112.425531914894,47,5,4-6,60-80k,0.3234826192262678
GMC Acadia,2017,39478,30590,26526.174603174604,63,6,4-6,20-40k,1.1105770743251941
Mercedes-Benz GLC,2017,37114,29990,31190.0,12,6,4-6,20-40k,1.0349191645111353
Ford Explorer,2015,24938,26990,24112.425531914894,47,8,6-8,20-40k,0.6566296154408406
Tesla Model S,2013,59453,38590,66790.0,4,10,8-10,40-60k,2.1193492051793132
Dodge Grand Caravan Passenger,2020,19932,27590,18365.342465753423,73,3,2-4,0-20k,0.7322875252548995
Jaguar F-TYPE,2017,12797,44990,47492.0,5,6,4-6,0-20k,2.9263669098626086
Nissan Kicks,2020,47964,19386,19809.626373626375,91,3,2-4,40-60k,-0.30220829493599954
Chrysler Pacifica,2020,14250,39990,26151.657142857144,35,3,2-4,0-20k,2.295884328078784
Honda Odyssey,2022,31379,38590,26213.423076923078,26,1,0-2,20-40k,2.1193492051793132
Ford Edge,2019,58661,23240,20629.243243243243,74,4,2-4,40-60k,0.1837676791029723
Land Rover Discovery Sport,2019,41484,27990,30490.0,4,4,2-4,40-60k,0.7827261317976055
Lincoln MKX,2017,49710,25990,22950.0,10,6,4-6,40-60k,0.5305330990840758
Toyota Prius Prime,2021,9786,41590,30304.285714285714,7,2,0-2,0-20k,2.497638754249608
Jeep Wrangler Unlimited,2021,46309,37590,35153.86666666667,15,2,0-2,40-60k,1.9932526888225484
Tesla Model,2020,22030,52990,48740.0,40,3,2-4,20-40k,3.9351390407167277
Ford F SuperCrew Cab,2018,51964,55590,40704.71428571428,14,5,4-6,40-60k,4.262989983244316
Land Rover Range Rover Evoque,2018,61991,29990,30034.444444444445,9,5,4-6,60-80k,1.0349191645111353
Lexus RC,2021,10176,43990,41190.0,6,2,0-2,0-20k,2.8002703935058437
Hyundai Tucson Hybrid,2022,8973,43590,38056.666666666664,3,1,0-2,0-20k,2.7498317869631377
Toyota GR,2022,2483,36590,35950.0,5,1,0-2,0-20k,1.8671561724657835
Toyota Corolla,2021,40037,20849,18560.486988847584,269,2,0-2,40-60k,-0.11772909150605254
Ford Escape,2018,43149,18449,19376.448,125,5,4-6,40-60k,-0.42036073076228825
BMW  Series,2018,55666,30990,25277.301587301587,126,5,4-6,40-60k,1.1610156808679002
Volvo S,2017,41565,28590,22542.380952380954,21,6,4-6,40-60k,0.8583840416116644
Jaguar XJ,2011,38407,25990,26790.0,2,12,10-15,20-40k,0.5305330990840758
Alfa Romeo Stelvio,2019,26563,28990,29523.333333333332,3,4,2-4,20-40k,0.9088226481543704
GMC Sierra  Crew Cab,2015,71329,29990,40710.0,5,8,6-8,60-80k,1.0349191645111353
Jeep Gladiator,2022,4191,42990,42513.0,7,1,0-2,0-20k,2.674173877149079
Volvo S,2020,42281,41990,22542.380952380954,21,3,2-4,40-60k,2.548077360792314
Mercedes-Benz C-Class,2017,36719,30990,25064.074074074073,27,6,4-6,20-40k,1.1610156808679002
Buick Encore GX,2021,47183,21995,23802.85714285714,14,2,0-2,40-60k,0.02677751623880002
Jeep Cherokee,2021,23286,26990,21467.63829787234,141,2,0-2,20-40k,0.6566296154408406
Ford Mustang,2020,51975,24333,25856.117647058825,102,3,2-4,40-60k,0.3215911714809163
GMC Acadia,2017,76699,28590,26526.174603174604,63,6,4-6,60-80k,0.8583840416116644
Subaru Outback,2017,49815,26990,25362.21153846154,52,6,4-6,40-60k,0.6566296154408406
Nissan Altima,2021,42422,19888,19293.97340425532,188,2,0-2,40-60k,-0.2389078437249036
Toyota RAV,2018,39698,30590,23160.708333333332,72,5,4-6,20-40k,1.1105770743251941
Ford Edge,2020,60697,20444,20629.243243243243,74,3,2-4,60-80k,-0.1687981806305423
Volkswagen Tiguan,2021,16507,32590,20451.456140350878,57,2,0-2,0-20k,1.362770107038724
Mercedes-Benz CLS-Class,2016,49553,33990,29056.666666666668,3,7,6-8,40-60k,1.5393052299381949
Mercedes-Benz A-Class,2019,18136,31990,31390.0,7,4,2-4,0-20k,1.287112197224665
Ford F SuperCrew Cab,2022,7853,43590,40704.71428571428,14,1,0-2,0-20k,2.7498317869631377
Tesla Model,2018,30087,44990,48740.0,40,5,4-6,20-40k,2.9263669098626086
Mercedes-Benz SL-Class,2009,32848,35590,43423.333333333336,6,14,10-15,20-40k,1.7410596561090186
Ford Fusion,2020,51878,20333,18113.032,125,3,2-4,40-60k,-0.1827948939461432
Chevrolet Colorado Crew Cab,2017,94155,26990,29220.76923076923,13,6,4-6,80-100k,0.6566296154408406
Ford Mustang,2020,44069,24963,25856.117647058825,102,3,2-4,40-60k,0.4010319767856782
Toyota RAV,2021,49732,26590,23160.708333333332,72,2,0-2,40-60k,0.6061910088981346
Nissan Murano,2021,45696,27590,23491.560606060608,66,2,0-2,40-60k,0.7322875252548995
Ford EcoSport,2020,31954,19998,19908.256756756757,74,3,2-4,20-40k,-0.22503722692565944
Toyota Tacoma Double Cab,2016,43287,35990,33790.0,28,7,6-8,40-60k,1.7914982626517246
Nissan Kicks,2020,45901,18793,19809.626373626375,91,3,2-4,40-60k,-0.37698352913556116
Honda Passport,2019,30689,29590,29590.0,1,4,2-4,20-40k,0.9844805579684293
Volvo XC,2019,26190,44590,27782.0,25,4,2-4,20-40k,2.8759283033199026
BMW  Series,2021,16357,37590,25277.301587301587,126,2,0-2,0-20k,1.9932526888225484
Tesla Model Y,2020,35233,55590,62750.0,15,3,2-4,20-40k,4.262989983244316
Ford Escape,2019,53139,20555,19376.448,125,4,2-4,40-60k,-0.1548014673149414
BMW M,2017,29543,45990,50612.22222222222,9,6,4-6,20-40k,3.0524634262193735
GMC Canyon Crew Cab,2017,80483,28990,33861.875,8,6,4-6,80-100k,0.9088226481543704
Lexus IS,2018,57382,28590,23340.0,28,5,4-6,40-60k,0.8583840416116644
Kia EV,2022,4676,51590,52590.0,2,1,0-2,0-20k,3.758603917817257
MAZDA MAZDA,2020,11103,28990,17840.6338028169,142,3,2-4,0-20k,0.9088226481543704
Toyota Prius,2022,6669,33990,19496.666666666668,60,1,0-2,0-20k,1.5393052299381949
Honda Accord Hybrid,2018,13019,29990,30319.85714285714,7,5,4-6,0-20k,1.0349191645111353
BMW X,2017,61389,25990,28257.918032786885,61,6,4-6,60-80k,0.5305330990840758
BMW  Series,2016,19359,26990,25277.301587301587,126,7,6-8,0-20k,0.6566296154408406
Ford Mustang,2016,37931,31590,25856.117647058825,102,7,6-8,20-40k,1.236673590681959
Toyota GR,2022,6344,35590,35950.0,5,1,0-2,0-20k,1.7410596561090186
Tesla Model,2020,12238,43990,48740.0,40,3,2-4,0-20k,2.8002703935058437
Chevrolet Equinox,2021,43011,22228,19319.105263157893,171,2,0-2,40-60k,0.056158004549926234
Volkswagen Atlas Cross Sport,2020,13370,35590,34723.333333333336,3,3,2-4,0-20k,1.7410596561090186
Nissan Altima,2021,40238,19998,19293.97340425532,188,2,0-2,40-60k,-0.22503722692565944
Porsche Cayenne,2016,54678,43590,43590.0,1,7,6-8,40-60k,2.7498317869631377
Ford Edge,2019,52066,22555,20629.243243243243,74,4,2-4,40-60k,0.09739156539858836
Mercedes-Benz GLC,2018,28954,31990,31190.0,12,5,4-6,20-40k,1.287112197224665
Nissan Altima,2021,46026,19622,19293.97340425532,188,2,0-2,40-60k,-0.27244951707580306
Kia Carnival,2022,28836,37590,44090.0,4,1,0-2,20-40k,1.9932526888225484
Honda Civic,2018,18274,27590,18925.32380952381,210,5,4-6,0-20k,0.7322875252548995
BMW M,2014,69224,41990,50612.22222222222,9,9,8-10,60-80k,2.548077360792314
Land Rover Range Rover Sport,2020,29537,73990,57503.5,4,3,2-4,20-40k,6.583165884208791
Nissan Altima,2019,65182,26990,19293.97340425532,188,4,2-4,60-80k,0.6566296154408406
Volkswagen Passat,2021,14925,27990,18311.052631578947,76,2,0-2,0-20k,0.7827261317976055
Ford Fusion,2019,49368,18333,18113.032,125,4,2-4,40-60k,-0.43498792665967295
Tesla Model Y,2021,39645,57990,62750.0,15,2,0-2,20-40k,4.565621622500553
Toyota Prius Prime,2017,51549,28990,30304.285714285714,7,6,4-6,40-60k,0.9088226481543704
Toyota Sienna,2021,19068,45990,31905.78947368421,38,2,0-2,0-20k,3.0524634262193735
Chrysler,2021,47305,24788,20993.80612244898,98,2,0-2,40-60k,0.37896508642324434
Volkswagen Beetle,2018,30372,27990,20275.0,40,5,4-6,20-40k,0.7827261317976055
BMW  Series,2018,37709,35590,25277.301587301587,126,5,4-6,20-40k,1.7410596561090186
Chevrolet Equinox,2019,56006,18993,19319.105263157893,171,4,2-4,40-60k,-0.35176422586420814
Toyota Runner,2021,44894,37990,37440.846153846156,13,2,0-2,40-60k,2.0436912953652544
GMC Canyon Crew Cab,2021,22869,38990,33861.875,8,2,0-2,20-40k,2.1697878117220193
Chevrolet Corvette,2010,8778,42990,48640.0,20,13,10-15,0-20k,2.674173877149079
Toyota Corolla,2021,38088,20388,18560.486988847584,269,2,0-2,20-40k,-0.17585958554652115
Honda Odyssey,2021,21507,36590,26213.423076923078,26,2,0-2,20-40k,1.8671561724657835
Dodge Challenger,2021,5172,32990,31835.757575757576,33,2,0-2,0-20k,1.41320871358143
Nissan Murano,2019,47524,25222,23491.560606060608,66,4,2-4,40-60k,0.4336909745220803
Chrysler Voyager,2021,47948,26990,28730.0,10,2,0-2,40-60k,0.6566296154408406
Jeep Wrangler,2012,73449,26990,26477.5,32,11,10-15,60-80k,0.6566296154408406
Toyota Camry,2022,24904,25451,20721.41134751773,141,1,0-2,20-40k,0.4625670767677795
Toyota Runner,2020,42686,39990,37440.846153846156,13,3,2-4,40-60k,2.295884328078784
Lexus IS,2018,50834,29590,23340.0,28,5,4-6,40-60k,0.9844805579684293
Acura RDX,2019,26612,36990,24947.275862068964,29,4,2-4,20-40k,1.9175947790084895
Chevrolet Traverse,2021,50073,31588,27964.304347826088,46,2,0-2,40-60k,1.2364213976492455
Volvo XC,2017,32000,26990,27782.0,25,6,4-6,20-40k,0.6566296154408406
Mercedes-Benz GLE,2016,64247,27590,43510.0,5,7,6-8,60-80k,0.7322875252548995
Toyota Camry,2022,7368,39590,20721.41134751773,141,1,0-2,0-20k,2.245445721536078
Subaru Outback,2020,79713,25990,25362.21153846154,52,3,2-4,60-80k,0.5305330990840758
Chevrolet Silverado  Double Cab,2020,44534,31999,31525.333333333332,9,3,2-4,40-60k,1.2882470658718759
Toyota Sienna,2017,44940,27990,31905.78947368421,38,6,4-6,40-60k,0.7827261317976055
Volvo XC,2019,34993,32990,27782.0,25,4,2-4,20-40k,1.41320871358143
Chevrolet Traverse,2021,40653,32650,27964.304347826088,46,2,0-2,40-60k,1.37033589802013
Tesla Model,2021,25533,44590,48740.0,40,2,0-2,20-40k,2.8759283033199026
Honda CR-V,2019,50308,27399,21022.757009345794,107,4,2-4,40-60k,0.7082030906307575
Dodge Durango,2020,29562,34590,29047.85714285714,14,3,2-4,20-40k,1.6149631397522537
Nissan Titan Crew Cab,2019,31082,33990,33675.71428571428,7,4,2-4,20-40k,1.5393052299381949
Kia EV,2022,8019,53590,52590.0,2,1,0-2,0-20k,4.0107969505307866
Subaru Crosstrek,2022,9899,32590,24538.548387096773,31,1,0-2,0-20k,1.362770107038724
Dodge Durango,2019,41670,31990,29047.85714285714,14,4,2-4,40-60k,1.287112197224665
Nissan Murano,2020,51451,27551,23491.560606060608,66,3,2-4,40-60k,0.7273697611169857
Mercedes-Benz GLA,2019,31555,30990,28110.0,10,4,2-4,20-40k,1.1610156808679002
Lincoln Nautilus,2019,32897,41990,36490.0,2,4,2-4,20-40k,2.548077360792314
Jaguar F-PACE,2018,35119,33990,42323.333333333336,3,5,4-6,20-40k,1.5393052299381949
Toyota Runner,2019,50060,40590,37440.846153846156,13,4,2-4,40-60k,2.371542237892843
Ram  Crew Cab,2021,20222,48990,42332.857142857145,14,2,0-2,20-40k,3.430752975289668
Ford Mustang MACH-E,2022,589,69990,62190.0,6,1,0-2,0-20k,6.078779818781731
Chevrolet Silverado  Double Cab,2020,54934,30999,31525.333333333332,9,3,2-4,40-60k,1.162150549515111
Acura MDX,2017,43791,32990,23334.444444444445,18,6,4-6,40-60k,1.41320871358143
Toyota RAV,2020,26711,31990,23160.708333333332,72,3,2-4,20-40k,1.287112197224665
Honda Civic,2019,20935,27590,18925.32380952381,210,4,2-4,20-40k,0.7322875252548995
Chrysler,2021,45895,25255,20993.80612244898,98,2,0-2,40-60k,0.4378521595618535
Jaguar F-TYPE,2014,37850,38990,47492.0,5,9,8-10,20-40k,2.1697878117220193
Chevrolet Camaro,2019,40812,26590,26673.675324675325,77,4,2-4,40-60k,0.6061910088981346
BMW X,2018,24588,30590,28257.918032786885,61,5,4-6,20-40k,1.1105770743251941
Honda Odyssey,2021,67257,40590,26213.423076923078,26,2,0-2,60-80k,2.371542237892843
GMC Acadia,2021,47310,31255,26526.174603174604,63,2,0-2,40-60k,1.1944312577024427
Toyota Venza,2021,3324,41990,24836.1,10,2,0-2,0-20k,2.548077360792314
Hyundai Santa Cruz,2022,4123,37990,38523.333333333336,6,1,0-2,0-20k,2.0436912953652544
Porsche Boxster,2013,36532,38990,40290.0,2,10,8-10,20-40k,2.1697878117220193
Jeep Cherokee,2019,54130,27251,21467.63829787234,141,4,2-4,40-60k,0.6895408062099563
Audi A,2018,62495,31590,24272.608695652172,46,5,4-6,60-80k,1.236673590681959
MAZDA MX- Miata,2021,4929,31990,22241.28205128205,39,2,0-2,0-20k,1.287112197224665
Jeep Compass,2021,30669,28999,20590.543103448275,116,2,0-2,20-40k,0.9099575168015812
Honda Pilot,2020,53316,30990,25763.433333333334,30,3,2-4,40-60k,1.1610156808679002
Jeep Grand Cherokee,2017,68352,28590,23092.367346938776,49,6,4-6,60-80k,0.8583840416116644
Hyundai Santa Cruz,2022,1751,39990,38523.333333333336,6,1,0-2,0-20k,2.295884328078784
Jeep Cherokee,2020,24227,27990,21467.63829787234,141,3,2-4,20-40k,0.7827261317976055
Tesla Model,2020,24383,42590,48740.0,40,3,2-4,20-40k,2.623735270606373
Nissan Murano,2021,51511,29777,23491.560606060608,66,2,0-2,40-60k,1.0080606065271442
Chevrolet Camaro,2020,35843,41555,26673.675324675325,77,3,2-4,20-40k,2.4932253761771213
INFINITI Q,2018,45022,26990,25347.133333333335,30,5,4-6,40-60k,0.6566296154408406
Toyota Camry,2018,41959,27990,20721.41134751773,141,5,4-6,40-60k,0.7827261317976055
Toyota Camry,2020,22504,26590,20721.41134751773,141,3,2-4,20-40k,0.6061910088981346
MAZDA CX-,2021,55477,27499,23001.7,140,2,0-2,40-60k,0.7208127422664339
Mercedes-Benz C-Class,2015,36689,25990,25064.074074074073,27,8,6-8,20-40k,0.5305330990840758
Nissan Murano,2020,54866,29195,23491.560606060608,66,3,2-4,40-60k,0.9346724340075072
Tesla Model Y,2022,347,68990,62750.0,15,1,0-2,0-20k,5.952683302424966
Ford Maverick,2022,10524,31990,36323.333333333336,3,1,0-2,0-20k,1.287112197224665
Toyota Sienna,2021,27914,45990,31905.78947368421,38,2,0-2,20-40k,3.0524634262193735
Honda HR-V,2019,2663,27590,22338.0,43,4,2-4,0-20k,0.7322875252548995
BMW X,2018,38806,27990,28257.918032786885,61,5,4-6,20-40k,0.7827261317976055
INFINITI QX,2021,36168,31990,26679.234375,64,2,0-2,20-40k,1.287112197224665
Toyota GR Supra,2022,6500,56990,54990.0,2,1,0-2,0-20k,4.439525106143788
Nissan Pathfinder,2019,48541,27983,22727.11111111111,36,4,2-4,40-60k,0.7818434561831081
Mercedes-Benz GLC,2019,6941,36990,31190.0,12,4,2-4,0-20k,1.9175947790084895
Mercedes-Benz E-Class,2013,31678,28590,24882.30769230769,26,10,8-10,20-40k,0.8583840416116644
Tesla Model Y,2022,427,68590,62750.0,15,1,0-2,0-20k,5.90224469588226
Chevrolet Camaro,2020,28146,42798,26673.675324675325,77,3,2-4,20-40k,2.6499633460085796
Toyota Camry,2022,6460,38990,20721.41134751773,141,1,0-2,0-20k,2.1697878117220193
INFINITI Q,2020,48506,36799,25347.133333333335,30,3,2-4,40-60k,1.8935103443843473
Tesla Model,2020,4391,57590,48740.0,40,3,2-4,0-20k,4.515183015957846
Toyota Camry,2022,10778,29590,20721.41134751773,141,1,0-2,0-20k,0.9844805579684293
Mercedes-Benz S-Class,2013,62850,28590,58856.666666666664,3,10,8-10,60-80k,0.8583840416116644
MINI Convertible,2017,26787,27590,21253.157894736843,19,6,4-6,20-40k,0.7322875252548995
Lincoln Navigator,2016,69523,33990,38490.0,2,7,6-8,60-80k,1.5393052299381949
Dodge Charger,2022,10214,42590,27191.571428571428,35,1,0-2,0-20k,2.623735270606373
BMW X,2021,19978,36990,28257.918032786885,61,2,0-2,0-20k,1.9175947790084895
Tesla Model,2022,3727,62590,48740.0,40,1,0-2,0-20k,5.1456655977416705
Buick Envision,2020,20001,28990,24501.2,20,3,2-4,20-40k,0.9088226481543704
Ford F SuperCrew Cab,2021,40836,35899,40704.71428571428,14,2,0-2,40-60k,1.780023479663259
Hyundai Santa Fe,2022,13860,39990,23761.17391304348,46,1,0-2,0-20k,2.295884328078784
Toyota Runner,2022,23365,35851,37440.846153846156,13,1,0-2,20-40k,1.7739708468781341
Audi S,2011,45590,26990,26030.0,5,12,10-15,40-60k,0.6566296154408406
BMW X,2020,49825,31815,28257.918032786885,61,3,2-4,40-60k,1.2650453068622312
Nissan Murano,2020,49670,30745,23491.560606060608,66,3,2-4,40-60k,1.1301220343604927
Acura RDX,2019,52925,32751,24947.275862068964,29,4,2-4,40-60k,1.383071646172163
MAZDA CX-,2019,37715,25990,23001.7,140,4,2-4,20-40k,0.5305330990840758
Mitsubishi Outlander PHEV,2019,21442,31990,31990.0,1,4,2-4,20-40k,1.287112197224665
Tesla Model,2020,17645,50590,48740.0,40,3,2-4,0-20k,3.632507401460492
Chevrolet Traverse,2021,53847,29599,27964.304347826088,46,2,0-2,40-60k,0.9856154266156402
Jeep Wrangler,2016,49857,29590,26477.5,32,7,6-8,40-60k,0.9844805579684293
Mercedes-Benz Mercedes-AMG C-Class,2019,35296,44990,49856.666666666664,3,4,2-4,20-40k,2.9263669098626086
Tesla Model,2021,17011,64990,48740.0,40,2,0-2,0-20k,5.448297236997907
Chevrolet Camaro,2020,25849,40990,26673.675324675325,77,3,2-4,20-40k,2.421980844435549
Chevrolet Camaro,2020,22749,27590,26673.675324675325,77,3,2-4,20-40k,0.7322875252548995
Toyota Prius,2018,58539,26990,19496.666666666668,60,5,4-6,40-60k,0.6566296154408406
Tesla Model,2021,13529,45590,48740.0,40,2,0-2,0-20k,3.0020248196766675
INFINITI QX,2019,42537,25590,26679.234375,64,4,2-4,40-60k,0.48009449254136977
Dodge Charger,2020,15374,32590,27191.571428571428,35,3,2-4,0-20k,1.362770107038724
Ram  Classic Crew Cab,2019,66122,29590,30040.0,4,4,2-4,60-80k,0.9844805579684293
Nissan Kicks,2021,38524,19950,19809.626373626375,91,2,0-2,20-40k,-0.23108985971078416
Chevrolet Silverado  Crew Cab,2016,40960,33990,38677.5,16,7,6-8,40-60k,1.5393052299381949
Chevrolet Trailblazer,2021,44439,24850,24824.0,23,2,0-2,40-60k,0.38678307043736376
Ford Mustang,2010,13352,26590,25856.117647058825,102,13,10-15,0-20k,0.6061910088981346
Toyota Tacoma Double Cab,2017,23714,32590,33790.0,28,6,4-6,20-40k,1.362770107038724
Lexus IS,2016,46787,25990,23340.0,28,7,6-8,40-60k,0.5305330990840758
Toyota RAV Hybrid,2020,17658,37590,42167.77777777778,9,3,2-4,0-20k,1.9932526888225484
Hyundai Kona,2019,46188,21550,22149.1,30,4,2-4,40-60k,-0.029335433539960355
BMW  Series,2019,32008,32990,25277.301587301587,126,4,2-4,20-40k,1.41320871358143
Audi Q,2018,45035,30990,25158.42105263158,19,5,4-6,40-60k,1.1610156808679002
Hyundai Santa Fe,2021,32147,28590,23761.17391304348,46,2,0-2,20-40k,0.8583840416116644
Nissan Altima,2020,63685,18594,19293.97340425532,188,3,2-4,60-80k,-0.40207673589055737
Toyota Tundra CrewMax,2018,56672,40990,43901.11111111111,9,5,4-6,40-60k,2.421980844435549
Chevrolet Equinox,2019,44910,17998,19319.105263157893,171,4,2-4,40-60k,-0.4772302596391892
Nissan Rogue,2020,52708,20450,20382.880165289258,242,3,2-4,40-60k,-0.16804160153240172
BMW M,2018,32418,59990,50612.22222222222,9,5,4-6,20-40k,4.817814655214082
Buick Envision,2018,53165,22049,24501.2,20,5,4-6,40-60k,0.03358672812206532
MAZDA MAZDA,2021,13735,25990,17840.6338028169,142,2,0-2,0-20k,0.5305330990840758
Chevrolet Silverado  Crew Cab,2022,6321,57990,38677.5,16,1,0-2,0-20k,4.565621622500553
Lexus RX,2014,30867,28990,27399.52380952381,21,9,8-10,20-40k,0.9088226481543704
Jeep Grand Cherokee,2020,25397,31990,23092.367346938776,49,3,2-4,20-40k,1.287112197224665
Toyota RAV Hybrid,2022,858,47590,42167.77777777778,9,1,0-2,0-20k,3.2542178523901972
Mercedes-Benz SL-Class,2014,15829,68990,43423.333333333336,6,9,8-10,0-20k,5.952683302424966
Nissan Rogue,2018,50527,18247,20382.880165289258,242,5,4-6,40-60k,-0.4458322270663548
Ford Mustang,2022,1225,32590,25856.117647058825,102,1,0-2,0-20k,1.362770107038724
BMW  Series,2020,14726,48590,25277.301587301587,126,3,2-4,0-20k,3.380314368746962
Tesla Model,2019,28574,41590,48740.0,40,4,2-4,20-40k,2.497638754249608
Chevrolet Corvette,2015,11617,51590,48640.0,20,8,6-8,0-20k,3.758603917817257
Tesla Model Y,2022,3900,65590,62750.0,15,1,0-2,0-20k,5.523955146811965
Ford EcoSport,2019,50107,16996,19908.256756756757,74,4,2-4,40-60k,-0.6035789690286676
BMW  Series,2016,38284,27590,25277.301587301587,126,7,6-8,20-40k,0.7322875252548995
Toyota RAV Hybrid,2022,2452,40590,42167.77777777778,9,1,0-2,0-20k,2.371542237892843
Toyota Runner,2020,11059,43990,37440.846153846156,13,3,2-4,0-20k,2.8002703935058437
Jeep Cherokee,2021,2263,31990,21467.63829787234,141,2,0-2,0-20k,1.287112197224665
Nissan Altima,2020,61389,17807,19293.97340425532,188,3,2-4,60-80k,-0.5013146942633313
Hyundai Venue,2021,35878,17850,21417.8,20,2,0-2,20-40k,-0.4958925440599904
Chevrolet Silverado  Limited Crew Cab,2022,2325,39990,40656.666666666664,3,1,0-2,0-20k,2.295884328078784
Chevrolet Equinox,2019,53718,18850,19319.105263157893,171,4,2-4,40-60k,-0.36979602770322556
Tesla Model Y,2021,22654,60990,62750.0,15,2,0-2,20-40k,4.943911171570847
Chevrolet Malibu,2019,52445,18950,19288.927536231884,69,4,2-4,40-60k,-0.35718637606754905
Nissan Titan Crew Cab,2021,36210,44990,33675.71428571428,7,2,0-2,20-40k,2.9263669098626086
MAZDA CX-,2022,1762,29990,23001.7,140,1,0-2,0-20k,1.0349191645111353
Ford Escape,2018,52385,17750,19376.448,125,5,4-6,40-60k,-0.5085021956956669
Tesla Model Y,2022,6454,66590,62750.0,15,1,0-2,0-20k,5.65005166316873
Chevrolet Silverado  HD Crew Cab,2015,60504,38990,61290.0,2,8,6-8,60-80k,2.1697878117220193
Volkswagen Atlas,2022,5017,40590,31290.0,10,1,0-2,0-20k,2.371542237892843
Honda HR-V,2022,3124,26590,22338.0,43,1,0-2,0-20k,0.6061910088981346
Nissan Rogue,2020,53373,21799,20382.880165289258,242,3,2-4,40-60k,0.002062599032874101
Ford Edge,2020,51861,23996,20629.243243243243,74,3,2-4,40-60k,0.27909664546868657
Buick Encore,2018,50454,19794,18820.149425287356,87,5,4-6,40-60k,-0.25076091626243946
Nissan Murano,2020,61103,25990,23491.560606060608,66,3,2-4,60-80k,0.5305330990840758
Kia Sorento,2019,39275,28590,21217.59405940594,101,4,2-4,20-40k,0.8583840416116644
Tesla Model,2020,6222,55590,48740.0,40,3,2-4,0-20k,4.262989983244316
Nissan Rogue,2021,52794,23950,20382.880165289258,242,2,0-2,40-60k,0.2732962057162754
Porsche Macan,2017,74916,34590,37790.0,5,6,4-6,60-80k,1.6149631397522537
Toyota Tundra CrewMax,2021,17184,42590,43901.11111111111,9,2,0-2,0-20k,2.623735270606373
Ford Mustang,2019,56694,25590,25856.117647058825,102,4,2-4,40-60k,0.48009449254136977
Toyota Sienna,2022,1325,46590,31905.78947368421,38,1,0-2,0-20k,3.1281213360334323
Toyota Tacoma Double Cab,2018,20857,32990,33790.0,28,5,4-6,20-40k,1.41320871358143
Kia Forte,2020,35260,19150,17017.92156862745,102,3,2-4,20-40k,-0.3319670727961961
Toyota RAV,2020,16641,27990,23160.708333333332,72,3,2-4,0-20k,0.7827261317976055
Nissan Altima,2020,45989,23850,19293.97340425532,188,3,2-4,40-60k,0.2606865540805989
Audi A,2014,71559,29990,24272.608695652172,46,9,8-10,60-80k,1.0349191645111353
Buick Envision,2019,45497,23498,24501.2,20,4,2-4,40-60k,0.21630058032301763
Kia Sorento,2022,6591,40990,21217.59405940594,101,1,0-2,0-20k,2.421980844435549
Tesla Model,2021,22237,43990,48740.0,40,2,0-2,20-40k,2.8002703935058437
Tesla Model,2021,10499,45590,48740.0,40,2,0-2,0-20k,3.0020248196766675
Chevrolet Camaro,2017,18974,26590,26673.675324675325,77,6,4-6,0-20k,0.6061910088981346
Dodge Charger,2022,9089,32590,27191.571428571428,35,1,0-2,0-20k,1.362770107038724
Dodge Challenger,2018,38093,27590,31835.757575757576,33,5,4-6,20-40k,0.7322875252548995
Jeep Compass,2018,50669,19250,20590.543103448275,116,5,4-6,40-60k,-0.3193574211605196
Chevrolet Traverse,2018,65268,29990,27964.304347826088,46,5,4-6,60-80k,1.0349191645111353
Hyundai Sonata,2021,40515,19950,16759.738562091505,153,2,0-2,40-60k,-0.23108985971078416
Toyota Tacoma Access Cab,2012,52370,25990,26430.0,5,11,10-15,40-60k,0.5305330990840758
Jeep Wrangler,2016,25940,29990,26477.5,32,7,6-8,20-40k,1.0349191645111353
Ford Ranger SuperCrew,2020,60311,28990,32950.0,5,3,2-4,60-80k,0.9088226481543704
Mercedes-Benz C-Class,2017,41068,25990,25064.074074074073,27,6,4-6,40-60k,0.5305330990840758
Toyota Tacoma Double Cab,2015,55196,28990,33790.0,28,8,6-8,40-60k,0.9088226481543704
Chevrolet Equinox,2021,36539,22250,19319.105263157893,171,2,0-2,20-40k,0.05893212790977506
Toyota Tundra CrewMax,2020,17897,48990,43901.11111111111,9,3,2-4,0-20k,3.430752975289668
Dodge Challenger,2018,36158,27590,31835.757575757576,33,5,4-6,20-40k,0.7322875252548995
Ford Edge,2020,49794,22350,20629.243243243243,74,3,2-4,40-60k,0.07154177954545154
Dodge Challenger,2021,20570,49990,31835.757575757576,33,2,0-2,20-40k,3.556849491646433
Hyundai Santa Fe,2019,26373,30990,23761.17391304348,46,4,2-4,20-40k,1.1610156808679002
Nissan Rogue,2021,45483,24750,20382.880165289258,242,2,0-2,40-60k,0.37417341880168725
Genesis G,2019,31607,35590,34966.555555555555,9,4,2-4,20-40k,1.7410596561090186
Tesla Model,2018,4415,45990,48740.0,40,5,4-6,0-20k,3.0524634262193735
Subaru Crosstrek,2021,31793,27590,24538.548387096773,31,2,0-2,20-40k,0.7322875252548995
Toyota Tacoma Double Cab,2021,24863,37990,33790.0,28,2,0-2,20-40k,2.0436912953652544
Chevrolet Equinox,2018,48284,18450,19319.105263157893,171,5,4-6,40-60k,-0.4202346342459315
BMW X,2017,52223,31990,28257.918032786885,61,6,4-6,40-60k,1.287112197224665
Nissan Altima,2021,53092,20343,19293.97340425532,188,2,0-2,40-60k,-0.18153392878257557
Nissan Titan Crew Cab,2015,67099,27590,33675.71428571428,7,8,6-8,60-80k,0.7322875252548995
Nissan Pathfinder,2022,1564,38990,22727.11111111111,36,1,0-2,0-20k,2.1697878117220193
Toyota Tundra CrewMax,2020,33751,48590,43901.11111111111,9,3,2-4,20-40k,3.380314368746962
Toyota,2018,31077,27990,27990.0,1,5,4-6,20-40k,0.7827261317976055
Kia Soul,2020,35635,18850,17106.064516129034,124,3,2-4,20-40k,-0.36979602770322556
Jeep Cherokee,2019,22058,27590,21467.63829787234,141,4,2-4,20-40k,0.7322875252548995
Nissan Altima,2020,56593,18049,19293.97340425532,188,3,2-4,40-60k,-0.4707993373049942
GMC Acadia,2018,55424,24056,26526.174603174604,63,5,4-6,40-60k,0.28666243645009243
Tesla Model,2021,9345,57590,48740.0,40,2,0-2,0-20k,4.515183015957846
Hyundai Palisade,2021,12947,47590,42790.0,2,2,0-2,0-20k,3.2542178523901972
Hyundai Santa Fe,2020,51197,23691,23761.17391304348,46,3,2-4,40-60k,0.24063720797987326
Toyota Corolla Hybrid,2022,24012,27990,26523.333333333332,3,1,0-2,20-40k,0.7827261317976055
Toyota Highlander,2021,16644,42590,26813.875,24,2,0-2,0-20k,2.623735270606373
Ford Mustang,2017,99441,25590,25856.117647058825,102,6,4-6,80-100k,0.48009449254136977
Buick Encore,2018,45675,19350,18820.149425287356,87,5,4-6,40-60k,-0.3067477695248431
Hyundai Venue,2021,46200,16750,21417.8,20,2,0-2,40-60k,-0.6345987120524318
Dodge Challenger,2019,18345,41590,31835.757575757576,33,4,2-4,0-20k,2.497638754249608
Chevrolet Trailblazer,2021,36535,23750,24824.0,23,2,0-2,20-40k,0.2480769024449224
Cadillac XT,2018,32466,31590,29830.0,10,5,4-6,20-40k,1.236673590681959
Lexus RC,2016,75800,28590,41190.0,6,7,6-8,60-80k,0.8583840416116644
Mercedes-Benz GLB,2021,20364,40990,40990.0,1,2,0-2,20-40k,2.421980844435549
Mercedes-Benz E-Class,2018,23111,37990,24882.30769230769,26,5,4-6,20-40k,2.0436912953652544
Tesla Model,2022,10115,53990,48740.0,40,1,0-2,0-20k,4.061235557073492
Nissan Frontier Crew Cab,2021,27776,30590,26840.0,16,2,0-2,20-40k,1.1105770743251941
Chevrolet Equinox,2019,46143,19550,19319.105263157893,171,4,2-4,40-60k,-0.2815284662534901
Subaru Crosstrek,2021,9547,28990,24538.548387096773,31,2,0-2,0-20k,0.9088226481543704
Ford Bronco,2022,1063,51590,52561.42857142857,7,1,0-2,0-20k,3.758603917817257
Tesla Model,2021,9045,45990,48740.0,40,2,0-2,0-20k,3.0524634262193735
Tesla Model,2022,7560,56590,48740.0,40,1,0-2,0-20k,4.389086499601081
Tesla Model,2020,30734,50990,48740.0,40,3,2-4,20-40k,3.682946008003198
Honda CR-V,2021,41288,27590,21022.757009345794,107,2,0-2,40-60k,0.7322875252548995
Mercedes-Benz GLS,2018,5648,68990,68990.0,1,5,4-6,0-20k,5.952683302424966
Hyundai Kona,2019,48121,22199,22149.1,30,4,2-4,40-60k,0.05250120557558005
Toyota Sienna,2022,8427,44590,31905.78947368421,38,1,0-2,0-20k,2.8759283033199026
Nissan Rogue,2020,58367,19950,20382.880165289258,242,3,2-4,40-60k,-0.23108985971078416
Jeep Wrangler,2015,66917,27590,26477.5,32,8,6-8,60-80k,0.7322875252548995
Maserati Quattroporte,2017,27437,49590,41590.0,2,6,4-6,20-40k,3.506410885103727
Jeep Cherokee,2020,10084,27990,21467.63829787234,141,3,2-4,0-20k,0.7827261317976055
BMW  Series,2015,31144,27990,25277.301587301587,126,8,6-8,20-40k,0.7827261317976055
Subaru Crosstrek,2019,35332,25990,24538.548387096773,31,4,2-4,20-40k,0.5305330990840758
Lexus RC,2015,82962,28990,41190.0,6,8,6-8,80-100k,0.9088226481543704
Toyota Tundra CrewMax,2021,14378,46990,43901.11111111111,9,2,0-2,0-20k,3.1785599425761384
Ram  Classic Crew Cab,2019,68515,27590,30040.0,4,4,2-4,60-80k,0.7322875252548995
Ford F Regular Cab,2016,32819,25590,27190.0,7,7,6-8,20-40k,0.48009449254136977
Nissan LEAF,2022,17416,34590,19142.63157894737,38,1,0-2,0-20k,1.6149631397522537
Toyota Corolla Hatchback,2019,21474,25990,24646.666666666668,9,4,2-4,20-40k,0.5305330990840758
Jeep Wagoneer,2022,27001,63990,63790.0,2,1,0-2,20-40k,5.322200720641142
Chevrolet Colorado Crew Cab,2015,87250,25990,29220.76923076923,13,8,6-8,80-100k,0.5305330990840758
Kia Sorento,2021,52296,25590,21217.59405940594,101,2,0-2,40-60k,0.48009449254136977
Honda CR-V,2019,53885,23950,21022.757009345794,107,4,2-4,40-60k,0.2732962057162754
Ram  Crew Cab,2016,70326,27590,42332.857142857145,14,7,6-8,60-80k,0.7322875252548995
Toyota Tundra CrewMax,2012,64890,32990,43901.11111111111,9,11,10-15,60-80k,1.41320871358143
Nissan Rogue Sport,2021,39557,20750,20399.048387096773,62,2,0-2,20-40k,-0.13021264662537227
Maserati Ghibli,2017,18054,36990,41790.0,2,6,4-6,0-20k,1.9175947790084895
Toyota Tacoma Access Cab,2021,3933,33590,26430.0,5,2,0-2,0-20k,1.4888666233954888
BMW  Series,2015,49538,26990,25277.301587301587,126,8,6-8,40-60k,0.6566296154408406
Ford Edge,2020,62852,23596,20629.243243243243,74,3,2-4,60-80k,0.2286580389259806
MAZDA CX-,2022,2338,35590,23001.7,140,1,0-2,0-20k,1.7410596561090186
Jaguar XJ,2013,16879,27590,26790.0,2,10,8-10,0-20k,0.7322875252548995
Honda CR-V,2018,43015,26590,21022.757009345794,107,5,4-6,40-60k,0.6061910088981346
Dodge Challenger,2021,3070,31990,31835.757575757576,33,2,0-2,0-20k,1.287112197224665
Lexus IS,2016,59529,26590,23340.0,28,7,6-8,40-60k,0.6061910088981346
Chrysler Pacifica,2022,24427,37990,26151.657142857144,35,1,0-2,20-40k,2.0436912953652544
Chevrolet Corvette,2016,29813,48590,48640.0,20,7,6-8,20-40k,3.380314368746962
Honda Accord,2021,55904,26990,20338.34351145038,131,2,0-2,40-60k,0.6566296154408406
Dodge Challenger,2020,14281,28590,31835.757575757576,33,3,2-4,0-20k,0.8583840416116644
Chevrolet Blazer,2019,39516,30990,27322.36842105263,19,4,2-4,20-40k,1.1610156808679002
Mercedes-Benz CLA,2018,60332,26590,25608.18181818182,11,5,4-6,60-80k,0.6061910088981346
GMC Sierra  Crew Cab,2018,54511,39990,40710.0,5,5,4-6,40-60k,2.295884328078784
Nissan Altima,2021,36084,20250,19293.97340425532,188,2,0-2,20-40k,-0.1932609048037547
Subaru Crosstrek,2019,26789,25990,24538.548387096773,31,4,2-4,20-40k,0.5305330990840758
MAZDA CX-,2020,47183,29590,23001.7,140,3,2-4,40-60k,0.9844805579684293
Nissan Rogue Sport,2020,54187,18399,20399.048387096773,62,3,2-4,40-60k,-0.4266655565801265
Volkswagen Atlas,2021,28174,33990,31290.0,10,2,0-2,20-40k,1.5393052299381949
Porsche  Cayman,2018,15881,57990,56990.0,2,5,4-6,0-20k,4.565621622500553
Honda Accord,2021,41185,27990,20338.34351145038,131,2,0-2,40-60k,0.7827261317976055
Cadillac CT,2020,27184,44590,39630.0,5,3,2-4,20-40k,2.8759283033199026
Mercedes-Benz CLA,2017,43171,25990,25608.18181818182,11,6,4-6,40-60k,0.5305330990840758
GMC Sierra  Double Cab,2020,34338,37590,31290.0,4,3,2-4,20-40k,1.9932526888225484
Volvo XC,2018,48813,31990,27782.0,25,5,4-6,40-60k,1.287112197224665
Hyundai Tucson,2019,39322,26590,20007.2,70,4,2-4,20-40k,0.6061910088981346
Buick Encore GX,2021,12312,25590,23802.85714285714,14,2,0-2,0-20k,0.48009449254136977
GMC Acadia,2021,43029,34990,26526.174603174604,63,2,0-2,40-60k,1.6654017462949597
INFINITI Q,2021,21879,39590,25347.133333333335,30,2,0-2,20-40k,2.245445721536078
Toyota Tacoma Double Cab,2013,43380,29990,33790.0,28,10,8-10,40-60k,1.0349191645111353
Ford Mustang,2020,27919,25990,25856.117647058825,102,3,2-4,20-40k,0.5305330990840758
Nissan Altima,2021,45444,19814,19293.97340425532,188,2,0-2,40-60k,-0.2482389859353042
Honda Ridgeline,2019,43341,34990,35875.71428571428,7,4,2-4,40-60k,1.6654017462949597
Ford Bronco,2022,8899,45590,52561.42857142857,7,1,0-2,0-20k,3.0020248196766675
BMW  Series,2019,40694,32990,25277.301587301587,126,4,2-4,40-60k,1.41320871358143
Kia Sportage,2020,10571,25590,20804.091954022988,87,3,2-4,0-20k,0.48009449254136977
Ford Escape,2018,64997,17950,19376.448,125,5,4-6,60-80k,-0.48328289242431394
BMW X,2019,41463,30990,28257.918032786885,61,4,2-4,40-60k,1.1610156808679002
Nissan Rogue,2021,36530,25251,20382.880165289258,242,2,0-2,20-40k,0.43734777349642645
Hyundai Santa Cruz,2022,4273,37590,38523.333333333336,6,1,0-2,0-20k,1.9932526888225484
Kia Sorento,2019,41535,25990,21217.59405940594,101,4,2-4,40-60k,0.5305330990840758
Land Rover Discovery,2018,27875,43990,40990.0,2,5,4-6,20-40k,2.8002703935058437
GMC Canyon Crew Cab,2022,4730,41990,33861.875,8,1,0-2,0-20k,2.548077360792314
Toyota Venza,2021,40104,36251,24836.1,10,2,0-2,40-60k,1.8244094534208402
Toyota Runner,2019,36410,40990,37440.846153846156,13,4,2-4,20-40k,2.421980844435549
Nissan Murano,2020,46379,27051,23491.560606060608,66,3,2-4,40-60k,0.6643215029386033
Ram  Crew Cab,2019,42803,35590,42332.857142857145,14,4,2-4,40-60k,1.7410596561090186
Lincoln MKC,2018,20706,29590,23724.125,24,5,4-6,20-40k,0.9844805579684293
Buick LaCrosse,2017,10767,26990,18705.78947368421,19,6,4-6,0-20k,0.6566296154408406
Volkswagen Atlas Cross Sport,2020,24377,36590,34723.333333333336,3,3,2-4,20-40k,1.8671561724657835
Toyota Runner,2020,55501,36590,37440.846153846156,13,3,2-4,40-60k,1.8671561724657835
Tesla Model,2019,45618,47590,48740.0,40,4,2-4,40-60k,3.2542178523901972
Cadillac CTS,2016,14554,28590,22603.333333333332,15,7,6-8,0-20k,0.8583840416116644
Volvo S,2018,24891,27590,22542.380952380954,21,5,4-6,20-40k,0.7322875252548995
MAZDA MX- Miata,2020,3254,32990,22241.28205128205,39,3,2-4,0-20k,1.41320871358143
Nissan Murano,2020,54458,27451,23491.560606060608,66,3,2-4,40-60k,0.7147601094813092
Mercedes-Benz SLC,2018,19831,41990,41990.0,1,5,4-6,0-20k,2.548077360792314
Honda Civic,2021,33794,27990,18925.32380952381,210,2,0-2,20-40k,0.7827261317976055
BMW i,2018,22092,30590,20447.894736842107,38,5,4-6,20-40k,1.1105770743251941
Nissan Pathfinder,2017,42351,25990,22727.11111111111,36,6,4-6,40-60k,0.5305330990840758
Toyota Sienna,2021,16862,51590,31905.78947368421,38,2,0-2,0-20k,3.758603917817257
Subaru Legacy,2020,4078,27990,20081.428571428572,21,3,2-4,0-20k,0.7827261317976055
Subaru Outback,2018,42349,28990,25362.21153846154,52,5,4-6,40-60k,0.9088226481543704
Kia K,2021,32006,29990,26990.0,8,2,0-2,20-40k,1.0349191645111353
Honda Civic,2020,19085,25990,18925.32380952381,210,3,2-4,0-20k,0.5305330990840758
Chevrolet Traverse,2021,48214,29751,27964.304347826088,46,2,0-2,40-60k,1.0047820971018684
Dodge Challenger,2020,19665,28590,31835.757575757576,33,3,2-4,0-20k,0.8583840416116644
Toyota Prius,2021,40553,26590,19496.666666666668,60,2,0-2,40-60k,0.6061910088981346
MAZDA CX-,2021,39452,27265,23001.7,140,2,0-2,20-40k,0.691306157438951
Toyota Camry,2020,31339,29990,20721.41134751773,141,3,2-4,20-40k,1.0349191645111353
Hyundai Santa Cruz,2022,3508,41990,38523.333333333336,6,1,0-2,0-20k,2.548077360792314
Tesla Model X,2019,29496,85590,79590.0,3,4,2-4,20-40k,8.045885473947264
Dodge Charger,2021,33838,34431,27191.571428571428,35,2,0-2,20-40k,1.594913793651528
Kia K,2022,9228,33590,26990.0,8,1,0-2,0-20k,1.4888666233954888
Jeep Cherokee,2021,29480,27400,21467.63829787234,141,2,0-2,20-40k,0.7083291871471142
Chrysler Pacifica,2020,16609,33590,26151.657142857144,35,3,2-4,0-20k,1.4888666233954888
Lincoln MKC,2019,25306,31590,23724.125,24,4,2-4,20-40k,1.236673590681959
Jeep Wagoneer,2022,1437,63590,63790.0,2,1,0-2,0-20k,5.271762114098435
MINI Countryman,2019,31735,34990,19147.14285714286,42,4,2-4,20-40k,1.6654017462949597
Ram  Regular Cab,2016,23901,26590,24630.0,5,7,6-8,20-40k,0.6061910088981346
Chevrolet Corvette,2016,35158,68990,48640.0,20,7,6-8,20-40k,5.952683302424966
Honda Insight,2022,20006,32990,25270.0,10,1,0-2,20-40k,1.41320871358143
Kia Sorento,2021,40522,26990,21217.59405940594,101,2,0-2,40-60k,0.6566296154408406
Jeep Cherokee,2021,46244,25299,21467.63829787234,141,2,0-2,40-60k,0.4434004062815512
Kia Sorento,2021,56182,25990,21217.59405940594,101,2,0-2,40-60k,0.5305330990840758
Ford Explorer,2019,53734,28990,24112.425531914894,47,4,2-4,40-60k,0.9088226481543704
Dodge Charger,2021,40392,33204,27191.571428571428,35,2,0-2,40-60k,1.4401933680817776
Acura RDX,2019,18000,35990,24947.275862068964,29,4,2-4,0-20k,1.7914982626517246
Toyota Camry,2020,23911,28590,20721.41134751773,141,3,2-4,20-40k,0.8583840416116644
Chevrolet Camaro,2020,29505,41593,26673.675324675325,77,3,2-4,20-40k,2.498017043798678
Volkswagen Golf GTI,2018,55469,26990,23106.129032258064,31,5,4-6,40-60k,0.6566296154408406
Nissan Murano,2021,28904,26993,23491.560606060608,66,2,0-2,20-40k,0.6570079049899109
Mercedes-Benz GLA,2017,53512,25590,28110.0,10,6,4-6,40-60k,0.48009449254136977
Kia Niro EV,2020,10350,38590,38590.0,1,3,2-4,0-20k,2.1193492051793132
Lexus GX,2018,70344,35590,40590.0,6,5,4-6,60-80k,1.7410596561090186
BMW  Series,2016,49336,25990,25277.301587301587,126,7,6-8,40-60k,0.5305330990840758
Honda Ridgeline,2019,26225,35990,35875.71428571428,7,4,2-4,20-40k,1.7914982626517246
Chevrolet Traverse,2021,46017,27999,27964.304347826088,46,2,0-2,40-60k,0.7838610004448163
Mercedes-Benz CLA,2016,30920,27990,25608.18181818182,11,7,6-8,20-40k,0.7827261317976055
Chevrolet Equinox,2019,41016,25990,19319.105263157893,171,4,2-4,40-60k,0.5305330990840758
Subaru Impreza,2022,10131,26590,19643.23076923077,26,1,0-2,0-20k,0.6061910088981346
Toyota Venza,2022,5845,43590,24836.1,10,1,0-2,0-20k,2.7498317869631377
Toyota RAV,2016,38959,28590,23160.708333333332,72,7,6-8,20-40k,0.8583840416116644
Nissan Rogue Sport,2019,29009,25990,20399.048387096773,62,4,2-4,20-40k,0.5305330990840758
Jeep Grand Cherokee,2021,49475,32993,23092.367346938776,49,2,0-2,40-60k,1.4135870031305002
BMW  Series,2018,49957,29990,25277.301587301587,126,5,4-6,40-60k,1.0349191645111353
BMW X,2019,32638,29990,28257.918032786885,61,4,2-4,20-40k,1.0349191645111353
Ford Mustang,2015,18310,36590,25856.117647058825,102,8,6-8,0-20k,1.8671561724657835
MAZDA CX-,2021,10948,30990,23001.7,140,2,0-2,0-20k,1.1610156808679002
Ram  Quad Cab,2021,30617,35990,33290.0,4,2,0-2,20-40k,1.7914982626517246
BMW  Series,2019,52899,34590,25277.301587301587,126,4,2-4,40-60k,1.6149631397522537
BMW  Series,2019,13113,37990,25277.301587301587,126,4,2-4,0-20k,2.0436912953652544
MAZDA CX-,2021,47739,28293,23001.7,140,2,0-2,40-60k,0.8209333762537052
Ford F SuperCrew Cab,2020,32315,65990,40704.71428571428,14,3,2-4,20-40k,5.574393753354672
Lincoln MKC,2019,37422,26990,23724.125,24,4,2-4,20-40k,0.6566296154408406
Lincoln Nautilus,2020,50080,30990,36490.0,2,3,2-4,40-60k,1.1610156808679002
Toyota Camry,2020,21129,26990,20721.41134751773,141,3,2-4,20-40k,0.6566296154408406
Ford F Regular Cab,2018,29721,26590,27190.0,7,5,4-6,20-40k,0.6061910088981346
Jeep Grand Cherokee L,2021,29974,45590,45590.0,1,2,0-2,20-40k,3.0020248196766675
Chevrolet Camaro,2020,30250,42993,26673.675324675325,77,3,2-4,20-40k,2.674552166698149
Chevrolet Traverse,2019,46382,28590,27964.304347826088,46,4,2-4,40-60k,0.8583840416116644
Hyundai Tucson Hybrid,2022,9539,35990,38056.666666666664,3,1,0-2,0-20k,1.7914982626517246
Mercedes-Benz GLA-Class,2015,27037,33990,28856.666666666668,3,8,6-8,20-40k,1.5393052299381949
Ford Maverick,2022,6027,37990,36323.333333333336,3,1,0-2,0-20k,2.0436912953652544
Toyota Tacoma Double Cab,2021,22158,34590,33790.0,28,2,0-2,20-40k,1.6149631397522537
Toyota Sienna,2022,815,54990,31905.78947368421,38,1,0-2,0-20k,4.187332073430258
Honda Clarity Plug-in Hybrid,2018,26611,28590,26590.0,3,5,4-6,20-40k,0.8583840416116644
Toyota Highlander,2016,76831,26590,26813.875,24,7,6-8,60-80k,0.6061910088981346
Mercedes-Benz S-Class,2022,10880,102990,58856.666666666664,3,1,0-2,0-20k,10.239964858554972
Ford Explorer,2020,64743,25990,24112.425531914894,47,3,2-4,60-80k,0.5305330990840758
Honda Insight,2020,42474,25590,25270.0,10,3,2-4,40-60k,0.48009449254136977
Kia Sedona,2020,64256,25590,19804.285714285714,14,3,2-4,60-80k,0.48009449254136977
Buick Envision,2021,23872,30990,24501.2,20,2,0-2,20-40k,1.1610156808679002
Hyundai Santa Fe,2020,1018,34590,23761.17391304348,46,3,2-4,0-20k,1.6149631397522537
Nissan Murano,2020,58324,21400,23491.560606060608,66,3,2-4,40-60k,-0.04824991099347509
Ford Edge,2020,13921,26990,20629.243243243243,74,3,2-4,0-20k,0.6566296154408406
Volkswagen Tiguan,2021,44425,25990,20451.456140350878,57,2,0-2,40-60k,0.5305330990840758
Jeep Cherokee,2021,48357,28990,21467.63829787234,141,2,0-2,40-60k,0.9088226481543704
MAZDA MAZDA,2018,49338,21521,17840.6338028169,142,5,4-6,40-60k,-0.03299223251430654
Toyota Tacoma Double Cab,2018,49744,34990,33790.0,28,5,4-6,40-60k,1.6654017462949597
Ford Flex,2019,50473,25000,23264.36,25,4,2-4,40-60k,0.4056975478908785
Toyota Tacoma Double Cab,2018,51932,28990,33790.0,28,5,4-6,40-60k,0.9088226481543704
Ford Explorer,2020,56705,27990,24112.425531914894,47,3,2-4,40-60k,0.7827261317976055
Ford Fusion,2020,34722,19416,18113.032,125,3,2-4,20-40k,-0.2984253994452966
GMC Sierra  Limited Crew Cab,2022,9854,58590,58590.0,1,1,0-2,0-20k,4.641279532314611
Alfa Romeo Giulia,2017,39975,27990,28523.333333333332,6,6,4-6,20-40k,0.7827261317976055
Lincoln MKX,2018,14313,34990,22950.0,10,5,4-6,0-20k,1.6654017462949597
Ford Fusion,2020,51912,17700,18113.032,125,3,2-4,40-60k,-0.5148070215135051
MAZDA CX-,2018,65234,27590,23001.7,140,5,4-6,60-80k,0.7322875252548995
Nissan Kicks,2020,50808,17999,19809.626373626375,91,3,2-4,40-60k,-0.47710416312283244
BMW  Series,2018,39269,29590,25277.301587301587,126,5,4-6,20-40k,0.9844805579684293
INFINITI QX,2019,61327,25990,26679.234375,64,4,2-4,60-80k,0.5305330990840758
Chevrolet Camaro,2019,33720,27990,26673.675324675325,77,4,2-4,20-40k,0.7827261317976055
Mercedes-Benz Mercedes-AMG SLC,2017,16358,44990,44990.0,1,6,4-6,0-20k,2.9263669098626086
Buick Regal,2017,30502,25990,18630.0,10,6,4-6,20-40k,0.5305330990840758
Ford Expedition MAX,2020,61688,46590,44733.333333333336,6,3,2-4,60-80k,3.1281213360334323
Honda CR-V,2017,42113,27990,21022.757009345794,107,6,4-6,40-60k,0.7827261317976055
Nissan Maxima,2021,27562,36990,24153.521739130436,23,2,0-2,20-40k,1.9175947790084895
GMC Canyon Crew Cab,2022,12635,36590,33861.875,8,1,0-2,0-20k,1.8671561724657835
Toyota Camry,2021,45519,29590,20721.41134751773,141,2,0-2,40-60k,0.9844805579684293
Lincoln Corsair,2022,9494,44590,43090.0,2,1,0-2,0-20k,2.8759283033199026
Hyundai Accent,2019,67724,15990,15905.254237288136,59,4,2-4,60-80k,-0.7304320644835731
Kia Forte,2014,65257,13590,17017.92156862745,102,9,8-10,60-80k,-1.0330637037398087
Kia Niro,2019,100875,19590,23530.0,10,4,2-4,100-130k,-0.2764846055992195
Buick Encore,2020,18605,21990,18820.149425287356,87,3,2-4,0-20k,0.026147033657016195
Ford Fusion,2019,61785,21590,18113.032,125,4,2-4,60-80k,-0.02429157288568976
Toyota Corolla,2016,80034,15990,18560.486988847584,269,7,6-8,80-100k,-0.7304320644835731
Dodge Grand Caravan Passenger,2019,71210,20990,18365.342465753423,73,4,2-4,60-80k,-0.09994948269974868
Jeep Compass,2019,42087,23990,20590.543103448275,116,4,2-4,40-60k,0.278340066370546
Chevrolet Equinox,2013,63094,15590,19319.105263157893,171,10,8-10,60-80k,-0.780870671026279
Chevrolet Malibu,2020,46331,21990,19288.927536231884,69,3,2-4,40-60k,0.026147033657016195
Chrysler,2015,32258,21990,20993.80612244898,98,8,6-8,20-40k,0.026147033657016195
Nissan Rogue,2015,66979,18590,20382.880165289258,242,8,6-8,60-80k,-0.4025811219559844
Kia Soul,2021,16571,20990,17106.064516129034,124,2,0-2,0-20k,-0.09994948269974868
Ford EcoSport,2021,39062,19990,19908.256756756757,74,2,0-2,20-40k,-0.22604599905651357
Mitsubishi Outlander,2018,71617,19990,20020.0,20,5,4-6,60-80k,-0.22604599905651357
Ford Focus,2014,41941,13990,14996.451612903225,93,9,8-10,40-60k,-0.9826250971971029
Nissan Sentra,2019,31216,17990,17151.21551724138,116,4,2-4,20-40k,-0.47823903177004334
Dodge Journey,2020,30570,22990,19075.328125,64,3,2-4,20-40k,0.15224355001378106
Kia Rio,2021,14167,19590,16682.0,35,2,0-2,0-20k,-0.2764846055992195
Jaguar XE,2017,42486,24590,25290.0,4,6,4-6,40-60k,0.3539979761846049
Honda HR-V,2016,67580,19590,22338.0,43,7,6-8,60-80k,-0.2764846055992195
Honda CR-V,2011,88165,15590,21022.757009345794,107,12,10-15,80-100k,-0.780870671026279
Toyota RAV,2020,27844,32590,23160.708333333332,72,3,2-4,20-40k,1.362770107038724
Subaru Forester,2021,45149,26990,20446.25,32,2,0-2,40-60k,0.6566296154408406
Nissan Altima,2021,36064,21864,19293.97340425532,188,2,0-2,20-40k,0.010258872596063819
Nissan Rogue,2020,51697,20295,20382.880165289258,242,3,2-4,40-60k,-0.1875865615677003
Jeep Wrangler Unlimited,2018,61552,30590,35153.86666666667,15,5,4-6,60-80k,1.1105770743251941
Hyundai Santa Fe,2020,48550,23300,23761.17391304348,46,3,2-4,40-60k,0.19133347008437818
Audi A,2020,22298,34990,24272.608695652172,46,3,2-4,20-40k,1.6654017462949597
Kia Sorento,2019,64386,27590,21217.59405940594,101,4,2-4,60-80k,0.7322875252548995
Nissan Rogue,2021,44741,24600,20382.880165289258,242,2,0-2,40-60k,0.35525894134817254
Audi A,2018,58425,25590,24272.608695652172,46,5,4-6,40-60k,0.48009449254136977
Hyundai Azera,2017,10703,25990,19023.333333333332,6,6,4-6,0-20k,0.5305330990840758
Honda Civic Type R,2017,20883,39990,42290.0,2,6,4-6,20-40k,2.295884328078784
Ford Explorer,2017,64172,28990,24112.425531914894,47,6,4-6,60-80k,0.9088226481543704
Tesla Model,2019,17780,41990,48740.0,40,4,2-4,0-20k,2.548077360792314
Nissan Kicks,2020,56775,18190,19809.626373626375,91,3,2-4,40-60k,-0.4530197284986904
Ford Explorer,2020,53198,29590,24112.425531914894,47,3,2-4,40-60k,0.9844805579684293
Subaru Crosstrek,2019,36955,27990,24538.548387096773,31,4,2-4,20-40k,0.7827261317976055
Honda Pilot,2016,47813,25990,25763.433333333334,30,7,6-8,40-60k,0.5305330990840758
Ford Escape,2018,50158,21499,19376.448,125,5,4-6,40-60k,-0.035766355874155366
Honda Accord,2021,39994,27990,20338.34351145038,131,2,0-2,20-40k,0.7827261317976055
Ford Edge,2020,45896,22555,20629.243243243243,74,3,2-4,40-60k,0.09739156539858836
Nissan Rogue,2021,36102,25990,20382.880165289258,242,2,0-2,20-40k,0.5305330990840758
Dodge Challenger,2022,628,33590,31835.757575757576,33,1,0-2,0-20k,1.4888666233954888
Subaru Outback,2021,13926,31590,25362.21153846154,52,2,0-2,0-20k,1.236673590681959
Lexus IS,2014,55095,26990,23340.0,28,9,8-10,40-60k,0.6566296154408406
BMW  Series,2015,38884,32590,25277.301587301587,126,8,6-8,20-40k,1.362770107038724
Jeep Cherokee,2021,55212,25590,21467.63829787234,141,2,0-2,40-60k,0.48009449254136977
Dodge Challenger,2015,51184,50990,31835.757575757576,33,8,6-8,40-60k,3.682946008003198
Ford Ranger SuperCrew,2019,58235,28590,32950.0,5,4,2-4,40-60k,0.8583840416116644
Ford Mustang MACH-E,2022,2377,52990,62190.0,6,1,0-2,0-20k,3.9351390407167277
GMC Sierra  Crew Cab,2018,16098,45990,40710.0,5,5,4-6,0-20k,3.0524634262193735
Ford Explorer,2021,2759,36990,24112.425531914894,47,2,0-2,0-20k,1.9175947790084895
INFINITI QX,2017,60362,27590,26679.234375,64,6,4-6,60-80k,0.7322875252548995
Honda Civic,2022,13456,28990,18925.32380952381,210,1,0-2,0-20k,0.9088226481543704
Dodge Charger,2015,59254,27990,27191.571428571428,35,8,6-8,40-60k,0.7827261317976055
Jeep Grand Cherokee,2021,49762,31590,23092.367346938776,49,2,0-2,40-60k,1.236673590681959
Nissan Altima,2022,24268,22895,19293.97340425532,188,1,0-2,20-40k,0.1402643809598884
Kia K,2022,3799,33590,26990.0,8,1,0-2,0-20k,1.4888666233954888
Chrysler,2021,50132,24900,20993.80612244898,98,2,0-2,40-60k,0.393087896255202
Hyundai Elantra,2022,5691,25590,17041.33846153846,195,1,0-2,0-20k,0.48009449254136977
Tesla Model Y,2022,81,67990,62750.0,15,1,0-2,0-20k,5.8265867860682015
Nissan Kicks,2020,52226,18599,19809.626373626375,91,3,2-4,40-60k,-0.40144625330877354
Lexus NX,2018,36995,40990,30959.23076923077,13,5,4-6,20-40k,2.421980844435549
Lexus NX,2018,53174,28990,30959.23076923077,13,5,4-6,40-60k,0.9088226481543704
Nissan Murano,2016,24905,25590,23491.560606060608,66,7,6-8,20-40k,0.48009449254136977
MINI Clubman,2018,45354,25590,20763.333333333332,15,5,4-6,40-60k,0.48009449254136977
Chevrolet Traverse,2021,42233,29750,27964.304347826088,46,2,0-2,40-60k,1.0046560005855116
Chevrolet Camaro,2019,42270,25990,26673.675324675325,77,4,2-4,40-60k,0.5305330990840758
Ford Transit Connect Passenger Wagon,2020,53598,28990,32490.0,2,3,2-4,40-60k,0.9088226481543704
Maserati Quattroporte,2013,22733,33590,41590.0,2,10,8-10,20-40k,1.4888666233954888
Nissan Frontier Crew Cab,2022,3435,33590,26840.0,16,1,0-2,0-20k,1.4888666233954888
BMW  Series,2020,11832,51990,25277.301587301587,126,3,2-4,0-20k,3.809042524359963
GMC Acadia,2021,47179,29700,26526.174603174604,63,2,0-2,40-60k,0.9983511747676734
Lexus GS,2020,19233,41590,26690.0,6,3,2-4,0-20k,2.497638754249608
Lincoln MKC,2019,17103,29990,23724.125,24,4,2-4,0-20k,1.0349191645111353
Honda Accord,2016,39930,25990,20338.34351145038,131,7,6-8,20-40k,0.5305330990840758
Chrysler,2021,47865,26500,20993.80612244898,98,2,0-2,40-60k,0.5948423224260259
Toyota Sienna,2021,17887,46990,31905.78947368421,38,2,0-2,0-20k,3.1785599425761384
BMW  Series,2016,7442,35990,25277.301587301587,126,7,6-8,0-20k,1.7914982626517246
Ford F SuperCrew Cab,2020,36710,38590,40704.71428571428,14,3,2-4,20-40k,2.1193492051793132
Chevrolet Silverado  Crew Cab,2018,91769,32590,38677.5,16,5,4-6,80-100k,1.362770107038724
Toyota Camry Hybrid,2019,73018,26990,29523.222222222223,9,4,2-4,60-80k,0.6566296154408406
Chevrolet Colorado Crew Cab,2022,9742,33990,29220.76923076923,13,1,0-2,0-20k,1.5393052299381949
Dodge Challenger,2021,14371,29590,31835.757575757576,33,2,0-2,0-20k,0.9844805579684293
Nissan Murano,2020,42323,30200,23491.560606060608,66,3,2-4,40-60k,1.0613994329460559
GMC Terrain,2018,72295,25990,21643.57627118644,59,5,4-6,60-80k,0.5305330990840758
Toyota Tacoma Double Cab,2018,57014,36590,33790.0,28,5,4-6,40-60k,1.8671561724657835
Chrysler Pacifica,2020,15024,40590,26151.657142857144,35,3,2-4,0-20k,2.371542237892843
Honda Ridgeline,2022,18500,36590,35875.71428571428,7,1,0-2,0-20k,1.8671561724657835
Chevrolet Silverado  Limited Crew Cab,2022,20965,39990,40656.666666666664,3,1,0-2,20-40k,2.295884328078784
Chevrolet Trailblazer,2021,14083,30990,24824.0,23,2,0-2,0-20k,1.1610156808679002
Hyundai Veloster,2019,53281,17800,17090.3125,32,4,2-4,40-60k,-0.5021973698778287
Chevrolet Equinox,2021,39838,19249,19319.105263157893,171,2,0-2,20-40k,-0.3194835176768763
MAZDA CX-,2021,2516,30590,23001.7,140,2,0-2,0-20k,1.1105770743251941
Ford EcoSport,2021,27919,21350,19908.256756756757,74,2,0-2,20-40k,-0.05455473681131333
Volvo XC,2016,76102,30590,27782.0,25,7,6-8,60-80k,1.1105770743251941
Kia Optima,2018,60169,20300,17867.048076923078,104,5,4-6,60-80k,-0.18695607898591646
Lexus ES,2019,62431,30590,26148.61111111111,36,4,2-4,60-80k,1.1105770743251941
Chevrolet Camaro,2019,55150,26590,26673.675324675325,77,4,2-4,40-60k,0.6061910088981346
Nissan Altima,2021,40608,19700,19293.97340425532,188,2,0-2,40-60k,-0.2626139887999754
Chevrolet Corvette,2014,67355,43990,48640.0,20,9,8-10,60-80k,2.8002703935058437
Toyota Camry,2021,38921,25990,20721.41134751773,141,2,0-2,20-40k,0.5305330990840758
Lexus ES,2019,46174,35990,26148.61111111111,36,4,2-4,40-60k,1.7914982626517246
Acura RDX,2021,10922,44990,24947.275862068964,29,2,0-2,0-20k,2.9263669098626086
Ford Mustang MACH-E,2022,2665,71990,62190.0,6,1,0-2,0-20k,6.330972851495261
GMC Terrain,2018,52247,23250,21643.57627118644,59,5,4-6,40-60k,0.18502864426653995
Volkswagen Atlas,2019,30930,37590,31290.0,10,4,2-4,20-40k,1.9932526888225484
Toyota Tundra Hybrid CrewMax,2022,2625,87990,87990.0,1,1,0-2,0-20k,8.3485171132035
Jeep Grand Cherokee,2020,58404,25990,23092.367346938776,49,3,2-4,40-60k,0.5305330990840758
MAZDA CX-,2019,37973,27990,23001.7,140,4,2-4,20-40k,0.7827261317976055
Hyundai Tucson,2021,38531,23892,20007.2,70,2,0-2,20-40k,0.265982607767583
Mercedes-Benz GLA,2018,17974,30590,28110.0,10,5,4-6,0-20k,1.1105770743251941
Hyundai Sonata,2022,12112,32990,16759.738562091505,153,1,0-2,0-20k,1.41320871358143
Dodge Charger,2021,2333,28990,27191.571428571428,35,2,0-2,0-20k,0.9088226481543704
GMC Acadia,2020,58428,26590,26526.174603174604,63,3,2-4,40-60k,0.6061910088981346
Alfa Romeo Stelvio,2019,33530,32590,29523.333333333332,3,4,2-4,20-40k,1.362770107038724
Audi Q,2015,76528,26590,25158.42105263158,19,8,6-8,60-80k,0.6061910088981346
Chevrolet Equinox,2019,42915,18442,19319.105263157893,171,4,2-4,40-60k,-0.4212434063767856
GMC Acadia,2021,18738,45990,26526.174603174604,63,2,0-2,0-20k,3.0524634262193735
Toyota Camry Hybrid,2019,26883,28990,29523.222222222223,9,4,2-4,20-40k,0.9088226481543704
Ford Mustang,2015,1431,38590,25856.117647058825,102,8,6-8,0-20k,2.1193492051793132
Volkswagen Tiguan,2022,23096,29590,20451.456140350878,57,1,0-2,20-40k,0.9844805579684293
Honda Civic Type R,2021,22135,44590,42290.0,2,2,0-2,20-40k,2.8759283033199026
Toyota Runner,2017,30782,41590,37440.846153846156,13,6,4-6,20-40k,2.497638754249608
Chevrolet Camaro,2011,28521,26990,26673.675324675325,77,12,10-15,20-40k,0.6566296154408406
Lexus ES,2020,11332,42590,26148.61111111111,36,3,2-4,0-20k,2.623735270606373
Volvo XC,2018,41490,32590,27782.0,25,5,4-6,40-60k,1.362770107038724
Toyota Sienna,2022,35132,51990,31905.78947368421,38,1,0-2,20-40k,3.809042524359963
BMW  Series,2021,20727,33990,25277.301587301587,126,2,0-2,20-40k,1.5393052299381949
Nissan Frontier King Cab,2020,43538,27990,24310.0,5,3,2-4,40-60k,0.7827261317976055
Toyota RAV,2020,50228,29748,23160.708333333332,72,3,2-4,40-60k,1.0044038075527981
Honda Pilot,2019,32542,30990,25763.433333333334,30,4,2-4,20-40k,1.1610156808679002
Chevrolet Silverado  Double Cab,2017,46079,29990,31525.333333333332,9,6,4-6,40-60k,1.0349191645111353
Lexus RC,2021,7770,49990,41190.0,6,2,0-2,0-20k,3.556849491646433
Ford Mustang,2021,8874,28990,25856.117647058825,102,2,0-2,0-20k,0.9088226481543704
Honda Pilot,2020,55669,31349,25763.433333333334,30,3,2-4,40-60k,1.2062843302399786
Jeep Grand Cherokee,2020,61561,26590,23092.367346938776,49,3,2-4,60-80k,0.6061910088981346
Toyota Sienna,2021,40322,37990,31905.78947368421,38,2,0-2,40-60k,2.0436912953652544
Ram  Classic Quad Cab,2019,32260,28990,29640.0,4,4,2-4,20-40k,0.9088226481543704
Toyota Sienna,2021,8318,42990,31905.78947368421,38,2,0-2,0-20k,2.674173877149079
Dodge Challenger,2012,5328,37990,31835.757575757576,33,11,10-15,0-20k,2.0436912953652544
Honda Civic,2018,12648,25990,18925.32380952381,210,5,4-6,0-20k,0.5305330990840758
Jeep Gladiator,2022,9845,42990,42513.0,7,1,0-2,0-20k,2.674173877149079
Subaru Outback,2020,56765,29844,25362.21153846154,52,3,2-4,40-60k,1.0165090731230475
GMC Terrain,2022,14283,29990,21643.57627118644,59,1,0-2,0-20k,1.0349191645111353
Toyota RAV,2020,57213,30398,23160.708333333332,72,3,2-4,40-60k,1.0863665431846954
Genesis G,2022,3452,39990,34966.555555555555,9,1,0-2,0-20k,2.295884328078784
Toyota Highlander,2020,62437,33849,26813.875,24,3,2-4,60-80k,1.5215256211318908
Chevrolet Camaro,2017,22459,34590,26673.675324675325,77,6,4-6,20-40k,1.6149631397522537
Volvo XC,2021,36590,36990,27782.0,25,2,0-2,20-40k,1.9175947790084895
MAZDA MAZDA,2020,43049,26049,17840.6338028169,142,3,2-4,40-60k,0.5379727935491249
BMW X,2016,45445,38990,28257.918032786885,61,7,6-8,40-60k,2.1697878117220193
Chrysler Voyager,2020,33444,26590,28730.0,10,3,2-4,20-40k,0.6061910088981346
Volvo XC,2021,42016,38590,27782.0,25,2,0-2,40-60k,2.1193492051793132
Audi Q,2018,49762,34590,25158.42105263158,19,5,4-6,40-60k,1.6149631397522537
Toyota Camry,2022,16124,29590,20721.41134751773,141,1,0-2,0-20k,0.9844805579684293
Ford Focus,2016,13837,25590,14996.451612903225,93,7,6-8,0-20k,0.48009449254136977
Volvo S,2020,40634,30590,22542.380952380954,21,3,2-4,40-60k,1.1105770743251941
INFINITI QX,2021,35966,33099,26679.234375,64,2,0-2,20-40k,1.4269532338643172
Nissan Altima,2022,6236,27590,19293.97340425532,188,1,0-2,0-20k,0.7322875252548995
Jeep Grand Cherokee,2018,62724,28590,23092.367346938776,49,5,4-6,60-80k,0.8583840416116644
Tesla Model S,2021,10093,89990,66790.0,4,2,0-2,0-20k,8.600710145917029
Chevrolet Blazer,2021,10567,30990,27322.36842105263,19,2,0-2,0-20k,1.1610156808679002
Lincoln MKZ,2019,21697,31590,21467.777777777777,18,4,2-4,20-40k,1.236673590681959
Toyota Tacoma Double Cab,2018,51100,35590,33790.0,28,5,4-6,40-60k,1.7410596561090186
MAZDA CX-,2021,41606,29603,23001.7,140,2,0-2,40-60k,0.9861198126810672
MAZDA MX- Miata RF,2017,43323,25590,25140.0,4,6,4-6,40-60k,0.48009449254136977
Nissan Altima,2020,49535,26498,19293.97340425532,188,3,2-4,40-60k,0.5945901293933122
Ford Transit Connect Passenger Wagon,2022,7781,35990,32490.0,2,1,0-2,0-20k,1.7914982626517246
MINI Hardtop  Door,2022,7529,30590,20638.64864864865,37,1,0-2,0-20k,1.1105770743251941
GMC Terrain,2020,45306,26590,21643.57627118644,59,3,2-4,40-60k,0.6061910088981346
Polestar,2022,3931,50990,50490.0,2,1,0-2,0-20k,3.682946008003198
Toyota Tacoma Access Cab,2019,15270,32990,26430.0,5,4,2-4,0-20k,1.41320871358143
Ram  Crew Cab,2018,43299,34990,42332.857142857145,14,5,4-6,40-60k,1.6654017462949597
Ram  Crew Cab,2020,23312,41590,42332.857142857145,14,3,2-4,20-40k,2.497638754249608
Nissan Kicks,2019,47486,17099,19809.626373626375,91,4,2-4,40-60k,-0.5905910278439208
Ford Fusion,2020,48827,18000,18113.032,125,3,2-4,40-60k,-0.4769780666064757
Tesla Model Y,2020,24550,58590,62750.0,15,3,2-4,20-40k,4.641279532314611
Honda Pilot,2020,21793,37590,25763.433333333334,30,3,2-4,20-40k,1.9932526888225484
Tesla Model Y,2021,30854,63990,62750.0,15,2,0-2,20-40k,5.322200720641142
Chevrolet Equinox,2019,46003,18750,19319.105263157893,171,4,2-4,40-60k,-0.382405679338902
Volkswagen ID.,2021,7776,44990,45190.0,4,2,0-2,0-20k,2.9263669098626086
Nissan Kicks,2021,41269,18500,19809.626373626375,91,2,0-2,40-60k,-0.41392980842809324
MINI Hardtop  Door,2022,3988,35590,20638.64864864865,37,1,0-2,0-20k,1.7410596561090186
Tesla Model X,2017,32124,71590,79590.0,3,6,4-6,20-40k,6.2805342449525545
GMC Acadia,2021,43351,28990,26526.174603174604,63,2,0-2,40-60k,0.9088226481543704
Porsche Macan,2015,62335,33590,37790.0,5,8,6-8,60-80k,1.4888666233954888
Chevrolet Blazer,2021,43141,31590,27322.36842105263,19,2,0-2,40-60k,1.236673590681959
Dodge Durango,2021,45086,33590,29047.85714285714,14,2,0-2,40-60k,1.4888666233954888
Nissan Frontier Crew Cab,2021,40708,28990,26840.0,16,2,0-2,40-60k,0.9088226481543704
Nissan Kicks,2021,41005,17249,19809.626373626375,91,2,0-2,40-60k,-0.5716765503904061
Subaru Legacy,2020,11495,29990,20081.428571428572,21,3,2-4,0-20k,1.0349191645111353
Toyota RAV Hybrid,2021,7588,43590,42167.77777777778,9,2,0-2,0-20k,2.7498317869631377
GMC Acadia,2018,55632,25990,26526.174603174604,63,5,4-6,40-60k,0.5305330990840758
Kia Carnival,2023,4457,43590,44090.0,4,0,0-2,0-20k,2.7498317869631377
Nissan Altima,2021,43401,19300,19293.97340425532,188,2,0-2,40-60k,-0.3130525953426813
Hyundai Santa Cruz,2022,2865,35590,38523.333333333336,6,1,0-2,0-20k,1.7410596561090186
Toyota Camry,2020,61259,19500,20721.41134751773,141,3,2-4,60-80k,-0.28783329207132835
INFINITI QX,2021,51271,28990,26679.234375,64,2,0-2,40-60k,0.9088226481543704
Buick Enclave,2021,12449,45990,25804.4,25,2,0-2,0-20k,3.0524634262193735
Chevrolet Equinox,2021,50395,19300,19319.105263157893,171,2,0-2,40-60k,-0.3130525953426813
Ford Transit  Wagon,2018,94875,35990,35990.0,1,5,4-6,80-100k,1.7914982626517246
Chevrolet Traverse,2021,36212,33590,27964.304347826088,46,2,0-2,20-40k,1.4888666233954888
Kia Seltos,2022,7176,31990,25770.0,10,1,0-2,0-20k,1.287112197224665
Toyota Avalon,2016,66652,26990,23526.363636363636,22,7,6-8,60-80k,0.6566296154408406
Nissan Pathfinder,2020,25664,28590,22727.11111111111,36,3,2-4,20-40k,0.8583840416116644
INFINITI QX,2020,41551,33590,26679.234375,64,3,2-4,40-60k,1.4888666233954888
Chrysler Voyager,2022,30177,33590,28730.0,10,1,0-2,20-40k,1.4888666233954888
MAZDA CX-,2020,59464,17850,23001.7,140,3,2-4,40-60k,-0.4958925440599904
Chrysler Voyager,2022,31818,34590,28730.0,10,1,0-2,20-40k,1.6149631397522537
Chevrolet Equinox,2022,15260,26990,19319.105263157893,171,1,0-2,0-20k,0.6566296154408406
Mercedes-Benz SL-Class,2011,53074,31990,43423.333333333336,6,12,10-15,40-60k,1.287112197224665
Chevrolet Equinox,2019,52144,18000,19319.105263157893,171,4,2-4,40-60k,-0.4769780666064757
Ford Bronco,2022,1712,49990,52561.42857142857,7,1,0-2,0-20k,3.556849491646433
Toyota RAV Hybrid,2021,5980,44990,42167.77777777778,9,2,0-2,0-20k,2.9263669098626086
Nissan Rogue,2019,62557,21990,20382.880165289258,242,4,2-4,60-80k,0.026147033657016195
Nissan Rogue,2018,51522,19990,20382.880165289258,242,5,4-6,40-60k,-0.22604599905651357
Ford EcoSport,2019,50106,17990,19908.256756756757,74,4,2-4,40-60k,-0.47823903177004334
Kia Rio,2021,38852,18590,16682.0,35,2,0-2,20-40k,-0.4025811219559844
Kia Optima,2020,59940,18990,17867.048076923078,104,3,2-4,40-60k,-0.35214251541327846
Ford Fusion,2014,58212,15590,18113.032,125,9,8-10,40-60k,-0.780870671026279
Ford EcoSport,2020,13687,20590,19908.256756756757,74,3,2-4,0-20k,-0.15038808924245464
INFINITI G,2011,102130,15590,18252.5,16,12,10-15,100-130k,-0.780870671026279
Ford Fusion,2014,64940,15990,18113.032,125,9,8-10,60-80k,-0.7304320644835731
Chevrolet Trax,2021,28929,20990,18076.951219512193,82,2,0-2,20-40k,-0.09994948269974868
Honda Civic,2014,98343,15990,18925.32380952381,210,9,8-10,80-100k,-0.7304320644835731
Subaru WRX,2017,84746,23990,27034.444444444445,9,6,4-6,80-100k,0.278340066370546
Subaru Impreza,2014,32228,18590,19643.23076923077,26,9,8-10,20-40k,-0.4025811219559844
Ford Fiesta,2016,32947,13990,14645.737704918032,61,7,6-8,20-40k,-0.9826250971971029
Jeep Cherokee,2015,67688,17990,21467.63829787234,141,8,6-8,60-80k,-0.47823903177004334
Nissan Altima,2015,52927,16590,19293.97340425532,188,8,6-8,40-60k,-0.6547741546695142
Nissan Sentra,2016,103535,12990,17151.21551724138,116,7,6-8,100-130k,-1.1087216135538678
Toyota C-HR,2018,27070,23990,23407.366666666665,30,5,4-6,20-40k,0.278340066370546
Chrysler Pacifica,2017,84309,20990,26151.657142857144,35,6,4-6,80-100k,-0.09994948269974868
Hyundai Sonata,2016,104484,14590,16759.738562091505,153,7,6-8,100-130k,-0.9069671873830439
Ford Escape,2018,105105,15990,19376.448,125,5,4-6,100-130k,-0.7304320644835731
Ford EcoSport,2018,76854,17990,19908.256756756757,74,5,4-6,60-80k,-0.47823903177004334
Ford Flex,2019,49672,29590,23264.36,25,4,2-4,40-60k,0.9844805579684293
INFINITI QX,2020,21606,32990,26679.234375,64,3,2-4,20-40k,1.41320871358143
Chrysler,2021,33053,30590,20993.80612244898,98,2,0-2,20-40k,1.1105770743251941
Cadillac CTS,2019,31809,30590,22603.333333333332,15,4,2-4,20-40k,1.1105770743251941
GMC Acadia,2021,34843,35990,26526.174603174604,63,2,0-2,20-40k,1.7914982626517246
Volvo S,2020,18255,32990,22542.380952380954,21,3,2-4,0-20k,1.41320871358143
Ford Explorer,2020,61837,27902,24112.425531914894,47,3,2-4,60-80k,0.7716296383582102
Nissan Murano,2021,24537,28990,23491.560606060608,66,2,0-2,20-40k,0.9088226481543704
Honda Odyssey,2020,39974,31599,26213.423076923078,26,3,2-4,20-40k,1.2378084593291698
Cadillac CTS,2019,25482,32590,22603.333333333332,15,4,2-4,20-40k,1.362770107038724
BMW  Series,2018,36553,30590,25277.301587301587,126,5,4-6,20-40k,1.1105770743251941
Ford Explorer,2018,38545,27134,24112.425531914894,47,5,4-6,20-40k,0.6747875137962147
Chrysler,2021,42620,27990,20993.80612244898,98,2,0-2,40-60k,0.7827261317976055
Chrysler,2021,35205,29990,20993.80612244898,98,2,0-2,20-40k,1.0349191645111353
Ford Mustang,2020,61185,29590,25856.117647058825,102,3,2-4,60-80k,0.9844805579684293
GMC Acadia,2021,58080,30050,26526.174603174604,63,2,0-2,40-60k,1.042484955492541
Chevrolet Silverado  Double Cab,2018,82766,28990,31525.333333333332,9,5,4-6,80-100k,0.9088226481543704
BMW X,2021,40120,36990,28257.918032786885,61,2,0-2,40-60k,1.9175947790084895
Lexus NX,2019,60897,30590,30959.23076923077,13,4,2-4,60-80k,1.1105770743251941
MAZDA CX-,2014,82367,17590,23001.7,140,9,8-10,80-100k,-0.5286776383127493
Volkswagen CC,2016,82347,17990,16275.714285714286,14,7,6-8,80-100k,-0.47823903177004334
Audi A,2014,77168,17990,24272.608695652172,46,9,8-10,60-80k,-0.47823903177004334
Volkswagen Golf GTI,2015,59871,21990,23106.129032258064,31,8,6-8,40-60k,0.026147033657016195
Acura ILX,2017,62442,20990,19567.777777777777,9,6,4-6,60-80k,-0.09994948269974868
Honda CR-V,2013,103056,15990,21022.757009345794,107,10,8-10,100-130k,-0.7304320644835731
Chevrolet Equinox,2018,78164,18990,19319.105263157893,171,5,4-6,60-80k,-0.35214251541327846
Mitsubishi Outlander,2017,83683,16990,20020.0,20,6,4-6,80-100k,-0.6043355481268082
Toyota C-HR,2018,28913,23990,23407.366666666665,30,5,4-6,20-40k,0.278340066370546
Ford Mustang,2017,15857,24990,25856.117647058825,102,6,4-6,0-20k,0.4044365827273108
Nissan Versa,2020,18582,18590,15995.263157894737,95,3,2-4,0-20k,-0.4025811219559844
Ford EcoSport,2021,17233,21990,19908.256756756757,74,2,0-2,0-20k,0.026147033657016195
Hyundai Sonata,2013,75902,14990,16759.738562091505,153,10,8-10,60-80k,-0.856528580840338
BMW X,2016,54133,24590,28257.918032786885,61,7,6-8,40-60k,0.3539979761846049
Nissan Rogue,2018,46399,21990,20382.880165289258,242,5,4-6,40-60k,0.026147033657016195
Chevrolet Cruze,2014,81644,14590,15992.5,80,9,8-10,80-100k,-0.9069671873830439
Volvo C,2012,49372,18990,16990.0,2,11,10-15,40-60k,-0.35214251541327846
Toyota Corolla,2016,61284,17990,18560.486988847584,269,7,6-8,60-80k,-0.47823903177004334
Ford Edge,2019,44328,24990,20629.243243243243,74,4,2-4,40-60k,0.4044365827273108
Volkswagen Beetle,2015,37216,23990,20275.0,40,8,6-8,20-40k,0.278340066370546
Ram  Crew Cab,2022,11088,56590,42332.857142857145,14,1,0-2,0-20k,4.389086499601081
Subaru Outback,2019,9223,30990,25362.21153846154,52,4,2-4,0-20k,1.1610156808679002
Chevrolet Traverse,2021,50664,27799,27964.304347826088,46,2,0-2,40-60k,0.7586416971734634
BMW X,2021,40453,32990,28257.918032786885,61,2,0-2,40-60k,1.41320871358143
GMC Acadia,2021,49912,31450,26526.174603174604,63,2,0-2,40-60k,1.219020078392012
Kia Sorento,2021,46650,25990,21217.59405940594,101,2,0-2,40-60k,0.5305330990840758
Ford Bronco Sport,2021,49058,32990,34074.625,16,2,0-2,40-60k,1.41320871358143
BMW  Series,2019,35169,35990,25277.301587301587,126,4,2-4,20-40k,1.7914982626517246
Nissan Z,2017,44881,26990,25971.81818181818,11,6,4-6,40-60k,0.6566296154408406
Chevrolet Traverse,2021,50823,30850,27964.304347826088,46,2,0-2,40-60k,1.1433621685779531
BMW X,2017,35839,26990,28257.918032786885,61,6,4-6,20-40k,0.6566296154408406
Chevrolet Blazer,2021,42956,27990,27322.36842105263,19,2,0-2,40-60k,0.7827261317976055
Tesla Model Y,2021,26439,58590,62750.0,15,2,0-2,20-40k,4.641279532314611
BMW  Series,2017,40234,25590,25277.301587301587,126,6,4-6,40-60k,0.48009449254136977
Buick Enclave,2021,44835,31590,25804.4,25,2,0-2,40-60k,1.236673590681959
Buick Enclave,2020,50567,27590,25804.4,25,3,2-4,40-60k,0.7322875252548995
Buick Enclave,2021,49350,30590,25804.4,25,2,0-2,40-60k,1.1105770743251941
Chrysler Voyager,2022,24099,32990,28730.0,10,1,0-2,20-40k,1.41320871358143
Chrysler Voyager,2022,23654,33990,28730.0,10,1,0-2,20-40k,1.5393052299381949
Chrysler,2021,31612,29990,20993.80612244898,98,2,0-2,20-40k,1.0349191645111353
Toyota Camry,2022,25630,25850,20721.41134751773,141,1,0-2,20-40k,0.5128795867941286
Chevrolet Traverse,2021,50990,32004,27964.304347826088,46,2,0-2,40-60k,1.2888775484536596
Chrysler Pacifica,2020,30185,34990,26151.657142857144,35,3,2-4,20-40k,1.6654017462949597
BMW  Series,2018,62822,26590,25277.301587301587,126,5,4-6,60-80k,0.6061910088981346
Chrysler,2021,42046,25649,20993.80612244898,98,2,0-2,40-60k,0.4875341870064189
Lexus IS,2018,52969,28990,23340.0,28,5,4-6,40-60k,0.9088226481543704
Tesla Model,2018,30482,40990,48740.0,40,5,4-6,20-40k,2.421980844435549
GMC Acadia,2021,51673,30990,26526.174603174604,63,2,0-2,40-60k,1.1610156808679002
Toyota Sienna,2022,15539,42990,31905.78947368421,38,1,0-2,0-20k,2.674173877149079
Audi A,2017,39330,27590,24272.608695652172,46,6,4-6,20-40k,0.7322875252548995
Lexus UX,2019,9564,36990,35790.0,2,4,2-4,0-20k,1.9175947790084895
Chevrolet Traverse,2021,53690,28299,27964.304347826088,46,2,0-2,40-60k,0.8216899553518459
Tesla Model,2022,4351,61590,48740.0,40,1,0-2,0-20k,5.019569081384906
Toyota Corolla,2021,40420,20990,18560.486988847584,269,2,0-2,40-60k,-0.09994948269974868
Jeep Liberty,2010,100812,13990,13990.0,1,13,10-15,100-130k,-0.9826250971971029
Dodge Journey,2017,87543,17990,19075.328125,64,6,4-6,80-100k,-0.47823903177004334
Buick Envision,2018,50293,25197,24501.2,20,5,4-6,40-60k,0.4305385616131612
MINI Roadster,2014,43256,20590,18030.0,5,9,8-10,40-60k,-0.15038808924245464
MAZDA MAZDA,2012,65175,15990,17840.6338028169,142,11,10-15,60-80k,-0.7304320644835731
Jeep Cherokee,2014,45144,20990,21467.63829787234,141,9,8-10,40-60k,-0.09994948269974868
Honda Accord Hybrid,2019,65816,30099,30319.85714285714,7,4,2-4,60-80k,1.0486636847940227
Jeep Compass,2019,22991,23990,20590.543103448275,116,4,2-4,20-40k,0.278340066370546
Chevrolet Equinox,2021,37799,23990,19319.105263157893,171,2,0-2,20-40k,0.278340066370546
BMW M,2022,15378,89590,50612.22222222222,9,1,0-2,0-20k,8.550271539374323
GMC Terrain,2014,73034,16990,21643.57627118644,59,9,8-10,60-80k,-0.6043355481268082
Mercedes-Benz GLA,2019,21048,31990,28110.0,10,4,2-4,20-40k,1.287112197224665
BMW  Series,2018,28754,25990,25277.301587301587,126,5,4-6,20-40k,0.5305330990840758
BMW X,2022,10952,36590,28257.918032786885,61,1,0-2,0-20k,1.8671561724657835
MAZDA CX-,2021,12967,26990,23001.7,140,2,0-2,0-20k,0.6566296154408406
Chevrolet Corvette,2018,42604,47590,48640.0,20,5,4-6,40-60k,3.2542178523901972
Alfa Romeo Stelvio,2018,55375,26990,29523.333333333332,3,5,4-6,40-60k,0.6566296154408406
Volkswagen Golf GTI,2019,31029,30990,23106.129032258064,31,4,2-4,20-40k,1.1610156808679002
Mercedes-Benz A-Class,2021,12435,35990,31390.0,7,2,0-2,0-20k,1.7914982626517246
Jeep Cherokee,2019,33172,26990,21467.63829787234,141,4,2-4,20-40k,0.6566296154408406
Ford Edge,2021,47265,28799,20629.243243243243,74,2,0-2,40-60k,0.8847382135302283
GMC Yukon,2018,45478,45990,29710.0,5,5,4-6,40-60k,3.0524634262193735
Chevrolet Camaro,2018,27363,26990,26673.675324675325,77,5,4-6,20-40k,0.6566296154408406
Lincoln MKC,2019,21475,27990,23724.125,24,4,2-4,20-40k,0.7827261317976055
Toyota Tacoma Double Cab,2022,5460,32990,33790.0,28,1,0-2,0-20k,1.41320871358143
Jeep Compass,2018,25091,22990,20590.543103448275,116,5,4-6,20-40k,0.15224355001378106
Mercedes-Benz C-Class,2014,69539,17990,25064.074074074073,27,9,8-10,60-80k,-0.47823903177004334
FIAT X,2016,65845,16990,17755.217391304348,23,7,6-8,60-80k,-0.6043355481268082
Ford F Regular Cab,2019,69200,24590,27190.0,7,4,2-4,60-80k,0.3539979761846049
Chevrolet Malibu,2016,95000,16590,19288.927536231884,69,7,6-8,80-100k,-0.6547741546695142
Chevrolet Spark,2015,100035,12990,15980.290909090909,55,8,6-8,100-130k,-1.1087216135538678
Jeep Cherokee,2020,69415,24990,21467.63829787234,141,3,2-4,60-80k,0.4044365827273108
Jeep Cherokee,2017,79694,19590,21467.63829787234,141,6,4-6,60-80k,-0.2764846055992195
MAZDA MAZDA,2014,57829,17590,17840.6338028169,142,9,8-10,40-60k,-0.5286776383127493
Lexus ES,2015,55320,24990,26148.61111111111,36,8,6-8,40-60k,0.4044365827273108
Volkswagen Beetle,2014,95308,14990,20275.0,40,9,8-10,80-100k,-0.856528580840338
Volkswagen Passat,2017,27599,20990,18311.052631578947,76,6,4-6,20-40k,-0.09994948269974868
Chevrolet Impala,2014,42984,23990,20195.8,40,9,8-10,40-60k,0.278340066370546
Mitsubishi Outlander Sport,2013,95016,14590,18771.48148148148,54,10,8-10,80-100k,-0.9069671873830439
Kia Rio,2017,54692,13990,16682.0,35,6,4-6,40-60k,-0.9826250971971029
BMW  Series,2015,36941,22590,25277.301587301587,126,8,6-8,20-40k,0.10180494347107512
Lexus IS,2010,39575,23590,23340.0,28,13,10-15,20-40k,0.22790145982784
Mitsubishi Eclipse Cross,2022,14724,24990,21140.0,8,1,0-2,0-20k,0.4044365827273108
Ford Explorer,2013,81028,19590,24112.425531914894,47,10,8-10,80-100k,-0.2764846055992195
Mercedes-Benz E-Class,2012,77100,17990,24882.30769230769,26,11,10-15,60-80k,-0.47823903177004334
Buick Envision,2017,55050,21990,24501.2,20,6,4-6,40-60k,0.026147033657016195
Porsche Panamera,2014,75564,36590,36590.0,1,9,8-10,60-80k,1.8671561724657835
Toyota Tacoma Double Cab,2021,19417,37990,33790.0,28,2,0-2,0-20k,2.0436912953652544
Lincoln MKC,2018,43874,25590,23724.125,24,5,4-6,40-60k,0.48009449254136977
Chevrolet Traverse,2017,63639,26590,27964.304347826088,46,6,4-6,60-80k,0.6061910088981346
Dodge Challenger,2017,22544,28990,31835.757575757576,33,6,4-6,20-40k,0.9088226481543704
Toyota Tacoma Double Cab,2012,83037,25990,33790.0,28,11,10-15,80-100k,0.5305330990840758
Nissan Kicks,2020,37582,18962,19809.626373626375,91,3,2-4,20-40k,-0.3556732178712679
MINI Clubman,2018,36562,26990,20763.333333333332,15,5,4-6,20-40k,0.6566296154408406
Chevrolet Camaro,2020,8529,30990,26673.675324675325,77,3,2-4,0-20k,1.1610156808679002
Nissan LEAF,2022,595,31590,19142.63157894737,38,1,0-2,0-20k,1.236673590681959
Nissan Armada,2018,54913,28990,30834.555555555555,9,5,4-6,40-60k,0.9088226481543704
Lexus GX,2020,20230,55990,40590.0,6,3,2-4,20-40k,4.313428589787023
Buick Envision,2017,47252,22209,24501.2,20,6,4-6,40-60k,0.0537621707391477
Toyota Avalon,2020,7564,38590,23526.363636363636,22,3,2-4,0-20k,2.1193492051793132
MINI Countryman,2019,77970,29990,19147.14285714286,42,4,2-4,60-80k,1.0349191645111353
Nissan Kicks,2021,35231,18503,19809.626373626375,91,2,0-2,20-40k,-0.413551518879023
Tesla Model,2021,35217,44990,48740.0,40,2,0-2,20-40k,2.9263669098626086
Chevrolet Colorado Crew Cab,2021,18914,29990,29220.76923076923,13,2,0-2,0-20k,1.0349191645111353
Toyota RAV Hybrid,2021,5683,41990,42167.77777777778,9,2,0-2,0-20k,2.548077360792314
Land Rover Range Rover,2019,29752,72990,72990.0,1,4,2-4,20-40k,6.457069367852026
Chevrolet Blazer,2020,49944,24499,27322.36842105263,19,3,2-4,40-60k,0.3425231931961393
Mercedes-Benz GLC,2016,72140,25990,31190.0,12,7,6-8,60-80k,0.5305330990840758
Lexus NX,2020,16713,34990,30959.23076923077,13,3,2-4,0-20k,1.6654017462949597
MAZDA CX-,2020,37871,25590,23001.7,140,3,2-4,20-40k,0.48009449254136977
BMW  Series,2015,40878,29590,25277.301587301587,126,8,6-8,40-60k,0.9844805579684293
Land Rover Discovery Sport,2016,45777,26990,30490.0,4,7,6-8,40-60k,0.6566296154408406
Honda Ridgeline,2017,76974,28990,35875.71428571428,7,6,4-6,60-80k,0.9088226481543704
Ford Edge,2019,38525,24100,20629.243243243243,74,4,2-4,20-40k,0.2922106831697901
Mercedes-Benz GLC,2017,43399,28990,31190.0,12,6,4-6,40-60k,0.9088226481543704
BMW  Series,2018,25912,34590,25277.301587301587,126,5,4-6,20-40k,1.6149631397522537
Chevrolet Camaro,2016,23061,36990,26673.675324675325,77,7,6-8,20-40k,1.9175947790084895
Mercedes-Benz C-Class,2020,9548,36990,25064.074074074073,27,3,2-4,0-20k,1.9175947790084895
BMW i,2018,42077,26590,20447.894736842107,38,5,4-6,40-60k,0.6061910088981346
Subaru Outback,2019,20184,29990,25362.21153846154,52,4,2-4,20-40k,1.0349191645111353
BMW X,2018,34244,29990,28257.918032786885,61,5,4-6,20-40k,1.0349191645111353
Toyota Tacoma Double Cab,2020,39087,37990,33790.0,28,3,2-4,20-40k,2.0436912953652544
Maserati GranTurismo,2013,29871,44990,44990.0,1,10,8-10,20-40k,2.9263669098626086
Ford Escape,2019,56004,19300,19376.448,125,4,2-4,40-60k,-0.3130525953426813
Chevrolet Silverado  Crew Cab,2021,12242,37990,38677.5,16,2,0-2,0-20k,2.0436912953652544
MAZDA CX-,2021,7758,29990,23001.7,140,2,0-2,0-20k,1.0349191645111353
Dodge Challenger,2019,16157,42590,31835.757575757576,33,4,2-4,0-20k,2.623735270606373
GMC Sierra  Crew Cab,2017,68452,31990,40710.0,5,6,4-6,60-80k,1.287112197224665
Dodge Durango,2019,34420,32990,29047.85714285714,14,4,2-4,20-40k,1.41320871358143
Chevrolet Silverado  Crew Cab,2018,74453,30990,38677.5,16,5,4-6,60-80k,1.1610156808679002
Ram  Classic Crew Cab,2019,55676,31990,30040.0,4,4,2-4,40-60k,1.287112197224665
Subaru WRX,2020,19461,28590,27034.444444444445,9,3,2-4,0-20k,0.8583840416116644
Hyundai Santa Fe,2020,47118,22700,23761.17391304348,46,3,2-4,40-60k,0.11567556027031926
Buick Envision,2021,25509,30990,24501.2,20,2,0-2,20-40k,1.1610156808679002
Chevrolet Suburban,2021,20891,66990,47890.0,4,2,0-2,20-40k,5.700490269711437
MINI Convertible,2018,31875,26990,21253.157894736843,19,5,4-6,20-40k,0.6566296154408406
Lexus UX,2021,18073,34590,35790.0,2,2,0-2,0-20k,1.6149631397522537
BMW  Series,2016,18991,38590,25277.301587301587,126,7,6-8,0-20k,2.1193492051793132
Alfa Romeo Giulia,2017,41128,27590,28523.333333333332,6,6,4-6,40-60k,0.7322875252548995
Jeep Cherokee,2019,35421,26751,21467.63829787234,141,4,2-4,20-40k,0.6264925480315738
Lexus ES,2019,31518,43590,26148.61111111111,36,4,2-4,20-40k,2.7498317869631377
Chevrolet Traverse,2020,50806,33602,27964.304347826088,46,3,2-4,40-60k,1.49037978159177
Dodge Challenger,2016,34648,39990,31835.757575757576,33,7,6-8,20-40k,2.295884328078784
Honda CR-V,2020,51749,26373,21022.757009345794,107,3,2-4,40-60k,0.5788280648487166
Ford Expedition MAX,2020,44079,44990,44733.333333333336,6,3,2-4,40-60k,2.9263669098626086
Dodge Charger,2019,25299,35990,27191.571428571428,35,4,2-4,20-40k,1.7914982626517246
Volkswagen Atlas,2018,38369,28990,31290.0,10,5,4-6,20-40k,0.9088226481543704
Land Rover Range Rover Evoque,2016,68695,25990,30034.444444444445,9,7,6-8,60-80k,0.5305330990840758
Mercedes-Benz S-Class,2014,21310,44990,58856.666666666664,3,9,8-10,20-40k,2.9263669098626086
MINI Hardtop  Door,2019,16784,27590,20638.64864864865,37,4,2-4,0-20k,0.7322875252548995
Subaru Impreza,2022,11209,25990,19643.23076923077,26,1,0-2,0-20k,0.5305330990840758
Jaguar F-PACE,2017,40306,31990,42323.333333333336,3,6,4-6,40-60k,1.287112197224665
Ford Mustang,2021,45167,34753,25856.117647058825,102,2,0-2,40-60k,1.6355168719184063
Ram  Quad Cab,2022,951,40590,33290.0,4,1,0-2,0-20k,2.371542237892843
Lexus RX,2019,17351,39990,27399.52380952381,21,4,2-4,0-20k,2.295884328078784
Mercedes-Benz GLC,2017,65063,27590,31190.0,12,6,4-6,60-80k,0.7322875252548995
Lincoln MKX,2018,53603,27990,22950.0,10,5,4-6,40-60k,0.7827261317976055
Subaru Ascent,2020,49567,31163,31908.2,5,3,2-4,40-60k,1.1828303781976204
Lexus GX,2019,21123,42990,40590.0,6,4,2-4,20-40k,2.674173877149079
Nissan Pathfinder,2022,5077,47590,22727.11111111111,36,1,0-2,0-20k,3.2542178523901972
Honda Insight,2020,17769,27990,25270.0,10,3,2-4,0-20k,0.7827261317976055
Alfa Romeo Giulia,2019,9581,30990,28523.333333333332,6,4,2-4,0-20k,1.1610156808679002
Honda Pilot,2017,73500,26590,25763.433333333334,30,6,4-6,60-80k,0.6061910088981346
Nissan Armada,2020,60960,26133,30834.555555555555,9,3,2-4,60-80k,0.5485649009230931
BMW  Series,2019,13082,35590,25277.301587301587,126,4,2-4,0-20k,1.7410596561090186
Audi A,2015,11948,29990,24272.608695652172,46,8,6-8,0-20k,1.0349191645111353
Audi A,2018,31910,33990,24272.608695652172,46,5,4-6,20-40k,1.5393052299381949
Kia Stinger,2019,28885,37590,34590.0,2,4,2-4,20-40k,1.9932526888225484
Mercedes-Benz E-Class,2017,37876,31590,24882.30769230769,26,6,4-6,20-40k,1.236673590681959
Toyota Highlander,2020,45858,29153,26813.875,24,3,2-4,40-60k,0.929376380320523
Dodge Durango,2016,70570,27990,29047.85714285714,14,7,6-8,60-80k,0.7827261317976055
Honda Accord,2021,40043,25990,20338.34351145038,131,2,0-2,40-60k,0.5305330990840758
Chevrolet Corvette,2023,2982,94590,48640.0,20,0,0-2,0-20k,9.180754121158147
INFINITI QX,2021,28108,31093,26679.234375,64,2,0-2,20-40k,1.1740036220526469
BMW X,2018,39789,25990,28257.918032786885,61,5,4-6,20-40k,0.5305330990840758
Jeep Grand Cherokee,2017,42994,26590,23092.367346938776,49,6,4-6,40-60k,0.6061910088981346
Volkswagen Jetta GLI,2020,24257,28990,27290.0,2,3,2-4,20-40k,0.9088226481543704
Nissan TITAN XD Crew Cab,2018,46659,39990,39990.0,1,5,4-6,40-60k,2.295884328078784
Ford Escape,2022,4016,35990,19376.448,125,1,0-2,0-20k,1.7914982626517246
GMC Acadia,2022,7858,40590,26526.174603174604,63,1,0-2,0-20k,2.371542237892843
Chevrolet Blazer,2020,39678,29602,27322.36842105263,19,3,2-4,20-40k,0.9859937161647104
Lincoln Navigator,2017,33993,42990,38490.0,2,6,4-6,20-40k,2.674173877149079
Chevrolet Silverado  Crew Cab,2015,77966,28990,38677.5,16,8,6-8,60-80k,0.9088226481543704
Genesis G,2017,26630,29590,34966.555555555555,9,6,4-6,20-40k,0.9844805579684293
Nissan Pathfinder,2019,34982,28500,22727.11111111111,36,4,2-4,20-40k,0.8470353551395555
Chevrolet Traverse,2021,46010,29990,27964.304347826088,46,2,0-2,40-60k,1.0349191645111353
Nissan Z,2014,53139,26590,25971.81818181818,11,9,8-10,40-60k,0.6061910088981346
Acura RDX,2019,51532,30990,24947.275862068964,29,4,2-4,40-60k,1.1610156808679002
Mercedes-Benz GLE,2020,10387,54990,43510.0,5,3,2-4,0-20k,4.187332073430258
Chevrolet Camaro,2020,25818,38581,26673.675324675325,77,3,2-4,20-40k,2.1182143365321022
Toyota Camry Hybrid,2020,20419,31590,29523.222222222223,9,3,2-4,20-40k,1.236673590681959
Toyota Prius,2012,24000,21990,19496.666666666668,60,11,10-15,20-40k,0.026147033657016195
Ford EcoSport,2019,38184,18990,19908.256756756757,74,4,2-4,20-40k,-0.35214251541327846
Kia Seltos,2021,24413,24590,25770.0,10,2,0-2,20-40k,0.3539979761846049
Kia Cadenza,2014,57023,17990,20765.0,8,9,8-10,40-60k,-0.47823903177004334
Toyota RAV,2015,60355,21990,23160.708333333332,72,8,6-8,60-80k,0.026147033657016195
Dodge Journey,2020,31835,21990,19075.328125,64,3,2-4,20-40k,0.026147033657016195
Toyota Camry,2018,56906,21990,20721.41134751773,141,5,4-6,40-60k,0.026147033657016195
Ford Expedition EL,2014,100216,20990,20990.0,1,9,8-10,100-130k,-0.09994948269974868
FIAT X,2016,30807,17990,17755.217391304348,23,7,6-8,20-40k,-0.47823903177004334
Nissan Sentra,2019,29837,17990,17151.21551724138,116,4,2-4,20-40k,-0.47823903177004334
Chevrolet Volt,2018,51297,22590,18150.0,25,5,4-6,40-60k,0.10180494347107512
Toyota Corolla,2010,90503,13590,18560.486988847584,269,13,10-15,80-100k,-1.0330637037398087
Nissan Altima,2019,30493,24990,19293.97340425532,188,4,2-4,20-40k,0.4044365827273108
Subaru Outback,2016,43061,23990,25362.21153846154,52,7,6-8,40-60k,0.278340066370546
Chevrolet Trax,2020,24524,19590,18076.951219512193,82,3,2-4,20-40k,-0.2764846055992195
BMW i,2014,28832,19590,20447.894736842107,38,9,8-10,20-40k,-0.2764846055992195
Honda HR-V,2021,51738,24990,22338.0,43,2,0-2,40-60k,0.4044365827273108
Kia Soul,2013,74335,13590,17106.064516129034,124,10,8-10,60-80k,-1.0330637037398087
Nissan Sentra,2018,44493,16990,17151.21551724138,116,5,4-6,40-60k,-0.6043355481268082
Kia Sportage,2018,48929,19590,20804.091954022988,87,5,4-6,40-60k,-0.2764846055992195
Lexus NX,2015,76525,24990,30959.23076923077,13,8,6-8,60-80k,0.4044365827273108
Hyundai Elantra,2021,32662,23590,17041.33846153846,195,2,0-2,20-40k,0.22790145982784
Chevrolet Camaro,2018,8544,27990,26673.675324675325,77,5,4-6,0-20k,0.7827261317976055
Tesla Model,2021,6447,46990,48740.0,40,2,0-2,0-20k,3.1785599425761384
Chevrolet Equinox,2019,39252,21350,19319.105263157893,171,4,2-4,20-40k,-0.05455473681131333
Nissan Murano,2021,10751,34990,23491.560606060608,66,2,0-2,0-20k,1.6654017462949597
Volkswagen Tiguan,2020,24295,29590,20451.456140350878,57,3,2-4,20-40k,0.9844805579684293
Honda Accord Hybrid,2018,44421,26990,30319.85714285714,7,5,4-6,40-60k,0.6566296154408406
Nissan Kicks,2020,49078,21150,19809.626373626375,91,3,2-4,40-60k,-0.07977404008266631
Ford F SuperCrew Cab,2016,48145,32590,40704.71428571428,14,7,6-8,40-60k,1.362770107038724
Subaru WRX,2020,19885,30590,27034.444444444445,9,3,2-4,0-20k,1.1105770743251941
Toyota GR,2022,1275,34590,35950.0,5,1,0-2,0-20k,1.6149631397522537
Dodge Challenger,2019,10408,43990,31835.757575757576,33,4,2-4,0-20k,2.8002703935058437
Kia Telluride,2022,10097,48990,46723.333333333336,3,1,0-2,0-20k,3.430752975289668
Subaru Ascent,2021,15654,38590,31908.2,5,2,0-2,0-20k,2.1193492051793132
Tesla Model Y,2022,10558,66590,62750.0,15,1,0-2,0-20k,5.65005166316873
Nissan Kicks,2020,47548,18495,19809.626373626375,91,3,2-4,40-60k,-0.41456029100987707
BMW  Series,2016,47166,26590,25277.301587301587,126,7,6-8,40-60k,0.6061910088981346
Ford Edge,2020,47038,24818,20629.243243243243,74,3,2-4,40-60k,0.38274798191394727
GMC Acadia,2019,39108,25990,26526.174603174604,63,4,2-4,20-40k,0.5305330990840758
Tesla Model,2018,34480,41990,48740.0,40,5,4-6,20-40k,2.548077360792314
Volkswagen Passat,2021,23098,26590,18311.052631578947,76,2,0-2,20-40k,0.6061910088981346
MAZDA CX-,2021,49446,20451,23001.7,140,2,0-2,40-60k,-0.16791550501604496
BMW X,2017,32804,25990,28257.918032786885,61,6,4-6,20-40k,0.5305330990840758
Chevrolet Malibu,2022,9087,27990,19288.927536231884,69,1,0-2,0-20k,0.7827261317976055
Nissan Murano,2019,41022,24250,23491.560606060608,66,4,2-4,40-60k,0.3111251606233048
Honda Accord,2019,47861,26990,20338.34351145038,131,4,2-4,40-60k,0.6566296154408406
Nissan Rogue Sport,2021,35600,19050,20399.048387096773,62,2,0-2,20-40k,-0.34457672443187254
Toyota Prius,2022,3149,37990,19496.666666666668,60,1,0-2,0-20k,2.0436912953652544
Toyota Prius Prime,2017,52155,27590,30304.285714285714,7,6,4-6,40-60k,0.7322875252548995
Buick Enclave,2015,53376,25590,25804.4,25,8,6-8,40-60k,0.48009449254136977
Toyota Highlander Hybrid,2021,17495,47990,45990.0,2,2,0-2,0-20k,3.3046564589329033
Tesla Model S,2014,65776,39990,66790.0,4,9,8-10,60-80k,2.295884328078784
Toyota Runner,2016,65000,30990,37440.846153846156,13,7,6-8,60-80k,1.1610156808679002
BMW X,2016,41726,25990,28257.918032786885,61,7,6-8,40-60k,0.5305330990840758
Ford Mustang,2020,45388,24900,25856.117647058825,102,3,2-4,40-60k,0.393087896255202
Ram  Classic Crew Cab,2019,49616,30990,30040.0,4,4,2-4,40-60k,1.1610156808679002
Toyota Prius,2019,21065,28590,19496.666666666668,60,4,2-4,20-40k,0.8583840416116644
FIAT  Spider,2018,16961,28590,24176.666666666668,15,5,4-6,0-20k,0.8583840416116644
Nissan Rogue,2021,26426,24750,20382.880165289258,242,2,0-2,20-40k,0.37417341880168725
Toyota Camry Hybrid,2022,5812,36990,29523.222222222223,9,1,0-2,0-20k,1.9175947790084895
Toyota RAV Hybrid,2022,1218,41990,42167.77777777778,9,1,0-2,0-20k,2.548077360792314
Buick Envision,2018,48480,22403,24501.2,20,5,4-6,40-60k,0.0782248949123601
Dodge Challenger,2016,33614,26990,31835.757575757576,33,7,6-8,20-40k,0.6566296154408406
Ford Mustang,2016,24202,35590,25856.117647058825,102,7,6-8,20-40k,1.7410596561090186
Ford F Lightning,2022,1766,92990,92990.0,1,1,0-2,0-20k,8.978999694987323
Nissan Altima,2019,42327,23600,19293.97340425532,188,4,2-4,40-60k,0.22916242499140765
Honda Pilot,2017,77166,27990,25763.433333333334,30,6,4-6,60-80k,0.7827261317976055
Porsche Macan,2018,30768,42590,37790.0,5,5,4-6,20-40k,2.623735270606373
MAZDA MAZDA,2019,48213,25590,17840.6338028169,142,4,2-4,40-60k,0.48009449254136977
Toyota Highlander,2018,82565,31990,26813.875,24,5,4-6,80-100k,1.287112197224665
Jaguar F-PACE,2021,24053,60990,42323.333333333336,3,2,0-2,20-40k,4.943911171570847
Chevrolet Corvette,2013,29368,42590,48640.0,20,10,8-10,20-40k,2.623735270606373
Toyota Avalon,2020,13819,39990,23526.363636363636,22,3,2-4,0-20k,2.295884328078784
Toyota Sienna,2022,13241,50590,31905.78947368421,38,1,0-2,0-20k,3.632507401460492
Toyota Camry,2021,13140,32990,20721.41134751773,141,2,0-2,0-20k,1.41320871358143
Mercedes-Benz Mercedes-AMG C-Class,2019,14904,49590,49856.666666666664,3,4,2-4,0-20k,3.506410885103727
Dodge Durango,2020,55919,36400,29047.85714285714,14,3,2-4,40-60k,1.8431978343579982
Ford F SuperCrew Cab,2018,52165,41590,40704.71428571428,14,5,4-6,40-60k,2.497638754249608
Nissan Kicks,2021,1144,26990,19809.626373626375,91,2,0-2,0-20k,0.6566296154408406
Dodge Challenger,2019,18465,42990,31835.757575757576,33,4,2-4,0-20k,2.674173877149079
GMC Acadia,2019,65296,25411,26526.174603174604,63,4,2-4,60-80k,0.4575232161135088
Mercedes-Benz SL-Class,2009,47303,43990,43423.333333333336,6,14,10-15,40-60k,2.8002703935058437
Jaguar F-TYPE,2017,41683,45300,47492.0,5,6,4-6,40-60k,2.9654568299332054
Chevrolet Camaro,2017,19150,26990,26673.675324675325,77,6,4-6,0-20k,0.6566296154408406
Mercedes-Benz Mercedes-AMG GLC,2017,14664,43990,43990.0,1,6,4-6,0-20k,2.8002703935058437
Nissan Rogue,2021,48602,25250,20382.880165289258,242,2,0-2,40-60k,0.4372216769800697
Toyota Camry,2022,3259,31990,20721.41134751773,141,1,0-2,0-20k,1.287112197224665
Nissan Maxima,2018,47012,27590,24153.521739130436,23,5,4-6,40-60k,0.7322875252548995
Honda Insight,2019,26543,26990,25270.0,10,4,2-4,20-40k,0.6566296154408406
BMW X,2015,66769,25990,28257.918032786885,61,8,6-8,60-80k,0.5305330990840758
Chrysler Pacifica,2019,34411,34590,26151.657142857144,35,4,2-4,20-40k,1.6149631397522537
Ram  Crew Cab,2022,3534,45990,42332.857142857145,14,1,0-2,0-20k,3.0524634262193735
Honda CR-V,2019,44943,27548,21022.757009345794,107,4,2-4,40-60k,0.7269914715679154
Subaru Forester,2019,34706,27590,20446.25,32,4,2-4,20-40k,0.7322875252548995
Ford Bronco Sport,2021,12102,35590,34074.625,16,2,0-2,0-20k,1.7410596561090186
Honda Pilot,2019,42479,28798,25763.433333333334,30,4,2-4,40-60k,0.8846121170138715
BMW M,2014,45947,45990,50612.22222222222,9,9,8-10,40-60k,3.0524634262193735
Chevrolet Silverado  Crew Cab,2017,51240,39590,38677.5,16,6,4-6,40-60k,2.245445721536078
Mercedes-Benz CLA,2018,42384,27990,25608.18181818182,11,5,4-6,40-60k,0.7827261317976055
BMW  Series,2020,13394,34590,25277.301587301587,126,3,2-4,0-20k,1.6149631397522537
Nissan Rogue,2021,48130,25648,20382.880165289258,242,2,0-2,40-60k,0.4874080904900621
Toyota Highlander,2017,82336,27590,26813.875,24,6,4-6,80-100k,0.7322875252548995
Subaru Ascent,2021,48572,29208,31908.2,5,2,0-2,40-60k,0.9363116887201451
Toyota Camry Hybrid,2022,24934,32590,29523.222222222223,9,1,0-2,20-40k,1.362770107038724
Toyota Prius Prime,2017,44629,28990,30304.285714285714,7,6,4-6,40-60k,0.9088226481543704
Volvo XC,2015,71792,20590,27782.0,25,8,6-8,60-80k,-0.15038808924245464
Toyota Corolla Hatchback,2021,42630,22990,24646.666666666668,9,2,0-2,40-60k,0.15224355001378106
Toyota Corolla,2018,51900,17990,18560.486988847584,269,5,4-6,40-60k,-0.47823903177004334
Subaru Impreza,2013,80024,16590,19643.23076923077,26,10,8-10,80-100k,-0.6547741546695142
Nissan Altima,2016,70133,15990,19293.97340425532,188,7,6-8,60-80k,-0.7304320644835731
Mitsubishi Mirage,2019,42786,14990,15890.0,22,4,2-4,40-60k,-0.856528580840338
Ford Focus,2014,59369,13590,14996.451612903225,93,9,8-10,40-60k,-1.0330637037398087
Chevrolet Equinox,2019,67471,24990,19319.105263157893,171,4,2-4,60-80k,0.4044365827273108
Volkswagen Beetle,2013,74238,15990,20275.0,40,10,8-10,60-80k,-0.7304320644835731
Cadillac CTS,2013,22831,20590,22603.333333333332,15,10,8-10,20-40k,-0.15038808924245464
Volkswagen Passat,2013,42372,15990,18311.052631578947,76,10,8-10,40-60k,-0.7304320644835731
Hyundai Kona,2021,19999,24990,22149.1,30,2,0-2,0-20k,0.4044365827273108
Honda Civic,2018,70405,19590,18925.32380952381,210,5,4-6,60-80k,-0.2764846055992195
Ford EcoSport,2019,19614,19990,19908.256756756757,74,4,2-4,0-20k,-0.22604599905651357
Kia Rio,2018,78670,14990,16682.0,35,5,4-6,60-80k,-0.856528580840338
Mitsubishi Outlander,2020,49947,23590,20020.0,20,3,2-4,40-60k,0.22790145982784
Hyundai Elantra,2018,85523,15590,17041.33846153846,195,5,4-6,80-100k,-0.780870671026279
Honda Insight,2013,89706,14990,25270.0,10,10,8-10,80-100k,-0.856528580840338
Subaru Crosstrek,2018,65364,21990,24538.548387096773,31,5,4-6,60-80k,0.026147033657016195
BMW  Series,2015,78981,26990,25277.301587301587,126,8,6-8,60-80k,0.6566296154408406
Subaru Ascent,2019,51285,28990,31908.2,5,4,2-4,40-60k,0.9088226481543704
Chrysler,2019,55179,26448,20993.80612244898,98,4,2-4,40-60k,0.588285303575474
Tesla Model,2018,41817,41590,48740.0,40,5,4-6,40-60k,2.497638754249608
Jaguar E-PACE,2019,30563,33990,38790.0,2,4,2-4,20-40k,1.5393052299381949
Nissan Armada,2021,52890,37648,30834.555555555555,9,2,0-2,40-60k,2.0005662867712406
Toyota Camry,2022,26183,25849,20721.41134751773,141,1,0-2,20-40k,0.5127534902777718
Jeep Compass,2021,15945,26990,20590.543103448275,116,2,0-2,0-20k,0.6566296154408406
Jeep Gladiator,2021,10731,49990,42513.0,7,2,0-2,0-20k,3.556849491646433
Volkswagen Jetta,2020,17620,25990,17068.442477876106,113,3,2-4,0-20k,0.5305330990840758
INFINITI Q,2017,32150,27990,25347.133333333335,30,6,4-6,20-40k,0.7827261317976055
Volkswagen Jetta GLI,2020,35071,25590,27290.0,2,3,2-4,20-40k,0.48009449254136977
Hyundai Genesis Coupe,2015,1289,28990,28990.0,1,8,6-8,0-20k,0.9088226481543704
Ford Bronco,2022,230,62590,52561.42857142857,7,1,0-2,0-20k,5.1456655977416705
Honda Insight,2020,23378,30590,25270.0,10,3,2-4,20-40k,1.1105770743251941
Nissan Rogue,2021,52814,25448,20382.880165289258,242,2,0-2,40-60k,0.46218878721870915
BMW Z,2016,31282,31590,28390.0,6,7,6-8,20-40k,1.236673590681959
Land Rover Range Rover Sport,2020,36232,57444,57503.5,4,3,2-4,20-40k,4.4967729245697585
Hyundai Santa Fe,2021,22924,34990,23761.17391304348,46,2,0-2,20-40k,1.6654017462949597
Tesla Model,2021,3606,55590,48740.0,40,2,0-2,0-20k,4.262989983244316
GMC Acadia,2020,31719,31990,26526.174603174604,63,3,2-4,20-40k,1.287112197224665
Nissan Z,2010,25000,25990,25971.81818181818,11,13,10-15,20-40k,0.5305330990840758
Chrysler,2021,42225,25655,20993.80612244898,98,2,0-2,40-60k,0.48829076610455946
Ford Mustang,2020,42374,31888,25856.117647058825,102,3,2-4,40-60k,1.274250352556275
Chevrolet Sonic,2016,66910,13990,14630.90909090909,44,7,6-8,60-80k,-0.9826250971971029
Jeep Grand Cherokee,2017,49412,24990,23092.367346938776,49,6,4-6,40-60k,0.4044365827273108
Toyota Corolla,2018,45491,19990,18560.486988847584,269,5,4-6,40-60k,-0.22604599905651357
Kia Forte,2017,48646,14990,17017.92156862745,102,6,4-6,40-60k,-0.856528580840338
Audi A,2012,69918,24990,24272.608695652172,46,11,10-15,60-80k,0.4044365827273108
Honda Fit,2015,32422,18590,17112.222222222223,54,8,6-8,20-40k,-0.4025811219559844
Chevrolet Malibu,2021,13455,23590,19288.927536231884,69,2,0-2,0-20k,0.22790145982784
Volkswagen Jetta,2016,87108,15590,17068.442477876106,113,7,6-8,80-100k,-0.780870671026279
Kia Optima,2018,30952,24990,17867.048076923078,104,5,4-6,20-40k,0.4044365827273108
Toyota Corolla,2022,41754,20990,18560.486988847584,269,1,0-2,40-60k,-0.09994948269974868
Kia Forte,2022,21075,21990,17017.92156862745,102,1,0-2,20-40k,0.026147033657016195
Ford Mustang,2018,50764,23990,25856.117647058825,102,5,4-6,40-60k,0.278340066370546
GMC Terrain,2017,39537,23990,21643.57627118644,59,6,4-6,20-40k,0.278340066370546
Chevrolet Cruze,2015,103608,13590,15992.5,80,8,6-8,100-130k,-1.0330637037398087
Chevrolet Trax,2020,14698,19990,18076.951219512193,82,3,2-4,0-20k,-0.22604599905651357
Jeep Renegade,2019,21615,21990,20176.3661971831,71,4,2-4,20-40k,0.026147033657016195
Nissan Altima,2013,44350,14990,19293.97340425532,188,10,8-10,40-60k,-0.856528580840338
Toyota C-HR,2019,29130,23990,23407.366666666665,30,4,2-4,20-40k,0.278340066370546
MAZDA CX-,2018,37539,23990,23001.7,140,5,4-6,20-40k,0.278340066370546
Buick Regal,2016,87768,16590,18630.0,10,7,6-8,80-100k,-0.6547741546695142
Jeep Compass,2017,39690,19990,20590.543103448275,116,6,4-6,20-40k,-0.22604599905651357
Jeep Patriot,2015,14608,19990,16252.5,48,8,6-8,0-20k,-0.22604599905651357
Jeep Compass,2014,94462,14590,20590.543103448275,116,9,8-10,80-100k,-0.9069671873830439
Jeep Patriot,2017,84698,15590,16252.5,48,6,4-6,80-100k,-0.780870671026279
Jeep Patriot,2016,63368,15990,16252.5,48,7,6-8,60-80k,-0.7304320644835731
Jeep Patriot,2015,39617,17590,16252.5,48,8,6-8,20-40k,-0.5286776383127493
Chevrolet Traverse,2021,53374,29333,27964.304347826088,46,2,0-2,40-60k,0.9520737532647408
Jeep Patriot,2017,64221,16990,16252.5,48,6,4-6,60-80k,-0.6043355481268082
Jeep Patriot,2013,88065,14990,16252.5,48,10,8-10,80-100k,-0.856528580840338
Jeep Patriot,2016,101557,15590,16252.5,48,7,6-8,100-130k,-0.780870671026279
Toyota RAV,2021,52055,25450,23160.708333333332,72,2,0-2,40-60k,0.46244098025142266
Jeep Compass,2015,57693,16990,20590.543103448275,116,8,6-8,40-60k,-0.6043355481268082
Jeep Patriot,2016,58121,16990,16252.5,48,7,6-8,40-60k,-0.6043355481268082
Jeep Patriot,2016,46020,16990,16252.5,48,7,6-8,40-60k,-0.6043355481268082
Jeep Patriot,2014,54547,15990,16252.5,48,9,8-10,40-60k,-0.7304320644835731
Nissan Rogue,2021,41111,25250,20382.880165289258,242,2,0-2,40-60k,0.4372216769800697
Nissan Rogue Sport,2017,92100,15990,20399.048387096773,62,6,4-6,80-100k,-0.7304320644835731
GMC Acadia,2021,40406,32096,26526.174603174604,63,2,0-2,40-60k,1.300478427958482
Ford Escape,2015,29815,17990,19376.448,125,8,6-8,20-40k,-0.47823903177004334
Chevrolet Impala,2012,92744,12590,20195.8,40,11,10-15,80-100k,-1.1591602200965736
Ford Escape,2021,27378,25150,19376.448,125,2,0-2,20-40k,0.42461202534439324
Buick Encore,2014,101226,14990,18820.149425287356,87,9,8-10,100-130k,-0.856528580840338
Ford Bronco Sport,2021,29958,30344,34074.625,16,2,0-2,20-40k,1.07955733130143
Subaru Outback,2015,103827,18990,25362.21153846154,52,8,6-8,100-130k,-0.35214251541327846
MINI Countryman,2014,62519,16990,19147.14285714286,42,9,8-10,60-80k,-0.6043355481268082
Buick Encore,2016,56400,17590,18820.149425287356,87,7,6-8,40-60k,-0.5286776383127493
Chrysler,2015,103430,13990,20993.80612244898,98,8,6-8,100-130k,-0.9826250971971029
Honda Fit,2010,21033,14990,17112.222222222223,54,13,10-15,20-40k,-0.856528580840338
Ford Fiesta,2016,44780,18990,14645.737704918032,61,7,6-8,40-60k,-0.35214251541327846
Kia Rio,2022,2966,22990,16682.0,35,1,0-2,0-20k,0.15224355001378106
Nissan Kicks,2018,105817,16990,19809.626373626375,91,5,4-6,100-130k,-0.6043355481268082
Mitsubishi Outlander Sport,2019,26424,20590,18771.48148148148,54,4,2-4,20-40k,-0.15038808924245464
Mercedes-Benz C-Class,2013,55436,17990,25064.074074074073,27,10,8-10,40-60k,-0.47823903177004334
Chrysler,2021,48005,25199,20993.80612244898,98,2,0-2,40-60k,0.4307907546458747
Nissan Sentra,2018,35492,17990,17151.21551724138,116,5,4-6,20-40k,-0.47823903177004334
Hyundai Tucson,2016,4863,20990,20007.2,70,7,6-8,0-20k,-0.09994948269974868
Jeep Cherokee,2021,42381,28750,21467.63829787234,141,2,0-2,40-60k,0.8785594842287467
Dodge Charger,2015,85131,20590,27191.571428571428,35,8,6-8,80-100k,-0.15038808924245464
Nissan Rogue,2019,55056,22590,20382.880165289258,242,4,2-4,40-60k,0.10180494347107512
Ford Edge,2014,52684,19990,20629.243243243243,74,9,8-10,40-60k,-0.22604599905651357
Acura TLX,2015,72624,19990,22612.222222222223,9,8,6-8,60-80k,-0.22604599905651357
Hyundai Sonata,2016,40876,16990,16759.738562091505,153,7,6-8,40-60k,-0.6043355481268082
Ford Explorer,2017,91973,21990,24112.425531914894,47,6,4-6,80-100k,0.026147033657016195
GMC Acadia,2019,54017,24590,26526.174603174604,63,4,2-4,40-60k,0.3539979761846049
MAZDA MAZDA,2014,101824,14590,17840.6338028169,142,9,8-10,100-130k,-0.9069671873830439
Ford Fiesta,2016,84714,12590,14645.737704918032,61,7,6-8,80-100k,-1.1591602200965736
Volkswagen Jetta,2019,45836,18990,17068.442477876106,113,4,2-4,40-60k,-0.35214251541327846
Honda Accord,2010,95444,13990,20338.34351145038,131,13,10-15,80-100k,-0.9826250971971029
Nissan Rogue Select,2014,25578,17990,16376.666666666666,15,9,8-10,20-40k,-0.47823903177004334
Volkswagen Golf,2015,94030,14990,17881.666666666668,24,8,6-8,80-100k,-0.856528580840338
MAZDA MAZDA,2012,81522,13590,17840.6338028169,142,11,10-15,80-100k,-1.0330637037398087
Hyundai Santa Fe,2012,101155,14990,23761.17391304348,46,11,10-15,100-130k,-0.856528580840338
Ford Escape,2014,61203,16990,19376.448,125,9,8-10,60-80k,-0.6043355481268082
Buick Encore,2017,67386,19590,18820.149425287356,87,6,4-6,60-80k,-0.2764846055992195
Honda Odyssey,2015,102859,19590,26213.423076923078,26,8,6-8,100-130k,-0.2764846055992195
Buick Encore,2019,41428,19590,18820.149425287356,87,4,2-4,40-60k,-0.2764846055992195
MAZDA CX-,2017,76481,22590,23001.7,140,6,4-6,60-80k,0.10180494347107512
Subaru Crosstrek,2018,38982,24990,24538.548387096773,31,5,4-6,20-40k,0.4044365827273108
Volkswagen Jetta,2019,40117,23590,17068.442477876106,113,4,2-4,40-60k,0.22790145982784
Kia Forte,2012,80914,12990,17017.92156862745,102,11,10-15,80-100k,-1.1087216135538678
Volkswagen Jetta,2012,76382,13590,17068.442477876106,113,11,10-15,60-80k,-1.0330637037398087
Hyundai Elantra,2013,45421,14990,17041.33846153846,195,10,8-10,40-60k,-0.856528580840338
Jeep Compass,2021,24091,24590,20590.543103448275,116,2,0-2,20-40k,0.3539979761846049
Nissan Rogue,2016,102113,16990,20382.880165289258,242,7,6-8,100-130k,-0.6043355481268082
Kia Forte,2021,27474,19990,17017.92156862745,102,2,0-2,20-40k,-0.22604599905651357
Nissan Altima,2017,35451,18990,19293.97340425532,188,6,4-6,20-40k,-0.35214251541327846
Jeep Compass,2018,31515,20990,20590.543103448275,116,5,4-6,20-40k,-0.09994948269974868
Nissan Altima,2019,65278,20590,19293.97340425532,188,4,2-4,60-80k,-0.15038808924245464
INFINITI QX,2017,63400,21990,26679.234375,64,6,4-6,60-80k,0.026147033657016195
FIAT X,2018,54968,20590,17755.217391304348,23,5,4-6,40-60k,-0.15038808924245464
Nissan Altima,2015,100649,14590,19293.97340425532,188,8,6-8,100-130k,-0.9069671873830439
Chevrolet Cruze,2019,57334,17590,15992.5,80,4,2-4,40-60k,-0.5286776383127493
Toyota Corolla,2022,8314,23590,18560.486988847584,269,1,0-2,0-20k,0.22790145982784
Chevrolet Equinox,2015,86249,15990,19319.105263157893,171,8,6-8,80-100k,-0.7304320644835731
Toyota Camry,2012,91767,14990,20721.41134751773,141,11,10-15,80-100k,-0.856528580840338
Honda HR-V,2018,40413,20990,22338.0,43,5,4-6,40-60k,-0.09994948269974868
Kia Sorento,2017,65027,18990,21217.59405940594,101,6,4-6,60-80k,-0.35214251541327846
Volkswagen Jetta SportWagen,2013,91973,15590,16603.333333333332,15,10,8-10,80-100k,-0.780870671026279
Chevrolet Malibu,2021,18423,24590,19288.927536231884,69,2,0-2,0-20k,0.3539979761846049
Honda CR-V,2014,100635,16590,21022.757009345794,107,9,8-10,100-130k,-0.6547741546695142
Nissan Altima,2015,75125,14990,19293.97340425532,188,8,6-8,60-80k,-0.856528580840338
Dodge Journey,2014,86409,14590,19075.328125,64,9,8-10,80-100k,-0.9069671873830439
Kia Sorento,2019,37007,22990,21217.59405940594,101,4,2-4,20-40k,0.15224355001378106
Kia Sportage,2020,39068,22590,20804.091954022988,87,3,2-4,20-40k,0.10180494347107512
Jeep Renegade,2015,89725,15990,20176.3661971831,71,8,6-8,80-100k,-0.7304320644835731
Kia Sportage,2017,92761,15990,20804.091954022988,87,6,4-6,80-100k,-0.7304320644835731
Kia Sportage,2019,67458,24990,20804.091954022988,87,4,2-4,60-80k,0.4044365827273108
Dodge Avenger,2013,69243,13590,13670.0,5,10,8-10,60-80k,-1.0330637037398087
Chrysler,2015,17883,19590,20993.80612244898,98,8,6-8,0-20k,-0.2764846055992195
Nissan Murano,2020,50508,29350,23491.560606060608,66,3,2-4,40-60k,0.9542173940428057
Kia Sportage,2021,38395,22590,20804.091954022988,87,2,0-2,20-40k,0.10180494347107512
Jeep Wrangler,2011,98886,20590,26477.5,32,12,10-15,80-100k,-0.15038808924245464
Honda CR-V,2019,49797,25050,21022.757009345794,107,4,2-4,40-60k,0.41200237370871673
Kia Sorento,2016,61268,19990,21217.59405940594,101,7,6-8,60-80k,-0.22604599905651357
Jeep Wrangler,2013,94895,24990,26477.5,32,10,8-10,80-100k,0.4044365827273108
GMC Acadia,2021,35065,33850,26526.174603174604,63,2,0-2,20-40k,1.5216517176482476
Kia Sorento,2017,82860,16990,21217.59405940594,101,6,4-6,80-100k,-0.6043355481268082
Jeep Wrangler,2015,78644,23990,26477.5,32,8,6-8,60-80k,0.278340066370546
Kia Sorento,2019,58415,20990,21217.59405940594,101,4,2-4,40-60k,-0.09994948269974868
Nissan Rogue,2021,41049,25250,20382.880165289258,242,2,0-2,40-60k,0.4372216769800697
Dodge Journey,2013,78403,15590,19075.328125,64,10,8-10,60-80k,-0.780870671026279
Chevrolet Bolt EV,2017,26587,21990,22290.0,2,6,4-6,20-40k,0.026147033657016195
Nissan Altima,2020,51424,26804,19293.97340425532,188,3,2-4,40-60k,0.6331756633984823
Chevrolet Camaro,2016,48220,23990,26673.675324675325,77,7,6-8,40-60k,0.278340066370546
Kia Forte,2011,78304,12590,17017.92156862745,102,12,10-15,60-80k,-1.1591602200965736
Ford Focus,2014,60950,14990,14996.451612903225,93,9,8-10,60-80k,-0.856528580840338
Volkswagen Passat,2017,36517,20990,18311.052631578947,76,6,4-6,20-40k,-0.09994948269974868
BMW  Series,2014,69985,21990,25277.301587301587,126,9,8-10,60-80k,0.026147033657016195
Ford Flex,2019,54216,25264,23264.36,25,4,2-4,40-60k,0.43898702820906443
Toyota Corolla,2016,96305,15590,18560.486988847584,269,7,6-8,80-100k,-0.780870671026279
Chevrolet Malibu,2015,35621,17990,19288.927536231884,69,8,6-8,20-40k,-0.47823903177004334
Hyundai Tucson,2015,47060,18590,20007.2,70,8,6-8,40-60k,-0.4025811219559844
Ford Fiesta,2015,100592,11990,14645.737704918032,61,8,6-8,100-130k,-1.2348181299106327
Honda Accord,2016,40329,21990,20338.34351145038,131,7,6-8,40-60k,0.026147033657016195
Subaru Legacy,2017,34849,22990,20081.428571428572,21,6,4-6,20-40k,0.15224355001378106
Nissan LEAF,2015,50137,14590,19142.63157894737,38,8,6-8,40-60k,-0.9069671873830439
Chevrolet Cruze,2016,66918,17590,15992.5,80,7,6-8,60-80k,-0.5286776383127493
Nissan Rogue,2019,40098,21990,20382.880165289258,242,4,2-4,40-60k,0.026147033657016195
GMC Acadia,2015,101979,16990,26526.174603174604,63,8,6-8,100-130k,-0.6043355481268082
Chevrolet Trailblazer,2021,26453,25850,24824.0,23,2,0-2,20-40k,0.5128795867941286
Kia Optima,2014,98261,15990,17867.048076923078,104,9,8-10,80-100k,-0.7304320644835731
Kia Sportage,2015,90201,15990,20804.091954022988,87,8,6-8,80-100k,-0.7304320644835731
Kia Sportage,2015,101697,14990,20804.091954022988,87,8,6-8,100-130k,-0.856528580840338
BMW  Series,2009,77552,15990,25277.301587301587,126,14,10-15,60-80k,-0.7304320644835731
Toyota Camry,2022,25873,26841,20721.41134751773,141,1,0-2,20-40k,0.6378412345036827
Kia Sportage,2016,37994,22590,20804.091954022988,87,7,6-8,20-40k,0.10180494347107512
GMC Acadia,2020,56323,27799,26526.174603174604,63,3,2-4,40-60k,0.7586416971734634
Kia Sportage,2014,70901,19590,20804.091954022988,87,9,8-10,60-80k,-0.2764846055992195
INFINITI QX,2019,51013,36646,26679.234375,64,4,2-4,40-60k,1.8742175773817622
Kia Optima,2013,81903,16590,17867.048076923078,104,10,8-10,80-100k,-0.6547741546695142
Kia Sportage,2017,27302,20990,20804.091954022988,87,6,4-6,20-40k,-0.09994948269974868
Kia Sportage,2016,50371,18990,20804.091954022988,87,7,6-8,40-60k,-0.35214251541327846
BMW  Series,2011,77906,17990,25277.301587301587,126,12,10-15,60-80k,-0.47823903177004334
Kia Sportage,2016,76484,16990,20804.091954022988,87,7,6-8,60-80k,-0.6043355481268082
Kia Optima,2013,80489,16590,17867.048076923078,104,10,8-10,80-100k,-0.6547741546695142
Kia Optima,2013,71507,15590,17867.048076923078,104,10,8-10,60-80k,-0.780870671026279
Kia Optima,2013,65131,14990,17867.048076923078,104,10,8-10,60-80k,-0.856528580840338
Chevrolet Bolt EV,2017,24565,22590,22290.0,2,6,4-6,20-40k,0.10180494347107512
Nissan Sentra,2019,69504,17590,17151.21551724138,116,4,2-4,60-80k,-0.5286776383127493
Cadillac Escalade ESV,2020,41046,62199,62199.0,1,3,2-4,40-60k,5.0963618598461755
Ford Focus,2010,93067,11590,14996.451612903225,93,13,10-15,80-100k,-1.2852567364533385
Honda CR-V,2019,38061,25696,21022.757009345794,107,4,2-4,20-40k,0.49346072327518686
Hyundai Sonata,2018,48277,18590,16759.738562091505,153,5,4-6,40-60k,-0.4025811219559844
Dodge Journey,2020,27492,21990,19075.328125,64,3,2-4,20-40k,0.026147033657016195
Cadillac ATS,2013,66204,17990,22034.444444444445,18,10,8-10,60-80k,-0.47823903177004334
Chevrolet Blazer,2019,43506,32134,27322.36842105263,19,4,2-4,40-60k,1.3052700955800391
Ford Explorer,2013,51062,21590,24112.425531914894,47,10,8-10,40-60k,-0.02429157288568976
Jeep Renegade,2020,35015,21990,20176.3661971831,71,3,2-4,20-40k,0.026147033657016195
Chrysler Town & Country,2016,86236,17590,17956.666666666668,24,7,6-8,80-100k,-0.5286776383127493
Audi A,2013,80050,15990,24272.608695652172,46,10,8-10,80-100k,-0.7304320644835731
Jeep Renegade,2020,42519,21590,20176.3661971831,71,3,2-4,40-60k,-0.02429157288568976
Lincoln MKC,2017,43132,23590,23724.125,24,6,4-6,40-60k,0.22790145982784
Volkswagen Jetta,2015,103950,12990,17068.442477876106,113,8,6-8,100-130k,-1.1087216135538678
Volkswagen Tiguan,2016,81175,16590,20451.456140350878,57,7,6-8,80-100k,-0.6547741546695142
Chevrolet Equinox,2020,35429,21300,19319.105263157893,171,3,2-4,20-40k,-0.06085956262915158
Chevrolet Trax,2016,56088,17590,18076.951219512193,82,7,6-8,40-60k,-0.5286776383127493
Cadillac XTS,2013,67460,19990,20830.0,5,10,8-10,60-80k,-0.22604599905651357
Mitsubishi Outlander Sport,2019,68683,18590,18771.48148148148,54,4,2-4,60-80k,-0.4025811219559844
Chevrolet Volt,2014,103170,14990,18150.0,25,9,8-10,100-130k,-0.856528580840338
Ford Focus,2014,73796,14990,14996.451612903225,93,9,8-10,60-80k,-0.856528580840338
Toyota Corolla,2012,84222,14590,18560.486988847584,269,11,10-15,80-100k,-0.9069671873830439
Subaru Legacy,2021,38571,24590,20081.428571428572,21,2,0-2,20-40k,0.3539979761846049
Hyundai Veloster,2013,66769,15590,17090.3125,32,10,8-10,60-80k,-0.780870671026279
Volkswagen Tiguan,2019,51416,24590,20451.456140350878,57,4,2-4,40-60k,0.3539979761846049
Ford Mustang,2014,40923,19590,25856.117647058825,102,9,8-10,40-60k,-0.2764846055992195
Chevrolet Impala,2015,78144,17990,20195.8,40,8,6-8,60-80k,-0.47823903177004334
Toyota Camry,2013,19103,18590,20721.41134751773,141,10,8-10,0-20k,-0.4025811219559844
Chevrolet Trax,2019,41202,18590,18076.951219512193,82,4,2-4,40-60k,-0.4025811219559844
Chevrolet Camaro,2012,47758,18990,26673.675324675325,77,11,10-15,40-60k,-0.35214251541327846
Ford Explorer,2015,97284,19990,24112.425531914894,47,8,6-8,80-100k,-0.22604599905651357
Mitsubishi Outlander Sport,2020,45900,20990,18771.48148148148,54,3,2-4,40-60k,-0.09994948269974868
Dodge Dart,2016,62921,15590,15032.105263157895,19,7,6-8,60-80k,-0.780870671026279
Nissan JUKE,2015,77274,15990,16066.190476190477,21,8,6-8,60-80k,-0.7304320644835731
Ram  Crew Cab,2014,48114,24990,42332.857142857145,14,9,8-10,40-60k,0.4044365827273108
Toyota Prius Prime,2018,103369,24990,30304.285714285714,7,5,4-6,100-130k,0.4044365827273108
Hyundai Sonata,2012,51470,15590,16759.738562091505,153,11,10-15,40-60k,-0.780870671026279
Toyota Camry,2010,60904,16990,20721.41134751773,141,13,10-15,60-80k,-0.6043355481268082
Cadillac ELR,2014,81082,22990,24790.0,2,9,8-10,80-100k,0.15224355001378106
Audi Q,2015,64654,22990,25158.42105263158,19,8,6-8,60-80k,0.15224355001378106
Hyundai Accent,2016,26631,15590,15905.254237288136,59,7,6-8,20-40k,-0.780870671026279
Nissan Versa,2020,29918,17990,15995.263157894737,95,3,2-4,20-40k,-0.47823903177004334
GMC Terrain,2015,66726,19990,21643.57627118644,59,8,6-8,60-80k,-0.22604599905651357
Mitsubishi Mirage G,2017,62056,12990,16790.0,16,6,4-6,60-80k,-1.1087216135538678
Honda Accord,2018,71132,24990,20338.34351145038,131,5,4-6,60-80k,0.4044365827273108
Honda Odyssey,2017,67405,23590,26213.423076923078,26,6,4-6,60-80k,0.22790145982784
Jeep Cherokee,2016,58845,18590,21467.63829787234,141,7,6-8,40-60k,-0.4025811219559844
Toyota RAV,2020,51208,24780,23160.708333333332,72,3,2-4,40-60k,0.37795631429239024
smart fortwo electric drive,2014,15626,12990,15123.333333333334,6,9,8-10,0-20k,-1.1087216135538678
GMC Terrain,2013,71097,16590,21643.57627118644,59,10,8-10,60-80k,-0.6547741546695142
FIAT X,2016,64536,17590,17755.217391304348,23,7,6-8,60-80k,-0.5286776383127493
Buick Encore,2013,72930,16590,18820.149425287356,87,10,8-10,60-80k,-0.6547741546695142
MINI Countryman,2014,42183,18590,19147.14285714286,42,9,8-10,40-60k,-0.4025811219559844
Buick Enclave,2016,99850,21990,25804.4,25,7,6-8,80-100k,0.026147033657016195
Hyundai Tucson,2017,83899,17590,20007.2,70,6,4-6,80-100k,-0.5286776383127493
Nissan Kicks,2021,29834,20250,19809.626373626375,91,2,0-2,20-40k,-0.1932609048037547
MAZDA MAZDA,2018,18516,23990,17840.6338028169,142,5,4-6,0-20k,0.278340066370546
Nissan Kicks,2021,25216,20550,19809.626373626375,91,2,0-2,20-40k,-0.15543194989672524
Chevrolet Sonic,2016,82108,12990,14630.90909090909,44,7,6-8,80-100k,-1.1087216135538678
Hyundai Santa Fe,2012,94215,13990,23761.17391304348,46,11,10-15,80-100k,-0.9826250971971029
Acura TSX,2012,74941,15990,15950.0,10,11,10-15,60-80k,-0.7304320644835731
Nissan LEAF,2017,46131,16590,19142.63157894737,38,6,4-6,40-60k,-0.6547741546695142
Chevrolet Trax,2018,47060,17990,18076.951219512193,82,5,4-6,40-60k,-0.47823903177004334
Honda CR-V,2018,45177,22990,21022.757009345794,107,5,4-6,40-60k,0.15224355001378106
Chevrolet Equinox,2016,47334,17990,19319.105263157893,171,7,6-8,40-60k,-0.47823903177004334
GMC Acadia,2017,53862,22990,26526.174603174604,63,6,4-6,40-60k,0.15224355001378106
Honda Accord Crosstour,2011,93851,16990,16790.0,2,12,10-15,80-100k,-0.6043355481268082
Toyota Prius,2011,68256,16990,19496.666666666668,60,12,10-15,60-80k,-0.6043355481268082
Jaguar XE,2017,46422,24990,25290.0,4,6,4-6,40-60k,0.4044365827273108
Nissan Murano,2020,48143,24150,23491.560606060608,66,3,2-4,40-60k,0.29851550898762835
Toyota Prius,2013,46258,19590,19496.666666666668,60,10,8-10,40-60k,-0.2764846055992195
Buick Envision,2018,58119,20800,24501.2,20,5,4-6,40-60k,-0.12390782080753401
Lincoln MKC,2015,101994,17590,23724.125,24,8,6-8,100-130k,-0.5286776383127493
Chevrolet Trax,2019,51730,17990,18076.951219512193,82,4,2-4,40-60k,-0.47823903177004334
Nissan Rogue,2013,79382,15990,20382.880165289258,242,10,8-10,60-80k,-0.7304320644835731
Hyundai Sonata,2018,38739,20990,16759.738562091505,153,5,4-6,20-40k,-0.09994948269974868
Volkswagen Passat,2013,65145,15990,18311.052631578947,76,10,8-10,60-80k,-0.7304320644835731
Chevrolet Malibu,2016,83335,16990,19288.927536231884,69,7,6-8,80-100k,-0.6043355481268082
Cadillac CTS,2012,29761,18990,22603.333333333332,15,11,10-15,20-40k,-0.35214251541327846
Nissan Altima,2015,82017,15990,19293.97340425532,188,8,6-8,80-100k,-0.7304320644835731
Nissan Kicks,2020,46813,20600,19809.626373626375,91,3,2-4,40-60k,-0.14912712407888698
Chevrolet Sonic,2017,68748,14990,14630.90909090909,44,6,4-6,60-80k,-0.856528580840338
Ford Fusion,2018,46457,19251,18113.032,125,5,4-6,40-60k,-0.3192313246441628
MAZDA CX-,2015,83981,16990,23001.7,140,8,6-8,80-100k,-0.6043355481268082
Ford Edge,2011,93094,15590,20629.243243243243,74,12,10-15,80-100k,-0.780870671026279
Mitsubishi Outlander,2017,33648,22590,20020.0,20,6,4-6,20-40k,0.10180494347107512
Buick Encore,2014,83986,15590,18820.149425287356,87,9,8-10,80-100k,-0.780870671026279
Honda Civic,2017,3660,24590,18925.32380952381,210,6,4-6,0-20k,0.3539979761846049
Hyundai Sonata,2013,70029,14990,16759.738562091505,153,10,8-10,60-80k,-0.856528580840338
Toyota Corolla,2013,82211,14990,18560.486988847584,269,10,8-10,80-100k,-0.856528580840338
Chevrolet Blazer,2020,40449,24700,27322.36842105263,19,3,2-4,40-60k,0.367868592983849
Kia Soul,2018,25810,19590,17106.064516129034,124,5,4-6,20-40k,-0.2764846055992195
Ford Fusion,2012,50716,15590,18113.032,125,11,10-15,40-60k,-0.780870671026279
Cadillac CTS,2010,33804,16990,22603.333333333332,15,13,10-15,20-40k,-0.6043355481268082
Nissan Altima,2015,49440,15990,19293.97340425532,188,8,6-8,40-60k,-0.7304320644835731
Volkswagen Beetle,2013,78759,14990,20275.0,40,10,8-10,60-80k,-0.856528580840338
Nissan Altima,2021,48213,21051,19293.97340425532,188,2,0-2,40-60k,-0.09225759520198602
FIAT,2015,49913,14990,14531.935483870968,31,8,6-8,40-60k,-0.856528580840338
Toyota Corolla,2010,53883,14990,18560.486988847584,269,13,10-15,40-60k,-0.856528580840338
Honda Accord,2009,95434,12990,20338.34351145038,131,14,10-15,80-100k,-1.1087216135538678
Lincoln MKX,2017,71766,23990,22950.0,10,6,4-6,60-80k,0.278340066370546
Mercedes-Benz CLA,2016,78263,21590,25608.18181818182,11,7,6-8,60-80k,-0.02429157288568976
MINI Clubman,2013,34021,16590,20763.333333333332,15,10,8-10,20-40k,-0.6547741546695142
Lincoln MKZ,2016,17667,23990,21467.777777777777,18,7,6-8,0-20k,0.278340066370546
Nissan Altima,2021,34495,22250,19293.97340425532,188,2,0-2,20-40k,0.05893212790977506
Toyota Corolla,2016,73293,16990,18560.486988847584,269,7,6-8,60-80k,-0.6043355481268082
Lexus IS,2012,57432,20590,23340.0,28,11,10-15,40-60k,-0.15038808924245464
Lincoln MKC,2015,68302,20990,23724.125,24,8,6-8,60-80k,-0.09994948269974868
INFINITI QX,2018,47407,24590,26679.234375,64,5,4-6,40-60k,0.3539979761846049
Nissan Sentra,2019,61582,16990,17151.21551724138,116,4,2-4,60-80k,-0.6043355481268082
Chevrolet Equinox,2021,35906,21300,19319.105263157893,171,2,0-2,20-40k,-0.06085956262915158
Honda Civic,2016,75450,22990,18925.32380952381,210,7,6-8,60-80k,0.15224355001378106
Toyota Highlander,2015,98025,24590,26813.875,24,8,6-8,80-100k,0.3539979761846049
Lincoln MKC,2015,62229,22590,23724.125,24,8,6-8,60-80k,0.10180494347107512
Toyota Corolla,2020,48726,19951,18560.486988847584,269,3,2-4,40-60k,-0.2309637631944274
Volkswagen Tiguan,2015,46576,18990,20451.456140350878,57,8,6-8,40-60k,-0.35214251541327846
Chevrolet Impala,2019,62682,23990,20195.8,40,4,2-4,60-80k,0.278340066370546
MAZDA CX-,2019,35782,20990,23001.7,140,4,2-4,20-40k,-0.09994948269974868
Dodge Avenger,2014,72329,15590,13670.0,5,9,8-10,60-80k,-0.780870671026279
Chevrolet Equinox,2015,65216,16990,19319.105263157893,171,8,6-8,60-80k,-0.6043355481268082
Toyota Tacoma Double Cab,2021,11435,41990,33790.0,28,2,0-2,0-20k,2.548077360792314
Jaguar XF,2015,66824,22990,25523.333333333332,6,8,6-8,60-80k,0.15224355001378106
Hyundai Sonata,2017,48021,18990,16759.738562091505,153,6,4-6,40-60k,-0.35214251541327846
BMW  Series,2009,31753,24990,25277.301587301587,126,14,10-15,20-40k,0.4044365827273108
Buick Encore,2017,16928,20990,18820.149425287356,87,6,4-6,0-20k,-0.09994948269974868
Hyundai Accent,2017,61304,13990,15905.254237288136,59,6,4-6,60-80k,-0.9826250971971029
Kia Sorento,2014,79464,16590,21217.59405940594,101,9,8-10,60-80k,-0.6547741546695142
Honda Accord,2017,41616,20990,20338.34351145038,131,6,4-6,40-60k,-0.09994948269974868
Toyota RAV,2017,88725,19990,23160.708333333332,72,6,4-6,80-100k,-0.22604599905651357
Chrysler Town & Country,2015,83438,16990,17956.666666666668,24,8,6-8,80-100k,-0.6043355481268082
Jeep Compass,2019,56692,21590,20590.543103448275,116,4,2-4,40-60k,-0.02429157288568976
Chevrolet Spark,2021,11985,19590,15980.290909090909,55,2,0-2,0-20k,-0.2764846055992195
Toyota Corolla,2014,48435,17990,18560.486988847584,269,9,8-10,40-60k,-0.47823903177004334
Scion tC,2014,69429,17590,17480.909090909092,11,9,8-10,60-80k,-0.5286776383127493
Volkswagen Passat,2013,73824,14990,18311.052631578947,76,10,8-10,60-80k,-0.856528580840338
Ford Fusion,2017,98414,16990,18113.032,125,6,4-6,80-100k,-0.6043355481268082
Honda Accord,2013,64965,19590,20338.34351145038,131,10,8-10,60-80k,-0.2764846055992195
Nissan Rogue,2016,74997,17990,20382.880165289258,242,7,6-8,60-80k,-0.47823903177004334
Nissan Sentra,2018,46061,15491,17151.21551724138,116,5,4-6,40-60k,-0.7933542261455988
Toyota Prius,2017,67182,23590,19496.666666666668,60,6,4-6,60-80k,0.22790145982784
Nissan Maxima,2016,38750,24590,24153.521739130436,23,7,6-8,20-40k,0.3539979761846049
Jeep Cherokee,2018,43536,22590,21467.63829787234,141,5,4-6,40-60k,0.10180494347107512
Nissan LEAF,2018,17664,24990,19142.63157894737,38,5,4-6,0-20k,0.4044365827273108
Chevrolet Cruze,2015,47405,15990,15992.5,80,8,6-8,40-60k,-0.7304320644835731
Nissan Altima,2014,70982,15990,19293.97340425532,188,9,8-10,60-80k,-0.7304320644835731
Hyundai Kona,2018,44093,18191,22149.1,30,5,4-6,40-60k,-0.45289363198233357
MAZDA CX-,2021,43294,23141,23001.7,140,2,0-2,40-60k,0.17128412398365256
Hyundai Santa Fe Sport,2017,69862,17990,18512.222222222223,36,6,4-6,60-80k,-0.47823903177004334
Chevrolet Equinox,2021,51020,19991,19319.105263157893,171,2,0-2,40-60k,-0.22591990254015681
MINI Clubman,2017,45710,23990,20763.333333333332,15,6,4-6,40-60k,0.278340066370546
Chevrolet Sonic,2015,92040,12590,14630.90909090909,44,8,6-8,80-100k,-1.1591602200965736
Ram  Regular Cab,2014,73081,22990,24630.0,5,9,8-10,60-80k,0.15224355001378106
Nissan Sentra,2019,55821,16990,17151.21551724138,116,4,2-4,40-60k,-0.6043355481268082
Hyundai Elantra,2021,24386,20990,17041.33846153846,195,2,0-2,20-40k,-0.09994948269974868
Toyota Corolla,2021,26855,20958,18560.486988847584,269,2,0-2,20-40k,-0.10398457122316516
Hyundai Sonata,2011,17276,17590,16759.738562091505,153,12,10-15,0-20k,-0.5286776383127493
Ford EcoSport,2019,18540,19990,19908.256756756757,74,4,2-4,0-20k,-0.22604599905651357
Acura RDX,2016,57525,24990,24947.275862068964,29,7,6-8,40-60k,0.4044365827273108
Chevrolet Spark,2022,6104,18590,15980.290909090909,55,1,0-2,0-20k,-0.4025811219559844
Ford EcoSport,2019,37190,19990,19908.256756756757,74,4,2-4,20-40k,-0.22604599905651357
Lexus ES,2012,98465,17990,26148.61111111111,36,11,10-15,80-100k,-0.47823903177004334
Nissan Rogue Sport,2021,25485,20991,20399.048387096773,62,2,0-2,20-40k,-0.09982338618339193
Jeep Cherokee,2019,71041,20590,21467.63829787234,141,4,2-4,60-80k,-0.15038808924245464
Jeep Renegade,2019,36671,24990,20176.3661971831,71,4,2-4,20-40k,0.4044365827273108
Hyundai Kona,2018,46762,22590,22149.1,30,5,4-6,40-60k,0.10180494347107512
Jeep Renegade,2016,78158,16590,20176.3661971831,71,7,6-8,60-80k,-0.6547741546695142
Nissan Altima,2017,69690,16590,19293.97340425532,188,6,4-6,60-80k,-0.6547741546695142
Ford Fusion,2019,48908,21590,18113.032,125,4,2-4,40-60k,-0.02429157288568976
Ford Fusion,2020,17308,22990,18113.032,125,3,2-4,0-20k,0.15224355001378106
Subaru Crosstrek,2017,102885,19590,24538.548387096773,31,6,4-6,100-130k,-0.2764846055992195
Chevrolet Cruze,2017,77304,16990,15992.5,80,6,4-6,60-80k,-0.6043355481268082
Honda Civic,2019,42508,24590,18925.32380952381,210,4,2-4,40-60k,0.3539979761846049
Volkswagen GTI,2012,52773,18590,17104.285714285714,7,11,10-15,40-60k,-0.4025811219559844
Nissan Rogue Sport,2018,55307,19590,20399.048387096773,62,5,4-6,40-60k,-0.2764846055992195
Ford Edge,2020,52052,21881,20629.243243243243,74,3,2-4,40-60k,0.012402513374128822
Kia Soul,2016,48504,15990,17106.064516129034,124,7,6-8,40-60k,-0.7304320644835731
Toyota Corolla,2017,87090,15990,18560.486988847584,269,6,4-6,80-100k,-0.7304320644835731
Chevrolet Equinox,2021,36078,21698,19319.105263157893,171,2,0-2,20-40k,-0.010673149119159151
Nissan Rogue Sport,2020,51153,18994,20399.048387096773,62,3,2-4,40-60k,-0.3516381293478514
Chevrolet Cruze,2014,84455,13590,15992.5,80,9,8-10,80-100k,-1.0330637037398087
Hyundai Accent,2022,8160,20590,15905.254237288136,59,1,0-2,0-20k,-0.15038808924245464
Kia Optima,2020,52750,18599,17867.048076923078,104,3,2-4,40-60k,-0.40144625330877354
Kia Soul,2021,32877,23590,17106.064516129034,124,2,0-2,20-40k,0.22790145982784
Nissan Kicks,2021,5721,23990,19809.626373626375,91,2,0-2,0-20k,0.278340066370546
Hyundai Santa Fe,2020,63702,24990,23761.17391304348,46,3,2-4,60-80k,0.4044365827273108
Chevrolet Equinox,2020,55448,19609,19319.105263157893,171,3,2-4,40-60k,-0.274088771788441
Mitsubishi Outlander Sport,2016,56848,15990,18771.48148148148,54,7,6-8,40-60k,-0.7304320644835731
MAZDA MAZDA,2015,38513,16990,17840.6338028169,142,8,6-8,20-40k,-0.6043355481268082
Toyota Camry,2015,69217,18590,20721.41134751773,141,8,6-8,60-80k,-0.4025811219559844
Chevrolet Cruze,2019,45794,17990,15992.5,80,4,2-4,40-60k,-0.47823903177004334
Dodge Grand Caravan Passenger,2018,62944,18590,18365.342465753423,73,5,4-6,60-80k,-0.4025811219559844
Toyota Corolla,2021,38750,20099,18560.486988847584,269,2,0-2,20-40k,-0.2123014787736262
Hyundai Sonata,2016,99805,14990,16759.738562091505,153,7,6-8,80-100k,-0.856528580840338
Nissan Rogue Sport,2020,42794,22433,20399.048387096773,62,3,2-4,40-60k,0.08200779040306304
Nissan Rogue,2015,74106,17990,20382.880165289258,242,8,6-8,60-80k,-0.47823903177004334
GMC Terrain,2015,35776,19990,21643.57627118644,59,8,6-8,20-40k,-0.22604599905651357
Nissan Altima,2020,53947,18667,19293.97340425532,188,3,2-4,40-60k,-0.3928716901965135
Chevrolet Camaro,2015,62254,22990,26673.675324675325,77,8,6-8,60-80k,0.15224355001378106
Volkswagen Jetta,2019,28305,21990,17068.442477876106,113,4,2-4,20-40k,0.026147033657016195
Kia Forte,2010,65078,12990,17017.92156862745,102,13,10-15,60-80k,-1.1087216135538678
Jeep Compass,2019,42880,23990,20590.543103448275,116,4,2-4,40-60k,0.278340066370546
FIAT  Spider,2017,13930,23990,24176.666666666668,15,6,4-6,0-20k,0.278340066370546
INFINITI G,2011,92532,15990,18252.5,16,12,10-15,80-100k,-0.7304320644835731
Acura TSX,2013,100809,15590,15950.0,10,10,8-10,100-130k,-0.780870671026279
Toyota Camry,2015,26363,19990,20721.41134751773,141,8,6-8,20-40k,-0.22604599905651357
Mitsubishi Outlander Sport,2021,27605,22590,18771.48148148148,54,2,0-2,20-40k,0.10180494347107512
Chevrolet Impala,2009,70399,12590,20195.8,40,14,10-15,60-80k,-1.1591602200965736
Ford Mustang,2016,55860,21990,25856.117647058825,102,7,6-8,40-60k,0.026147033657016195
Hyundai Sonata,2011,81071,14590,16759.738562091505,153,12,10-15,80-100k,-0.9069671873830439
Kia Sorento,2014,94919,16990,21217.59405940594,101,9,8-10,80-100k,-0.6043355481268082
Kia Optima,2014,81351,19990,17867.048076923078,104,9,8-10,80-100k,-0.22604599905651357
Kia Sportage,2017,63959,18590,20804.091954022988,87,6,4-6,60-80k,-0.4025811219559844
Kia Sportage,2015,63320,16990,20804.091954022988,87,8,6-8,60-80k,-0.6043355481268082
Kia Sportage,2020,17182,24990,20804.091954022988,87,3,2-4,0-20k,0.4044365827273108
Kia Optima,2012,97799,13990,17867.048076923078,104,11,10-15,80-100k,-0.9826250971971029
Jeep Renegade,2015,89301,16990,20176.3661971831,71,8,6-8,80-100k,-0.6043355481268082
MAZDA MX- Miata,2016,42003,22590,22241.28205128205,39,7,6-8,40-60k,0.10180494347107512
Subaru WRX,2017,92226,22990,27034.444444444445,9,6,4-6,80-100k,0.15224355001378106
Dodge Charger,2016,62616,23990,27191.571428571428,35,7,6-8,60-80k,0.278340066370546
Chevrolet Trax,2021,32299,20990,18076.951219512193,82,2,0-2,20-40k,-0.09994948269974868
Jeep Cherokee,2016,91841,15990,21467.63829787234,141,7,6-8,80-100k,-0.7304320644835731
Toyota Avalon,2016,48883,23590,23526.363636363636,22,7,6-8,40-60k,0.22790145982784
Toyota Corolla,2020,12554,21990,18560.486988847584,269,3,2-4,0-20k,0.026147033657016195
MAZDA MAZDA,2012,89624,13990,17840.6338028169,142,11,10-15,80-100k,-0.9826250971971029
Jeep Cherokee,2017,78819,19990,21467.63829787234,141,6,4-6,60-80k,-0.22604599905651357
Nissan Rogue,2016,73837,19990,20382.880165289258,242,7,6-8,60-80k,-0.22604599905651357
MINI Countryman,2016,55282,20990,19147.14285714286,42,7,6-8,40-60k,-0.09994948269974868
Nissan Altima,2021,43419,20795,19293.97340425532,188,2,0-2,40-60k,-0.12453830338931784
Toyota Avalon,2015,30042,23990,23526.363636363636,22,8,6-8,20-40k,0.278340066370546
Kia Soul,2013,39214,14990,17106.064516129034,124,10,8-10,20-40k,-0.856528580840338
Nissan Altima,2016,52837,18590,19293.97340425532,188,7,6-8,40-60k,-0.4025811219559844
BMW X,2017,80214,21990,28257.918032786885,61,6,4-6,80-100k,0.026147033657016195
Volkswagen Jetta,2019,23092,20590,17068.442477876106,113,4,2-4,20-40k,-0.15038808924245464
Nissan Rogue,2021,62662,22354,20382.880165289258,242,2,0-2,60-80k,0.0720461656108786
Hyundai Elantra,2019,50191,18590,17041.33846153846,195,4,2-4,40-60k,-0.4025811219559844
Ford Escape,2018,56387,18937,19376.448,125,5,4-6,40-60k,-0.358825630780187
Jeep Cherokee,2017,60733,19990,21467.63829787234,141,6,4-6,60-80k,-0.22604599905651357
Dodge Journey,2020,112740,20990,19075.328125,64,3,2-4,100-130k,-0.09994948269974868
Hyundai Genesis,2015,69256,24590,21735.454545454544,11,8,6-8,60-80k,0.3539979761846049
Hyundai Sonata,2017,77544,15990,16759.738562091505,153,6,4-6,60-80k,-0.7304320644835731
Ford Fusion,2016,96616,14990,18113.032,125,7,6-8,80-100k,-0.856528580840338
Nissan Kicks,2020,46037,19055,19809.626373626375,91,3,2-4,40-60k,-0.3439462418500887
Subaru Outback,2014,99545,16590,25362.21153846154,52,9,8-10,80-100k,-0.6547741546695142
Ford Edge,2011,63121,16990,20629.243243243243,74,12,10-15,60-80k,-0.6043355481268082
Toyota Camry,2022,29523,24599,20721.41134751773,141,1,0-2,20-40k,0.3551328448318158
Volkswagen Tiguan,2013,103522,14990,20451.456140350878,57,10,8-10,100-130k,-0.856528580840338
Nissan Rogue,2021,47170,24299,20382.880165289258,242,2,0-2,40-60k,0.3173038899247863
Lexus IS,2015,79431,22990,23340.0,28,8,6-8,60-80k,0.15224355001378106
Cadillac XTS,2014,22141,23590,20830.0,5,9,8-10,20-40k,0.22790145982784
BMW X,2017,53080,24990,28257.918032786885,61,6,4-6,40-60k,0.4044365827273108
Volkswagen Tiguan,2021,39405,23590,20451.456140350878,57,2,0-2,20-40k,0.22790145982784
Hyundai Elantra,2013,77825,14990,17041.33846153846,195,10,8-10,60-80k,-0.856528580840338
Mitsubishi Mirage,2018,72171,13990,15890.0,22,5,4-6,60-80k,-0.9826250971971029
Kia Soul,2020,51752,21990,17106.064516129034,124,3,2-4,40-60k,0.026147033657016195
Toyota Corolla,2019,70278,17990,18560.486988847584,269,4,2-4,60-80k,-0.47823903177004334
Jeep Grand Cherokee,2012,99203,19590,23092.367346938776,49,11,10-15,80-100k,-0.2764846055992195
Chevrolet Equinox,2018,52959,18367,19319.105263157893,171,5,4-6,40-60k,-0.43070064510354295
Toyota Corolla,2015,71139,15990,18560.486988847584,269,8,6-8,60-80k,-0.7304320644835731
Acura ILX,2013,88914,15990,19567.777777777777,9,10,8-10,80-100k,-0.7304320644835731
Honda Pilot,2012,81168,19590,25763.433333333334,30,11,10-15,80-100k,-0.2764846055992195
Honda Civic,2019,45873,23590,18925.32380952381,210,4,2-4,40-60k,0.22790145982784
Chrysler,2015,75510,18990,20993.80612244898,98,8,6-8,60-80k,-0.35214251541327846
Nissan Rogue Sport,2021,39113,19170,20399.048387096773,62,2,0-2,20-40k,-0.32944514246906076
Volkswagen Jetta,2013,99223,12590,17068.442477876106,113,10,8-10,80-100k,-1.1591602200965736
Ford Edge,2020,52468,29900,20629.243243243243,74,3,2-4,40-60k,1.0235704780390265
Audi TT,2010,75599,19590,28790.0,2,13,10-15,60-80k,-0.2764846055992195
Kia Rio,2013,105151,11990,16682.0,35,10,8-10,100-130k,-1.2348181299106327
Chevrolet Cruze,2014,72325,15990,15992.5,80,9,8-10,60-80k,-0.7304320644835731
BMW  Series,2013,78447,20590,25277.301587301587,126,10,8-10,60-80k,-0.15038808924245464
Jeep Cherokee,2019,54042,21590,21467.63829787234,141,4,2-4,40-60k,-0.02429157288568976
Jeep Renegade,2017,75434,18590,20176.3661971831,71,6,4-6,60-80k,-0.4025811219559844
Ford Fusion,2017,93988,16590,18113.032,125,6,4-6,80-100k,-0.6547741546695142
Nissan LEAF,2015,48341,13990,19142.63157894737,38,8,6-8,40-60k,-0.9826250971971029
Genesis G,2022,24425,35681,34966.555555555555,9,1,0-2,20-40k,1.7525344390974842
INFINITI QX,2016,83520,21990,26679.234375,64,7,6-8,80-100k,0.026147033657016195
Toyota Corolla,2015,60390,16990,18560.486988847584,269,8,6-8,60-80k,-0.6043355481268082
Buick Verano,2014,85417,14590,16710.0,15,9,8-10,80-100k,-0.9069671873830439
Honda Accord,2013,71931,18990,20338.34351145038,131,10,8-10,60-80k,-0.35214251541327846
Dodge Challenger,2020,53158,27900,31835.757575757576,33,3,2-4,40-60k,0.7713774453254967
Toyota Corolla,2017,72338,17590,18560.486988847584,269,6,4-6,60-80k,-0.5286776383127493
Honda Accord,2017,25307,24990,20338.34351145038,131,6,4-6,20-40k,0.4044365827273108
Ford Focus,2018,31989,17590,14996.451612903225,93,5,4-6,20-40k,-0.5286776383127493
Chrysler,2021,46794,25029,20993.80612244898,98,2,0-2,40-60k,0.40935434686522465
Ford Escape,2017,89393,16590,19376.448,125,6,4-6,80-100k,-0.6547741546695142
Honda CR-V,2011,99838,14990,21022.757009345794,107,12,10-15,80-100k,-0.856528580840338
Nissan Altima,2016,62896,16590,19293.97340425532,188,7,6-8,60-80k,-0.6547741546695142
Dodge Dart,2015,98124,12990,15032.105263157895,19,8,6-8,80-100k,-1.1087216135538678
Ford Expedition,2019,60802,35157,31170.0,6,4,2-4,60-80k,1.6864598645265394
Jeep Cherokee,2017,73855,23990,21467.63829787234,141,6,4-6,60-80k,0.278340066370546
Toyota RAV,2015,82048,19990,23160.708333333332,72,8,6-8,80-100k,-0.22604599905651357
Ford Taurus,2015,53178,16990,17145.555555555555,18,8,6-8,40-60k,-0.6043355481268082
Nissan Murano,2020,60538,28861,23491.560606060608,66,3,2-4,60-80k,0.8925561975443477
Nissan Altima,2016,104318,14590,19293.97340425532,188,7,6-8,100-130k,-0.9069671873830439
Hyundai Veloster,2014,62598,15590,17090.3125,32,9,8-10,60-80k,-0.780870671026279
Jeep Cherokee,2019,53178,20590,21467.63829787234,141,4,2-4,40-60k,-0.15038808924245464
Hyundai Accent,2022,1257,20990,15905.254237288136,59,1,0-2,0-20k,-0.09994948269974868
Hyundai Sonata,2013,8101,16990,16759.738562091505,153,10,8-10,0-20k,-0.6043355481268082
Lincoln MKZ,2013,89110,16990,21467.777777777777,18,10,8-10,80-100k,-0.6043355481268082
Volkswagen Golf,2015,34389,20590,17881.666666666668,24,8,6-8,20-40k,-0.15038808924245464
Ford Flex,2019,62000,27690,23264.36,25,4,2-4,60-80k,0.744897176890576
MAZDA MAZDA,2010,66896,12990,17840.6338028169,142,13,10-15,60-80k,-1.1087216135538678
Ford Escape,2020,43078,25894,19376.448,125,3,2-4,40-60k,0.5184278335138263
Toyota Corolla,2020,22336,21590,18560.486988847584,269,3,2-4,20-40k,-0.02429157288568976
Chevrolet Malibu,2016,38305,18990,19288.927536231884,69,7,6-8,20-40k,-0.35214251541327846
MAZDA CX-,2015,91873,18590,23001.7,140,8,6-8,80-100k,-0.4025811219559844
Kia Optima,2012,19913,17590,17867.048076923078,104,11,10-15,0-20k,-0.5286776383127493
Subaru Outback,2019,84020,24990,25362.21153846154,52,4,2-4,80-100k,0.4044365827273108
INFINITI Q,2015,78653,21990,25347.133333333335,30,8,6-8,60-80k,0.026147033657016195
Hyundai Elantra,2016,23996,17590,17041.33846153846,195,7,6-8,20-40k,-0.5286776383127493
Jeep Cherokee,2016,86007,17590,21467.63829787234,141,7,6-8,80-100k,-0.5286776383127493
Ford Escape,2017,51978,19590,19376.448,125,6,4-6,40-60k,-0.2764846055992195
Chevrolet Blazer,2020,61920,25650,27322.36842105263,19,3,2-4,60-80k,0.4876602835227757
Kia Niro,2019,44427,22990,23530.0,10,4,2-4,40-60k,0.15224355001378106
Chevrolet Cruze,2019,11972,21990,15992.5,80,4,2-4,0-20k,0.026147033657016195
Dodge Journey,2017,92330,14990,19075.328125,64,6,4-6,80-100k,-0.856528580840338
GMC Acadia,2021,45375,31800,26526.174603174604,63,2,0-2,40-60k,1.2631538591168796
Jeep Cherokee,2019,40489,20990,21467.63829787234,141,4,2-4,40-60k,-0.09994948269974868
MINI Countryman,2012,81816,16590,19147.14285714286,42,11,10-15,80-100k,-0.6547741546695142
Chevrolet Camaro,2011,14361,21990,26673.675324675325,77,12,10-15,0-20k,0.026147033657016195
Acura TL,2012,102222,17590,17412.222222222223,9,11,10-15,100-130k,-0.5286776383127493
Chevrolet Traverse,2020,51757,30890,27964.304347826088,46,3,2-4,40-60k,1.1484060292322236
Chevrolet Trax,2015,65806,16990,18076.951219512193,82,8,6-8,60-80k,-0.6043355481268082
GMC Acadia,2021,44400,28221,26526.174603174604,63,2,0-2,40-60k,0.8118544270760182
Jaguar XF,2015,64042,24590,25523.333333333332,6,8,6-8,60-80k,0.3539979761846049
Jeep Compass,2018,39246,20990,20590.543103448275,116,5,4-6,20-40k,-0.09994948269974868
Kia Sorento,2015,45245,19590,21217.59405940594,101,8,6-8,40-60k,-0.2764846055992195
Lexus ES,2019,54210,31700,26148.61111111111,36,4,2-4,40-60k,1.2505442074812032
Buick Encore,2017,24629,19990,18820.149425287356,87,6,4-6,20-40k,-0.22604599905651357
Chevrolet Malibu,2018,41374,21990,19288.927536231884,69,5,4-6,40-60k,0.026147033657016195
MAZDA CX-,2016,31444,23590,23001.7,140,7,6-8,20-40k,0.22790145982784
Hyundai Accent,2019,87269,15590,15905.254237288136,59,4,2-4,80-100k,-0.780870671026279
Ford Explorer,2019,61081,29170,24112.425531914894,47,4,2-4,60-80k,0.931520021098588
Volkswagen Jetta,2019,76189,17590,17068.442477876106,113,4,2-4,60-80k,-0.5286776383127493
Nissan Rogue Select,2015,29472,18590,16376.666666666666,15,8,6-8,20-40k,-0.4025811219559844
Honda Fit,2013,69310,14590,17112.222222222223,54,10,8-10,60-80k,-0.9069671873830439
Acura MDX,2012,82688,19590,23334.444444444445,18,11,10-15,80-100k,-0.2764846055992195
Honda Accord,2010,74215,15990,20338.34351145038,131,13,10-15,60-80k,-0.7304320644835731
smart fortwo,2014,47157,13590,13970.0,10,9,8-10,40-60k,-1.0330637037398087
Hyundai Elantra,2017,53203,16590,17041.33846153846,195,6,4-6,40-60k,-0.6547741546695142
Ford Fusion,2016,44193,18590,18113.032,125,7,6-8,40-60k,-0.4025811219559844
Ford Fusion,2020,30816,21590,18113.032,125,3,2-4,20-40k,-0.02429157288568976
Honda Accord,2014,45668,20990,20338.34351145038,131,9,8-10,40-60k,-0.09994948269974868
Nissan Versa,2019,91314,14990,15995.263157894737,95,4,2-4,80-100k,-0.856528580840338
FIAT,2019,9849,20590,14531.935483870968,31,4,2-4,0-20k,-0.15038808924245464
Volkswagen Passat,2017,47521,20590,18311.052631578947,76,6,4-6,40-60k,-0.15038808924245464
Chevrolet Camaro,2020,30853,42900,26673.675324675325,77,3,2-4,20-40k,2.66282519067697
Volkswagen Passat,2015,95501,14590,18311.052631578947,76,8,6-8,80-100k,-0.9069671873830439
Toyota Corolla,2017,76607,16990,18560.486988847584,269,6,4-6,60-80k,-0.6043355481268082
Ford Fiesta,2017,51217,13990,14645.737704918032,61,6,4-6,40-60k,-0.9826250971971029
Ford Fusion,2015,99873,14990,18113.032,125,8,6-8,80-100k,-0.856528580840338
Nissan Pathfinder,2020,44884,27772,22727.11111111111,36,3,2-4,40-60k,0.7552370912318307
Nissan Kicks,2021,13713,21990,19809.626373626375,91,2,0-2,0-20k,0.026147033657016195
Ford Escape,2013,46718,18590,19376.448,125,10,8-10,40-60k,-0.4025811219559844
Buick Encore,2016,100482,15590,18820.149425287356,87,7,6-8,100-130k,-0.780870671026279
Lexus ES,2012,98295,16990,26148.61111111111,36,11,10-15,80-100k,-0.6043355481268082
Chevrolet Camaro,2014,41798,22590,26673.675324675325,77,9,8-10,40-60k,0.10180494347107512
Hyundai Sonata,2015,84829,15590,16759.738562091505,153,8,6-8,80-100k,-0.780870671026279
Lincoln MKC,2017,88857,20990,23724.125,24,6,4-6,80-100k,-0.09994948269974868
Honda Accord,2020,59914,27500,20338.34351145038,131,3,2-4,40-60k,0.7209388387827906
Buick Encore,2016,63083,16590,18820.149425287356,87,7,6-8,60-80k,-0.6547741546695142
Nissan Versa,2016,76884,13590,15995.263157894737,95,7,6-8,60-80k,-1.0330637037398087
Nissan Rogue,2014,43887,18990,20382.880165289258,242,9,8-10,40-60k,-0.35214251541327846
Hyundai Santa Fe,2017,46163,22590,23761.17391304348,46,6,4-6,40-60k,0.10180494347107512
BMW  Series,2011,85278,16590,25277.301587301587,126,12,10-15,80-100k,-0.6547741546695142
INFINITI QX,2020,50465,27250,26679.234375,64,3,2-4,40-60k,0.6894147096935994
Nissan Rogue,2016,72017,18590,20382.880165289258,242,7,6-8,60-80k,-0.4025811219559844
Ford Escape,2019,44820,22898,19376.448,125,4,2-4,40-60k,0.1406426705089587
Nissan Rogue,2014,40910,20990,20382.880165289258,242,9,8-10,40-60k,-0.09994948269974868
Hyundai Tucson,2017,95303,16990,20007.2,70,6,4-6,80-100k,-0.6043355481268082
Nissan Altima,2018,50180,18590,19293.97340425532,188,5,4-6,40-60k,-0.4025811219559844
Nissan Kicks,2020,44832,20244,19809.626373626375,91,3,2-4,40-60k,-0.1940174839018953
Buick Encore,2018,73261,17990,18820.149425287356,87,5,4-6,60-80k,-0.47823903177004334
Chevrolet Cruze,2012,90493,12990,15992.5,80,11,10-15,80-100k,-1.1087216135538678
Nissan Rogue,2021,42967,24598,20382.880165289258,242,2,0-2,40-60k,0.35500674831545903
Ford Explorer,2015,83708,20990,24112.425531914894,47,8,6-8,80-100k,-0.09994948269974868
Dodge Journey,2018,47652,18990,19075.328125,64,5,4-6,40-60k,-0.35214251541327846
Nissan Altima,2017,45249,21590,19293.97340425532,188,6,4-6,40-60k,-0.02429157288568976
Nissan Versa,2016,52035,14990,15995.263157894737,95,7,6-8,40-60k,-0.856528580840338
Chevrolet Equinox,2012,81720,14990,19319.105263157893,171,11,10-15,80-100k,-0.856528580840338
Hyundai Venue,2020,44657,18188,21417.8,20,3,2-4,40-60k,-0.4532719215314039
Toyota Corolla,2018,45930,18990,18560.486988847584,269,5,4-6,40-60k,-0.35214251541327846
Kia Forte,2017,72387,14990,17017.92156862745,102,6,4-6,60-80k,-0.856528580840338
Honda Fit,2017,27277,18990,17112.222222222223,54,6,4-6,20-40k,-0.35214251541327846
Chevrolet Equinox,2020,43584,21198,19319.105263157893,171,3,2-4,40-60k,-0.07372140729754159
Hyundai Santa Fe,2020,54825,22759,23761.17391304348,46,3,2-4,40-60k,0.12311525473536838
Buick Encore,2021,44999,19244,18820.149425287356,87,2,0-2,40-60k,-0.32011400025866016
Kia Sportage,2020,42216,22648,20804.091954022988,87,3,2-4,40-60k,0.10911854141976748
GMC Terrain,2015,84716,16990,21643.57627118644,59,8,6-8,80-100k,-0.6043355481268082
Honda CR-V,2014,70434,17990,21022.757009345794,107,9,8-10,60-80k,-0.47823903177004334
MINI Countryman,2012,65600,15990,19147.14285714286,42,11,10-15,60-80k,-0.7304320644835731
Chevrolet Impala,2012,62323,13990,20195.8,40,11,10-15,60-80k,-0.9826250971971029
MAZDA CX-,2014,98455,17990,23001.7,140,9,8-10,80-100k,-0.47823903177004334
Ford Escape,2020,47232,19998,19376.448,125,3,2-4,40-60k,-0.22503722692565944
Buick Encore,2019,45540,21590,18820.149425287356,87,4,2-4,40-60k,-0.02429157288568976
Kia Soul,2016,75009,14990,17106.064516129034,124,7,6-8,60-80k,-0.856528580840338
Nissan Altima,2021,36629,23990,19293.97340425532,188,2,0-2,20-40k,0.278340066370546
Subaru Impreza,2015,82030,17590,19643.23076923077,26,8,6-8,80-100k,-0.5286776383127493
Chevrolet Trailblazer,2021,44606,23488,24824.0,23,2,0-2,40-60k,0.21503961515945
Buick Verano,2017,22794,20990,16710.0,15,6,4-6,20-40k,-0.09994948269974868
Toyota Camry,2013,99822,17990,20721.41134751773,141,10,8-10,80-100k,-0.47823903177004334
Volkswagen Passat,2020,35027,24590,18311.052631578947,76,3,2-4,20-40k,0.3539979761846049
Nissan Rogue,2018,42967,20988,20382.880165289258,242,5,4-6,40-60k,-0.10020167573246222
MAZDA MAZDA,2012,85619,13990,17840.6338028169,142,11,10-15,80-100k,-0.9826250971971029
FIAT X,2016,77182,15590,17755.217391304348,23,7,6-8,60-80k,-0.780870671026279
MAZDA MX- Miata,2018,58190,23990,22241.28205128205,39,5,4-6,40-60k,0.278340066370546
Jeep Grand Cherokee,2016,96116,19590,23092.367346938776,49,7,6-8,80-100k,-0.2764846055992195
Ford Fusion,2013,60286,15590,18113.032,125,10,8-10,60-80k,-0.780870671026279
Nissan Altima,2021,40746,19688,19293.97340425532,188,2,0-2,40-60k,-0.26412714699625656
BMW  Series,2015,41148,22990,25277.301587301587,126,8,6-8,40-60k,0.15224355001378106
Honda Accord,2014,42935,20990,20338.34351145038,131,9,8-10,40-60k,-0.09994948269974868
Toyota Prius c,2014,56281,18590,17890.0,16,9,8-10,40-60k,-0.4025811219559844
Volkswagen Jetta SportWagen,2014,73567,17990,16603.333333333332,15,9,8-10,60-80k,-0.47823903177004334
Honda Pilot,2017,89822,22990,25763.433333333334,30,6,4-6,80-100k,0.15224355001378106
Honda Civic,2020,33244,21300,18925.32380952381,210,3,2-4,20-40k,-0.06085956262915158
Nissan Altima,2021,27886,23500,19293.97340425532,188,2,0-2,20-40k,0.21655277335573117
MINI Hardtop  Door,2019,11186,24590,20638.64864864865,37,4,2-4,0-20k,0.3539979761846049
Toyota Corolla,2020,70869,19298,18560.486988847584,269,3,2-4,60-80k,-0.3133047883753949
Ford Fiesta,2014,44489,13590,14645.737704918032,61,9,8-10,40-60k,-1.0330637037398087
MAZDA CX-,2016,81136,18990,23001.7,140,7,6-8,80-100k,-0.35214251541327846
Ford Edge,2016,63185,19590,20629.243243243243,74,7,6-8,60-80k,-0.2764846055992195
GMC Terrain,2015,93495,16990,21643.57627118644,59,8,6-8,80-100k,-0.6043355481268082
Toyota Corolla,2014,99278,14990,18560.486988847584,269,9,8-10,80-100k,-0.856528580840338
Hyundai Elantra,2017,28349,19590,17041.33846153846,195,6,4-6,20-40k,-0.2764846055992195
MAZDA MAZDA,2012,78144,13990,17840.6338028169,142,11,10-15,60-80k,-0.9826250971971029
Kia Soul,2012,51161,13990,17106.064516129034,124,11,10-15,40-60k,-0.9826250971971029
Nissan Altima,2021,40016,18898,19293.97340425532,188,2,0-2,40-60k,-0.3637433949181008
Chevrolet Blazer,2020,60769,24148,27322.36842105263,19,3,2-4,60-80k,0.2982633159549148
Kia Forte,2021,7821,21590,17017.92156862745,102,2,0-2,0-20k,-0.02429157288568976
Buick Encore GX,2021,38847,22555,23802.85714285714,14,2,0-2,20-40k,0.09739156539858836
smart fortwo,2012,27966,12990,13970.0,10,11,10-15,20-40k,-1.1087216135538678
Ford Fusion,2014,101866,13990,18113.032,125,9,8-10,100-130k,-0.9826250971971029
Ford Fusion,2020,50248,21990,18113.032,125,3,2-4,40-60k,0.026147033657016195
Ford Fiesta,2016,88707,12990,14645.737704918032,61,7,6-8,80-100k,-1.1087216135538678
Mercedes-Benz E-Class,2012,50421,20590,24882.30769230769,26,11,10-15,40-60k,-0.15038808924245464
Nissan Versa Note,2017,64216,14590,14502.5,16,6,4-6,60-80k,-0.9069671873830439
MAZDA MAZDA,2017,98372,16590,17840.6338028169,142,6,4-6,80-100k,-0.6547741546695142
Toyota Corolla,2012,75255,14990,18560.486988847584,269,11,10-15,60-80k,-0.856528580840338
Toyota Corolla iM,2017,66278,18590,20550.0,5,6,4-6,60-80k,-0.4025811219559844
Kia Rio,2022,84175,18590,16682.0,35,1,0-2,80-100k,-0.4025811219559844
Nissan Rogue Sport,2019,26693,22590,20399.048387096773,62,4,2-4,20-40k,0.10180494347107512
Chevrolet Spark,2021,1135,18990,15980.290909090909,55,2,0-2,0-20k,-0.35214251541327846
Hyundai Sonata,2013,87313,15590,16759.738562091505,153,10,8-10,80-100k,-0.780870671026279
Lexus RX,2011,71228,20990,27399.52380952381,21,12,10-15,60-80k,-0.09994948269974868
MINI Convertible,2017,57880,23590,21253.157894736843,19,6,4-6,40-60k,0.22790145982784
Toyota Highlander,2016,106811,22990,26813.875,24,7,6-8,100-130k,0.15224355001378106
Chevrolet Spark,2019,37189,15990,15980.290909090909,55,4,2-4,20-40k,-0.7304320644835731
Kia Soul,2013,69063,13590,17106.064516129034,124,10,8-10,60-80k,-1.0330637037398087
INFINITI G,2012,59373,20990,18252.5,16,11,10-15,40-60k,-0.09994948269974868
Hyundai Tucson,2015,61559,16590,20007.2,70,8,6-8,60-80k,-0.6547741546695142
Hyundai Tucson,2019,42812,24990,20007.2,70,4,2-4,40-60k,0.4044365827273108
Chevrolet Sonic,2017,71085,13990,14630.90909090909,44,6,4-6,60-80k,-0.9826250971971029
Kia Soul,2015,58355,16990,17106.064516129034,124,8,6-8,40-60k,-0.6043355481268082
MAZDA CX-,2016,32355,21590,23001.7,140,7,6-8,20-40k,-0.02429157288568976
Nissan Quest,2015,83847,16590,16390.0,3,8,6-8,80-100k,-0.6547741546695142
Hyundai Tucson,2019,23632,22990,20007.2,70,4,2-4,20-40k,0.15224355001378106
Toyota Corolla,2010,61419,13990,18560.486988847584,269,13,10-15,60-80k,-0.9826250971971029
Subaru Crosstrek,2019,27696,24990,24538.548387096773,31,4,2-4,20-40k,0.4044365827273108
Hyundai Elantra,2019,32722,19590,17041.33846153846,195,4,2-4,20-40k,-0.2764846055992195
Kia Forte,2018,100282,14590,17017.92156862745,102,5,4-6,100-130k,-0.9069671873830439
Nissan Rogue,2017,65017,17990,20382.880165289258,242,6,4-6,60-80k,-0.47823903177004334
Ford Escape,2019,64150,18590,19376.448,125,4,2-4,60-80k,-0.4025811219559844
Kia Optima,2015,97027,16990,17867.048076923078,104,8,6-8,80-100k,-0.6043355481268082
Ford Mustang,2018,47589,23990,25856.117647058825,102,5,4-6,40-60k,0.278340066370546
Nissan Rogue,2021,57713,22700,20382.880165289258,242,2,0-2,40-60k,0.11567556027031926
Hyundai Genesis,2013,19733,21590,21735.454545454544,11,10,8-10,0-20k,-0.02429157288568976
Honda CR-V,2014,98625,17590,21022.757009345794,107,9,8-10,80-100k,-0.5286776383127493
Chevrolet Volt,2013,87956,14590,18150.0,25,10,8-10,80-100k,-0.9069671873830439
MAZDA CX-,2020,51839,24590,23001.7,140,3,2-4,40-60k,0.3539979761846049
Chevrolet Traverse,2021,49480,29100,27964.304347826088,46,2,0-2,40-60k,0.9226932649536145
BMW X,2020,45208,41500,28257.918032786885,61,3,2-4,40-60k,2.486290067777499
Hyundai Accent,2022,8876,20990,15905.254237288136,59,1,0-2,0-20k,-0.09994948269974868
MAZDA MX- Miata,2017,29356,22990,22241.28205128205,39,6,4-6,20-40k,0.15224355001378106
Jeep Cherokee,2021,48651,25101,21467.63829787234,141,2,0-2,40-60k,0.41843329604291174
Volkswagen Passat,2013,45081,17590,18311.052631578947,76,10,8-10,40-60k,-0.5286776383127493
Subaru Impreza,2013,64159,15990,19643.23076923077,26,10,8-10,60-80k,-0.7304320644835731
Nissan Rogue,2017,61382,18990,20382.880165289258,242,6,4-6,60-80k,-0.35214251541327846
Hyundai Sonata,2013,95408,14590,16759.738562091505,153,10,8-10,80-100k,-0.9069671873830439
Honda Civic,2015,55849,16990,18925.32380952381,210,8,6-8,40-60k,-0.6043355481268082
Chevrolet Camaro,2017,36812,24990,26673.675324675325,77,6,4-6,20-40k,0.4044365827273108
Toyota RAV,2017,40710,24590,23160.708333333332,72,6,4-6,40-60k,0.3539979761846049
Nissan Murano,2016,100104,19990,23491.560606060608,66,7,6-8,100-130k,-0.22604599905651357
Honda CR-V,2019,50063,26450,21022.757009345794,107,4,2-4,40-60k,0.5885374966081875
smart fortwo,2015,29160,13990,13970.0,10,8,6-8,20-40k,-0.9826250971971029
Kia Soul,2021,34691,20590,17106.064516129034,124,2,0-2,20-40k,-0.15038808924245464
FIAT L,2017,47303,15990,16690.0,12,6,4-6,40-60k,-0.7304320644835731
Ford Focus,2016,24167,14990,14996.451612903225,93,7,6-8,20-40k,-0.856528580840338
Chevrolet Trax,2020,71269,16990,18076.951219512193,82,3,2-4,60-80k,-0.6043355481268082
Jeep Grand Cherokee,2011,61643,17990,23092.367346938776,49,12,10-15,60-80k,-0.47823903177004334
Scion iM,2016,96649,14990,16440.0,8,7,6-8,80-100k,-0.856528580840338
Ford Focus,2014,52789,13590,14996.451612903225,93,9,8-10,40-60k,-1.0330637037398087
Audi A,2014,53415,23990,24272.608695652172,46,9,8-10,40-60k,0.278340066370546
Volkswagen Tiguan,2015,37913,20590,20451.456140350878,57,8,6-8,20-40k,-0.15038808924245464
Honda Civic,2015,63499,16990,18925.32380952381,210,8,6-8,60-80k,-0.6043355481268082
Honda Civic,2010,59648,13990,18925.32380952381,210,13,10-15,40-60k,-0.9826250971971029
Chevrolet Impala,2019,100211,18990,20195.8,40,4,2-4,100-130k,-0.35214251541327846
Honda Fit,2015,82326,15990,17112.222222222223,54,8,6-8,80-100k,-0.7304320644835731
Ford Escape,2014,87196,14990,19376.448,125,9,8-10,80-100k,-0.856528580840338
Hyundai Sonata,2019,18562,24990,16759.738562091505,153,4,2-4,0-20k,0.4044365827273108
Ford Fusion,2014,47004,16590,18113.032,125,9,8-10,40-60k,-0.6547741546695142
Ford Escape,2014,103143,14590,19376.448,125,9,8-10,100-130k,-0.9069671873830439
Volvo V,2015,67942,22590,22390.0,3,8,6-8,60-80k,0.10180494347107512
Mitsubishi Outlander Sport,2017,67233,16990,18771.48148148148,54,6,4-6,60-80k,-0.6043355481268082
Ford EcoSport,2020,28685,18990,19908.256756756757,74,3,2-4,20-40k,-0.35214251541327846
Honda Civic,2018,57128,21990,18925.32380952381,210,5,4-6,40-60k,0.026147033657016195
Kia Rio,2017,59206,14590,16682.0,35,6,4-6,40-60k,-0.9069671873830439
Kia Soul,2020,31156,20990,17106.064516129034,124,3,2-4,20-40k,-0.09994948269974868
Nissan Versa,2018,56665,15990,15995.263157894737,95,5,4-6,40-60k,-0.7304320644835731
Hyundai Sonata,2019,11543,21990,16759.738562091505,153,4,2-4,0-20k,0.026147033657016195
Mitsubishi Outlander Sport,2019,23258,20590,18771.48148148148,54,4,2-4,20-40k,-0.15038808924245464
BMW  Series,2016,53160,21590,25277.301587301587,126,7,6-8,40-60k,-0.02429157288568976
Nissan Rogue,2021,41797,24684,20382.880165289258,242,2,0-2,40-60k,0.3658510487221408
Jeep Renegade,2016,52277,20590,20176.3661971831,71,7,6-8,40-60k,-0.15038808924245464
Subaru Outback,2016,49927,24590,25362.21153846154,52,7,6-8,40-60k,0.3539979761846049
Volkswagen Tiguan,2020,46434,23693,20451.456140350878,57,3,2-4,40-60k,0.2408894010125868
Nissan Rogue,2021,54891,23050,20382.880165289258,242,2,0-2,40-60k,0.15980934099518695
Kia Sorento,2014,68465,15990,21217.59405940594,101,9,8-10,60-80k,-0.7304320644835731
Scion iA,2016,96261,13990,14790.0,4,7,6-8,80-100k,-0.9826250971971029
Nissan Kicks,2020,50253,18200,19809.626373626375,91,3,2-4,40-60k,-0.4517587633351227
Volkswagen Beetle,2013,47491,21990,20275.0,40,10,8-10,40-60k,0.026147033657016195
Chevrolet Equinox,2021,35483,21675,19319.105263157893,171,2,0-2,20-40k,-0.013573368995364744
Buick Encore,2018,100121,17990,18820.149425287356,87,5,4-6,100-130k,-0.47823903177004334
Chevrolet Trax,2021,30717,20990,18076.951219512193,82,2,0-2,20-40k,-0.09994948269974868
Chevrolet Equinox,2019,41844,19545,19319.105263157893,171,4,2-4,40-60k,-0.2821589488352739
Kia Sportage,2020,14006,24990,20804.091954022988,87,3,2-4,0-20k,0.4044365827273108
Chevrolet Trailblazer,2021,42097,22975,24824.0,23,2,0-2,40-60k,0.1503521022684296
Nissan Kicks,2020,49330,21100,19809.626373626375,91,3,2-4,40-60k,-0.08607886590050455
Volkswagen Jetta,2013,64506,13990,17068.442477876106,113,10,8-10,60-80k,-0.9826250971971029
Mitsubishi Eclipse Cross,2018,50508,20590,21140.0,8,5,4-6,40-60k,-0.15038808924245464
Ford Fusion,2015,51609,17590,18113.032,125,8,6-8,40-60k,-0.5286776383127493
Volkswagen Passat,2019,16571,24590,18311.052631578947,76,4,2-4,0-20k,0.3539979761846049
Toyota Highlander,2015,96883,21990,26813.875,24,8,6-8,80-100k,0.026147033657016195
Honda Civic,2020,52814,23990,18925.32380952381,210,3,2-4,40-60k,0.278340066370546
Hyundai Accent,2016,81742,12990,15905.254237288136,59,7,6-8,80-100k,-1.1087216135538678
Nissan Rogue,2015,87692,16990,20382.880165289258,242,8,6-8,80-100k,-0.6043355481268082
Subaru Outback,2018,103163,19990,25362.21153846154,52,5,4-6,100-130k,-0.22604599905651357
Volkswagen Passat,2014,82990,14990,18311.052631578947,76,9,8-10,80-100k,-0.856528580840338
Ford Edge,2020,46690,21510,20629.243243243243,74,3,2-4,40-60k,-0.03437929419423095
BMW i,2014,20217,19990,20447.894736842107,38,9,8-10,20-40k,-0.22604599905651357
Chevrolet Equinox,2018,90816,19590,19319.105263157893,171,5,4-6,80-100k,-0.2764846055992195
Ford Fusion,2020,54315,20590,18113.032,125,3,2-4,40-60k,-0.15038808924245464
Chevrolet Trailblazer,2021,39154,24275,24824.0,23,2,0-2,20-40k,0.31427757353222396
Ford Transit Connect Passenger,2014,70431,19990,22856.666666666668,3,9,8-10,60-80k,-0.22604599905651357
Ford Flex,2018,73499,22990,23264.36,25,5,4-6,60-80k,0.15224355001378106
Chevrolet Equinox,2021,37527,22745,19319.105263157893,171,2,0-2,20-40k,0.12134990350637367
Kia Cadenza,2017,57757,21990,20765.0,8,6,4-6,40-60k,0.026147033657016195
Toyota Camry,2013,68407,16990,20721.41134751773,141,10,8-10,60-80k,-0.6043355481268082
Chevrolet Equinox,2013,29522,17990,19319.105263157893,171,10,8-10,20-40k,-0.47823903177004334
Acura MDX,2016,101227,21990,23334.444444444445,18,7,6-8,100-130k,0.026147033657016195
Chrysler,2016,101193,14990,20993.80612244898,98,7,6-8,100-130k,-0.856528580840338
Lincoln MKZ,2012,85411,14590,21467.777777777777,18,11,10-15,80-100k,-0.9069671873830439
Volkswagen e-Golf,2016,27063,19590,19099.090909090908,11,7,6-8,20-40k,-0.2764846055992195
Hyundai Elantra,2017,101110,15990,17041.33846153846,195,6,4-6,100-130k,-0.7304320644835731
Jeep Renegade,2018,69127,19590,20176.3661971831,71,5,4-6,60-80k,-0.2764846055992195
Jeep Renegade,2017,96921,19590,20176.3661971831,71,6,4-6,80-100k,-0.2764846055992195
Ford EcoSport,2020,11074,20590,19908.256756756757,74,3,2-4,0-20k,-0.15038808924245464
Chevrolet Malibu,2020,40100,20318,19288.927536231884,69,3,2-4,40-60k,-0.1846863416914947
Ford EcoSport,2018,14737,19990,19908.256756756757,74,5,4-6,0-20k,-0.22604599905651357
Cadillac SRX,2014,75131,20590,20345.555555555555,9,9,8-10,60-80k,-0.15038808924245464
MAZDA CX-,2021,47063,21190,23001.7,140,2,0-2,40-60k,-0.07473017942839572
Kia Optima,2020,61674,18990,17867.048076923078,104,3,2-4,60-80k,-0.35214251541327846
BMW  Series,2013,89463,17990,25277.301587301587,126,10,8-10,80-100k,-0.47823903177004334
Ford Fusion,2019,48636,21590,18113.032,125,4,2-4,40-60k,-0.02429157288568976
Nissan Altima,2021,42020,20831,19293.97340425532,188,2,0-2,40-60k,-0.1199988288004743
Nissan Kicks,2020,39932,20935,19809.626373626375,91,3,2-4,20-40k,-0.10688479109937075
Nissan Rogue,2016,32084,18990,20382.880165289258,242,7,6-8,20-40k,-0.35214251541327846
Kia Sportage,2013,58259,16990,20804.091954022988,87,10,8-10,40-60k,-0.6043355481268082
Lincoln MKZ,2014,103065,15990,21467.777777777777,18,9,8-10,100-130k,-0.7304320644835731
Volkswagen Golf,2019,22036,22590,17881.666666666668,24,4,2-4,20-40k,0.10180494347107512
Toyota Camry,2014,58920,16990,20721.41134751773,141,9,8-10,40-60k,-0.6043355481268082
Jeep Renegade,2018,84915,18990,20176.3661971831,71,5,4-6,80-100k,-0.35214251541327846
Nissan Rogue,2016,69281,17990,20382.880165289258,242,7,6-8,60-80k,-0.47823903177004334
Hyundai Santa Fe Sport,2015,67048,16990,18512.222222222223,36,8,6-8,60-80k,-0.6043355481268082
Honda Accord,2010,88930,13990,20338.34351145038,131,13,10-15,80-100k,-0.9826250971971029
Nissan Altima,2020,51759,20300,19293.97340425532,188,3,2-4,40-60k,-0.18695607898591646
Nissan Altima,2017,87429,15990,19293.97340425532,188,6,4-6,80-100k,-0.7304320644835731
FIAT  Spider,2017,40100,20990,24176.666666666668,15,6,4-6,40-60k,-0.09994948269974868
Nissan Rogue,2019,62717,19590,20382.880165289258,242,4,2-4,60-80k,-0.2764846055992195
Jeep Compass,2018,81261,19590,20590.543103448275,116,5,4-6,80-100k,-0.2764846055992195
Mitsubishi Lancer,2017,51606,16990,16990.0,1,6,4-6,40-60k,-0.6043355481268082
Ford Escape,2018,42040,19500,19376.448,125,5,4-6,40-60k,-0.28783329207132835
BMW  Series,2016,66669,23990,25277.301587301587,126,7,6-8,60-80k,0.278340066370546
Kia Soul,2021,52299,18600,17106.064516129034,124,2,0-2,40-60k,-0.4013201567924167
Kia Soul,2017,98763,13990,17106.064516129034,124,6,4-6,80-100k,-0.9826250971971029
Toyota Corolla,2020,76551,18990,18560.486988847584,269,3,2-4,60-80k,-0.35214251541327846
Mercedes-Benz SLK-Class,2009,66114,18990,23634.444444444445,9,14,10-15,60-80k,-0.35214251541327846
Hyundai Genesis,2015,71152,22590,21735.454545454544,11,8,6-8,60-80k,0.10180494347107512
Nissan Rogue,2020,47107,21500,20382.880165289258,242,3,2-4,40-60k,-0.0356402593577986
Toyota Prius c,2012,91612,15590,17890.0,16,11,10-15,80-100k,-0.780870671026279
Nissan Altima,2022,25123,24500,19293.97340425532,188,1,0-2,20-40k,0.34264928971249603
Toyota Avalon,2013,54712,19990,23526.363636363636,22,10,8-10,40-60k,-0.22604599905651357
Toyota Corolla,2014,73407,15990,18560.486988847584,269,9,8-10,60-80k,-0.7304320644835731
Nissan Versa,2018,83194,13990,15995.263157894737,95,5,4-6,80-100k,-0.9826250971971029
Ford Explorer,2016,71394,22990,24112.425531914894,47,7,6-8,60-80k,0.15224355001378106
Nissan Rogue Sport,2017,26518,20590,20399.048387096773,62,6,4-6,20-40k,-0.15038808924245464
Hyundai Veracruz,2012,42627,19990,19990.0,1,11,10-15,40-60k,-0.22604599905651357
Kia Soul,2014,36698,15990,17106.064516129034,124,9,8-10,20-40k,-0.7304320644835731
Nissan Altima,2015,49939,15990,19293.97340425532,188,8,6-8,40-60k,-0.7304320644835731
MAZDA MAZDA,2013,54219,14590,17840.6338028169,142,10,8-10,40-60k,-0.9069671873830439
Honda CR-V,2011,30278,18990,21022.757009345794,107,12,10-15,20-40k,-0.35214251541327846
Ford Explorer,2014,67951,19990,24112.425531914894,47,9,8-10,60-80k,-0.22604599905651357
Toyota Avalon,2014,68825,19590,23526.363636363636,22,9,8-10,60-80k,-0.2764846055992195
Chevrolet Impala,2015,102288,19990,20195.8,40,8,6-8,100-130k,-0.22604599905651357
INFINITI QX,2017,77430,20990,26679.234375,64,6,4-6,60-80k,-0.09994948269974868
Ford Transit Connect Passenger,2014,26452,23590,22856.666666666668,3,9,8-10,20-40k,0.22790145982784
Ford EcoSport,2019,21944,21590,19908.256756756757,74,4,2-4,20-40k,-0.02429157288568976
Jeep Grand Cherokee,2016,79376,21990,23092.367346938776,49,7,6-8,60-80k,0.026147033657016195
Hyundai Elantra,2013,98022,12990,17041.33846153846,195,10,8-10,80-100k,-1.1087216135538678
GMC Acadia,2014,79476,21590,26526.174603174604,63,9,8-10,60-80k,-0.02429157288568976
Kia Soul,2021,11843,22590,17106.064516129034,124,2,0-2,0-20k,0.10180494347107512
Toyota Prius c,2016,29548,22590,17890.0,16,7,6-8,20-40k,0.10180494347107512
Jeep Grand Cherokee,2014,104944,20590,23092.367346938776,49,9,8-10,100-130k,-0.15038808924245464
Lexus CT,2012,72006,20590,19990.0,8,11,10-15,60-80k,-0.15038808924245464
Toyota Camry,2019,96810,20590,20721.41134751773,141,4,2-4,80-100k,-0.15038808924245464
Chrysler,2018,104669,19990,20993.80612244898,98,5,4-6,100-130k,-0.22604599905651357
Hyundai Elantra,2013,70188,13990,17041.33846153846,195,10,8-10,60-80k,-0.9826250971971029
Chevrolet Camaro,2016,67159,21990,26673.675324675325,77,7,6-8,60-80k,0.026147033657016195
Kia Optima,2016,61410,16990,17867.048076923078,104,7,6-8,60-80k,-0.6043355481268082
Chrysler,2016,38383,24990,20993.80612244898,98,7,6-8,20-40k,0.4044365827273108
Jeep Renegade,2015,59848,18990,20176.3661971831,71,8,6-8,40-60k,-0.35214251541327846
Nissan Versa,2018,53475,14990,15995.263157894737,95,5,4-6,40-60k,-0.856528580840338
MINI Convertible,2011,23686,17990,21253.157894736843,19,12,10-15,20-40k,-0.47823903177004334
Chevrolet Malibu,2015,83985,15990,19288.927536231884,69,8,6-8,80-100k,-0.7304320644835731
Nissan Rogue,2018,51790,18500,20382.880165289258,242,5,4-6,40-60k,-0.41392980842809324
Hyundai Santa Fe,2017,92680,22990,23761.17391304348,46,6,4-6,80-100k,0.15224355001378106
Hyundai Sonata,2013,68537,14590,16759.738562091505,153,10,8-10,60-80k,-0.9069671873830439
Hyundai Santa Fe Sport,2018,40862,20590,18512.222222222223,36,5,4-6,40-60k,-0.15038808924245464
Kia Forte,2017,48040,15590,17017.92156862745,102,6,4-6,40-60k,-0.780870671026279
Subaru Impreza,2019,40909,22990,19643.23076923077,26,4,2-4,40-60k,0.15224355001378106
Toyota Corolla,2009,95498,12990,18560.486988847584,269,14,10-15,80-100k,-1.1087216135538678
Jeep Compass,2018,29391,24990,20590.543103448275,116,5,4-6,20-40k,0.4044365827273108
MAZDA MX- Miata,2016,12110,23590,22241.28205128205,39,7,6-8,0-20k,0.22790145982784
Chevrolet Impala,2020,51191,23900,20195.8,40,3,2-4,40-60k,0.26699137989843713
Nissan Rogue,2019,47904,18900,20382.880165289258,242,4,2-4,40-60k,-0.3634912018853873
Ford Escape,2013,94400,14990,19376.448,125,10,8-10,80-100k,-0.856528580840338
Nissan Versa,2018,54061,14590,15995.263157894737,95,5,4-6,40-60k,-0.9069671873830439
Nissan Rogue,2015,86434,15990,20382.880165289258,242,8,6-8,80-100k,-0.7304320644835731
Ford Escape,2018,47421,17300,19376.448,125,5,4-6,40-60k,-0.5652456280562111
Volkswagen Tiguan,2014,24586,19590,20451.456140350878,57,9,8-10,20-40k,-0.2764846055992195
Subaru Impreza,2019,19785,22990,19643.23076923077,26,4,2-4,0-20k,0.15224355001378106
Subaru Forester,2014,87134,16990,20446.25,32,9,8-10,80-100k,-0.6043355481268082
Hyundai Elantra,2013,98572,12990,17041.33846153846,195,10,8-10,80-100k,-1.1087216135538678
Nissan Rogue,2021,45900,22500,20382.880165289258,242,2,0-2,40-60k,0.09045625699896628
Nissan Rogue,2019,47562,21990,20382.880165289258,242,4,2-4,40-60k,0.026147033657016195
Nissan Pathfinder,2019,47398,23990,22727.11111111111,36,4,2-4,40-60k,0.278340066370546
Chevrolet Cruze,2018,35202,18590,15992.5,80,5,4-6,20-40k,-0.4025811219559844
Jeep Compass,2018,71089,19590,20590.543103448275,116,5,4-6,60-80k,-0.2764846055992195
Nissan Sentra,2015,52337,13990,17151.21551724138,116,8,6-8,40-60k,-0.9826250971971029
Volvo S,2012,56780,15990,22542.380952380954,21,11,10-15,40-60k,-0.7304320644835731
INFINITI QX,2014,70937,20990,26679.234375,64,9,8-10,60-80k,-0.09994948269974868
GMC Acadia,2016,54134,21590,26526.174603174604,63,7,6-8,40-60k,-0.02429157288568976
Nissan Rogue,2015,94455,16990,20382.880165289258,242,8,6-8,80-100k,-0.6043355481268082
Ford Fusion,2016,93994,15990,18113.032,125,7,6-8,80-100k,-0.7304320644835731
Chevrolet Equinox,2020,56821,19600,19319.105263157893,171,3,2-4,40-60k,-0.2752236404356519
Hyundai Elantra,2015,67357,13990,17041.33846153846,195,8,6-8,60-80k,-0.9826250971971029
Honda Civic,2012,85297,13990,18925.32380952381,210,11,10-15,80-100k,-0.9826250971971029
Toyota Corolla,2018,55517,17990,18560.486988847584,269,5,4-6,40-60k,-0.47823903177004334
Volkswagen Jetta,2019,25284,19990,17068.442477876106,113,4,2-4,20-40k,-0.22604599905651357
Nissan Altima,2021,42665,21500,19293.97340425532,188,2,0-2,40-60k,-0.0356402593577986
Nissan Sentra,2020,33230,20990,17151.21551724138,116,3,2-4,20-40k,-0.09994948269974868
Chevrolet Trax,2017,58678,17590,18076.951219512193,82,6,4-6,40-60k,-0.5286776383127493
Chevrolet Spark EV,2015,47795,15590,15332.857142857143,14,8,6-8,40-60k,-0.780870671026279
Ford EcoSport,2020,45418,20300,19908.256756756757,74,3,2-4,40-60k,-0.18695607898591646
Chevrolet Camaro,2013,28645,22990,26673.675324675325,77,10,8-10,20-40k,0.15224355001378106
MINI Hardtop,2012,40237,21590,16547.14285714286,14,11,10-15,40-60k,-0.02429157288568976
Nissan Rogue,2017,104341,15590,20382.880165289258,242,6,4-6,100-130k,-0.780870671026279
Volkswagen Tiguan,2017,60941,18590,20451.456140350878,57,6,4-6,60-80k,-0.4025811219559844
Nissan Altima,2021,42838,21700,19293.97340425532,188,2,0-2,40-60k,-0.010420956086445622
Jeep Grand Cherokee,2017,80261,21990,23092.367346938776,49,6,4-6,80-100k,0.026147033657016195
Jeep Cherokee,2019,25122,24990,21467.63829787234,141,4,2-4,20-40k,0.4044365827273108
Ford Edge,2019,49895,22600,20629.243243243243,74,4,2-4,40-60k,0.10306590863464277
Jeep Renegade,2020,24534,23590,20176.3661971831,71,3,2-4,20-40k,0.22790145982784
Hyundai Veloster,2013,51086,15990,17090.3125,32,10,8-10,40-60k,-0.7304320644835731
GMC Acadia,2019,49977,24990,26526.174603174604,63,4,2-4,40-60k,0.4044365827273108
Ford Escape,2016,90158,14990,19376.448,125,7,6-8,80-100k,-0.856528580840338
MINI Hardtop  Door,2015,55179,16590,20638.64864864865,37,8,6-8,40-60k,-0.6547741546695142
Lexus ES,2016,85819,24990,26148.61111111111,36,7,6-8,80-100k,0.4044365827273108
Kia Sportage,2021,34025,21990,20804.091954022988,87,2,0-2,20-40k,0.026147033657016195
Kia Sorento,2014,82723,15590,21217.59405940594,101,9,8-10,80-100k,-0.780870671026279
Jeep Renegade,2018,39275,20590,20176.3661971831,71,5,4-6,20-40k,-0.15038808924245464
Nissan Altima,2021,41955,22200,19293.97340425532,188,2,0-2,40-60k,0.05262730209193682
Nissan Altima,2021,47948,21800,19293.97340425532,188,2,0-2,40-60k,0.002188695549230866
Hyundai Sonata,2013,48041,14990,16759.738562091505,153,10,8-10,40-60k,-0.856528580840338
Volkswagen Tiguan,2020,53841,23590,20451.456140350878,57,3,2-4,40-60k,0.22790145982784
Nissan Rogue,2016,66678,17990,20382.880165289258,242,7,6-8,60-80k,-0.47823903177004334
Kia Forte,2016,66838,14590,17017.92156862745,102,7,6-8,60-80k,-0.9069671873830439
Acura TL,2012,67115,18590,17412.222222222223,9,11,10-15,60-80k,-0.4025811219559844
Nissan Altima,2021,42315,19700,19293.97340425532,188,2,0-2,40-60k,-0.2626139887999754
Kia Soul,2016,5622,18590,17106.064516129034,124,7,6-8,0-20k,-0.4025811219559844
Honda Civic,2019,24844,22990,18925.32380952381,210,4,2-4,20-40k,0.15224355001378106
Buick Encore,2019,31030,20590,18820.149425287356,87,4,2-4,20-40k,-0.15038808924245464
Kia Forte,2015,93873,14590,17017.92156862745,102,8,6-8,80-100k,-0.9069671873830439
Chevrolet Trax,2017,42951,17590,18076.951219512193,82,6,4-6,40-60k,-0.5286776383127493
Honda Civic,2017,31752,22590,18925.32380952381,210,6,4-6,20-40k,0.10180494347107512
Hyundai Sonata,2017,66699,16990,16759.738562091505,153,6,4-6,60-80k,-0.6043355481268082
Hyundai Tucson,2017,31517,19990,20007.2,70,6,4-6,20-40k,-0.22604599905651357
MAZDA CX-,2016,73342,18590,23001.7,140,7,6-8,60-80k,-0.4025811219559844
Buick Regal,2016,90330,15590,18630.0,10,7,6-8,80-100k,-0.780870671026279
Kia Optima,2016,61780,16590,17867.048076923078,104,7,6-8,60-80k,-0.6547741546695142
Toyota Camry,2018,45687,21990,20721.41134751773,141,5,4-6,40-60k,0.026147033657016195
Hyundai Elantra,2017,60486,15990,17041.33846153846,195,6,4-6,60-80k,-0.7304320644835731
Acura TSX,2013,87766,16990,15950.0,10,10,8-10,80-100k,-0.6043355481268082
MINI Convertible,2014,97575,16590,21253.157894736843,19,9,8-10,80-100k,-0.6547741546695142
Scion tC,2012,64360,16590,17480.909090909092,11,11,10-15,60-80k,-0.6547741546695142
BMW  Series,2014,75014,21990,25277.301587301587,126,9,8-10,60-80k,0.026147033657016195
Subaru Impreza,2012,72326,14990,19643.23076923077,26,11,10-15,60-80k,-0.856528580840338
Nissan Rogue,2015,60638,19990,20382.880165289258,242,8,6-8,60-80k,-0.22604599905651357
BMW  Series,2017,51233,23990,25277.301587301587,126,6,4-6,40-60k,0.278340066370546
Hyundai Accent,2021,32426,17990,15905.254237288136,59,2,0-2,20-40k,-0.47823903177004334
Nissan Sentra,2021,21492,23590,17151.21551724138,116,2,0-2,20-40k,0.22790145982784
INFINITI QX,2020,35357,31034,26679.234375,64,3,2-4,20-40k,1.1665639275875979
Honda Civic,2017,75875,21590,18925.32380952381,210,6,4-6,60-80k,-0.02429157288568976
Chevrolet Traverse,2021,41511,28631,27964.304347826088,46,2,0-2,40-60k,0.8635539987822918
Ford Explorer,2019,51704,25150,24112.425531914894,47,4,2-4,40-60k,0.42461202534439324
Chevrolet Traverse,2021,36155,34898,27964.304347826088,46,2,0-2,20-40k,1.6538008667901374
Kia Sorento,2015,68912,17990,21217.59405940594,101,8,6-8,60-80k,-0.47823903177004334
Hyundai Elantra,2016,65168,15990,17041.33846153846,195,7,6-8,60-80k,-0.7304320644835731
Volkswagen Passat,2015,83829,14990,18311.052631578947,76,8,6-8,80-100k,-0.856528580840338
INFINITI QX,2015,69959,21990,26679.234375,64,8,6-8,60-80k,0.026147033657016195
Hyundai Tucson,2018,74661,19590,20007.2,70,5,4-6,60-80k,-0.2764846055992195
Nissan Murano,2015,70157,22590,23491.560606060608,66,8,6-8,60-80k,0.10180494347107512
Volvo S,2015,69279,17990,22542.380952380954,21,8,6-8,60-80k,-0.47823903177004334
Toyota RAV,2013,89215,18990,23160.708333333332,72,10,8-10,80-100k,-0.35214251541327846
Nissan Rogue,2015,67741,16990,20382.880165289258,242,8,6-8,60-80k,-0.6043355481268082
Toyota Yaris,2017,100807,15590,16685.238095238095,21,6,4-6,100-130k,-0.780870671026279
MAZDA MAZDA,2012,76102,14990,17840.6338028169,142,11,10-15,60-80k,-0.856528580840338
Kia Forte,2022,14899,22990,17017.92156862745,102,1,0-2,0-20k,0.15224355001378106
Chevrolet Equinox,2015,75486,16990,19319.105263157893,171,8,6-8,60-80k,-0.6043355481268082
Ford Mustang,2009,45621,21590,25856.117647058825,102,14,10-15,40-60k,-0.02429157288568976
Ford Explorer,2014,76566,18990,24112.425531914894,47,9,8-10,60-80k,-0.35214251541327846
Honda Civic,2019,38257,21990,18925.32380952381,210,4,2-4,20-40k,0.026147033657016195
Hyundai Tucson,2016,71268,17990,20007.2,70,7,6-8,60-80k,-0.47823903177004334
Kia Optima,2012,55614,14990,17867.048076923078,104,11,10-15,40-60k,-0.856528580840338
Hyundai Accent,2022,4638,20990,15905.254237288136,59,1,0-2,0-20k,-0.09994948269974868
Buick Verano,2014,92112,13990,16710.0,15,9,8-10,80-100k,-0.9826250971971029
Kia Niro,2017,34056,24990,23530.0,10,6,4-6,20-40k,0.4044365827273108
Honda Fit,2019,23347,20590,17112.222222222223,54,4,2-4,20-40k,-0.15038808924245464
Chevrolet Malibu,2014,80444,14990,19288.927536231884,69,9,8-10,80-100k,-0.856528580840338
Hyundai Venue,2020,25557,20590,21417.8,20,3,2-4,20-40k,-0.15038808924245464
Honda Fit,2015,68545,16590,17112.222222222223,54,8,6-8,60-80k,-0.6547741546695142
Dodge Journey,2019,55655,20590,19075.328125,64,4,2-4,40-60k,-0.15038808924245464
Pontiac Solstice,2009,6613,20990,20290.0,2,14,10-15,0-20k,-0.09994948269974868
Chevrolet Blazer,2020,54824,26600,27322.36842105263,19,3,2-4,40-60k,0.6074519740617023
Lincoln MKC,2018,51809,26200,23724.125,24,5,4-6,40-60k,0.5570133675189963
Chevrolet Trailblazer,2021,28624,25050,24824.0,23,2,0-2,20-40k,0.41200237370871673
Jeep Compass,2018,68930,20990,20590.543103448275,116,5,4-6,60-80k,-0.09994948269974868
FIAT,2013,44156,15590,14531.935483870968,31,10,8-10,40-60k,-0.780870671026279
Chevrolet Blazer,2020,50743,27100,27322.36842105263,19,3,2-4,40-60k,0.6705002322400847
Hyundai Sonata,2011,73536,13990,16759.738562091505,153,12,10-15,60-80k,-0.9826250971971029
Nissan Rogue,2014,48483,18590,20382.880165289258,242,9,8-10,40-60k,-0.4025811219559844
Chrysler,2012,69767,12990,20993.80612244898,98,11,10-15,60-80k,-1.1087216135538678
Nissan Versa Note,2018,71489,14590,14502.5,16,5,4-6,60-80k,-0.9069671873830439
Ford Focus,2014,52530,13990,14996.451612903225,93,9,8-10,40-60k,-0.9826250971971029
Chevrolet Camaro,2011,67497,19590,26673.675324675325,77,12,10-15,60-80k,-0.2764846055992195
Jeep Cherokee,2016,99399,16590,21467.63829787234,141,7,6-8,80-100k,-0.6547741546695142
Chevrolet Sonic,2016,80682,12990,14630.90909090909,44,7,6-8,80-100k,-1.1087216135538678
Volvo XC,2016,95371,24990,27782.0,25,7,6-8,80-100k,0.4044365827273108
FIAT,2012,86464,13990,14531.935483870968,31,11,10-15,80-100k,-0.9826250971971029
Jeep Compass,2014,99580,13990,20590.543103448275,116,9,8-10,80-100k,-0.9826250971971029
Chevrolet Trax,2020,10874,21990,18076.951219512193,82,3,2-4,0-20k,0.026147033657016195
Ford Focus,2014,59240,14990,14996.451612903225,93,9,8-10,40-60k,-0.856528580840338
Ford Fusion,2016,26436,17990,18113.032,125,7,6-8,20-40k,-0.47823903177004334
Kia Sorento,2015,100706,15590,21217.59405940594,101,8,6-8,100-130k,-0.780870671026279
Nissan Versa,2021,21430,19590,15995.263157894737,95,2,0-2,20-40k,-0.2764846055992195
Audi A,2016,49208,23990,24272.608695652172,46,7,6-8,40-60k,0.278340066370546
Hyundai Veloster,2020,13139,22590,17090.3125,32,3,2-4,0-20k,0.10180494347107512
Kia Forte,2014,72242,14590,17017.92156862745,102,9,8-10,60-80k,-0.9069671873830439
Nissan Kicks,2018,39768,18851,19809.626373626375,91,5,4-6,20-40k,-0.36966993118686875
Nissan Kicks,2021,42338,18351,19809.626373626375,91,2,0-2,40-60k,-0.4327181893652512
Nissan Versa,2021,40459,16051,15995.263157894737,95,2,0-2,40-60k,-0.7227401769858104
Hyundai Elantra,2021,42704,19951,17041.33846153846,195,2,0-2,40-60k,-0.2309637631944274
Chevrolet Equinox,2021,39996,21251,19319.105263157893,171,2,0-2,20-40k,-0.06703829193063306
Subaru Crosstrek,2016,103181,18990,24538.548387096773,31,7,6-8,100-130k,-0.35214251541327846
Ford Escape,2020,22703,24990,19376.448,125,3,2-4,20-40k,0.4044365827273108
Nissan Rogue Sport,2017,81989,16590,20399.048387096773,62,6,4-6,80-100k,-0.6547741546695142
Ford Focus,2018,39944,16590,14996.451612903225,93,5,4-6,20-40k,-0.6547741546695142
Nissan Rogue,2021,42814,24351,20382.880165289258,242,2,0-2,40-60k,0.3238609087753381
Hyundai Santa Fe,2020,42378,22633,23761.17391304348,46,3,2-4,40-60k,0.10722709367441602
Ford EcoSport,2021,4456,22590,19908.256756756757,74,2,0-2,0-20k,0.10180494347107512
Ford Escape,2020,37221,22651,19376.448,125,3,2-4,20-40k,0.10949683096883778
Chevrolet Cruze,2019,23067,21990,15992.5,80,4,2-4,20-40k,0.026147033657016195
Kia Rio,2017,62740,13990,16682.0,35,6,4-6,60-80k,-0.9826250971971029
Nissan Rogue Sport,2021,32092,20351,20399.048387096773,62,2,0-2,20-40k,-0.18052515665172145
Toyota Camry,2010,78322,16590,20721.41134751773,141,13,10-15,60-80k,-0.6547741546695142
Chevrolet Equinox,2019,47620,20751,19319.105263157893,171,4,2-4,40-60k,-0.1300865501090155
INFINITI G,2013,37145,21990,18252.5,16,10,8-10,20-40k,0.026147033657016195
Chevrolet Trax,2015,35717,16990,18076.951219512193,82,8,6-8,20-40k,-0.6043355481268082
Nissan Rogue,2020,43070,24651,20382.880165289258,242,3,2-4,40-60k,0.36168986368236755
Volkswagen Beetle,2013,50005,18990,20275.0,40,10,8-10,40-60k,-0.35214251541327846
Chrysler,2017,19888,20590,20993.80612244898,98,6,4-6,0-20k,-0.15038808924245464
FIAT X,2016,79691,14990,17755.217391304348,23,7,6-8,60-80k,-0.856528580840338
Chevrolet Trailblazer,2021,40213,24351,24824.0,23,2,0-2,40-60k,0.3238609087753381
Volkswagen Tiguan,2012,97813,14590,20451.456140350878,57,11,10-15,80-100k,-0.9069671873830439
Kia Soul,2018,55801,16990,17106.064516129034,124,5,4-6,40-60k,-0.6043355481268082
Volkswagen e-Golf,2015,24645,19990,19099.090909090908,11,8,6-8,20-40k,-0.22604599905651357
Chevrolet Malibu,2015,42229,16590,19288.927536231884,69,8,6-8,40-60k,-0.6547741546695142
Toyota Highlander,2015,103570,21990,26813.875,24,8,6-8,100-130k,0.026147033657016195
Nissan LEAF,2016,35615,15590,19142.63157894737,38,7,6-8,20-40k,-0.780870671026279
Kia Forte,2017,76415,13990,17017.92156862745,102,6,4-6,60-80k,-0.9826250971971029
Nissan Versa Note,2016,60867,13590,14502.5,16,7,6-8,60-80k,-1.0330637037398087
Volkswagen Tiguan,2017,50696,18990,20451.456140350878,57,6,4-6,40-60k,-0.35214251541327846
Ford EcoSport,2021,7025,20990,19908.256756756757,74,2,0-2,0-20k,-0.09994948269974868
Buick Encore,2017,61160,18590,18820.149425287356,87,6,4-6,60-80k,-0.4025811219559844
Lexus ES,2014,51542,22990,26148.61111111111,36,9,8-10,40-60k,0.15224355001378106
Jeep Compass,2018,40316,22990,20590.543103448275,116,5,4-6,40-60k,0.15224355001378106
Hyundai Elantra,2017,96533,13990,17041.33846153846,195,6,4-6,80-100k,-0.9826250971971029
Ford Focus,2016,64730,13990,14996.451612903225,93,7,6-8,60-80k,-0.9826250971971029
MAZDA MAZDA,2018,81583,19990,17840.6338028169,142,5,4-6,80-100k,-0.22604599905651357
Honda Accord,2017,102792,17590,20338.34351145038,131,6,4-6,100-130k,-0.5286776383127493
Toyota Sienna,2015,99194,19990,31905.78947368421,38,8,6-8,80-100k,-0.22604599905651357
Honda Accord,2012,99309,14990,20338.34351145038,131,11,10-15,80-100k,-0.856528580840338
Honda Civic,2020,33912,23590,18925.32380952381,210,3,2-4,20-40k,0.22790145982784
Hyundai Accent,2017,65682,13990,15905.254237288136,59,6,4-6,60-80k,-0.9826250971971029
Jeep Compass,2019,44502,22990,20590.543103448275,116,4,2-4,40-60k,0.15224355001378106
Chevrolet Equinox,2021,36986,21551,19319.105263157893,171,2,0-2,20-40k,-0.02920933702360359
Scion iQ,2013,74567,12990,12790.0,2,10,8-10,60-80k,-1.1087216135538678
Nissan Altima,2020,54283,21990,19293.97340425532,188,3,2-4,40-60k,0.026147033657016195
Ford Escape,2018,59261,17951,19376.448,125,5,4-6,40-60k,-0.4831567959079572
Buick Lucerne,2011,40039,15990,15990.0,1,12,10-15,40-60k,-0.7304320644835731
Hyundai Accent,2015,101099,12590,15905.254237288136,59,8,6-8,100-130k,-1.1591602200965736
Nissan Sentra,2021,18043,24590,17151.21551724138,116,2,0-2,0-20k,0.3539979761846049
Chevrolet Traverse,2016,72752,22990,27964.304347826088,46,7,6-8,60-80k,0.15224355001378106
Buick LaCrosse,2013,55320,16590,18705.78947368421,19,10,8-10,40-60k,-0.6547741546695142
Dodge Grand Caravan Passenger,2014,25282,19990,18365.342465753423,73,9,8-10,20-40k,-0.22604599905651357
Chevrolet Malibu,2020,78190,19990,19288.927536231884,69,3,2-4,60-80k,-0.22604599905651357
Ford Fiesta,2019,43107,15590,14645.737704918032,61,4,2-4,40-60k,-0.780870671026279
Volkswagen Golf GTI,2015,42017,22990,23106.129032258064,31,8,6-8,40-60k,0.15224355001378106
Ford Fusion,2018,51120,18990,18113.032,125,5,4-6,40-60k,-0.35214251541327846
GMC Acadia,2017,78588,23590,26526.174603174604,63,6,4-6,60-80k,0.22790145982784
Toyota Corolla,2012,89018,13990,18560.486988847584,269,11,10-15,80-100k,-0.9826250971971029
Hyundai Elantra,2013,31528,14990,17041.33846153846,195,10,8-10,20-40k,-0.856528580840338
Nissan Altima,2021,39466,19351,19293.97340425532,188,2,0-2,20-40k,-0.3066216730084863
MINI Clubman,2017,64765,22590,20763.333333333332,15,6,4-6,60-80k,0.10180494347107512
Toyota Camry,2019,53419,21990,20721.41134751773,141,4,2-4,40-60k,0.026147033657016195
Mitsubishi Mirage G,2020,9294,16990,16790.0,16,3,2-4,0-20k,-0.6043355481268082
Hyundai Sonata,2012,24066,17990,16759.738562091505,153,11,10-15,20-40k,-0.47823903177004334
Chevrolet Equinox,2015,62153,16990,19319.105263157893,171,8,6-8,60-80k,-0.6043355481268082
Ford Escape,2014,41774,16990,19376.448,125,9,8-10,40-60k,-0.6043355481268082
Scion tC,2013,72359,15990,17480.909090909092,11,10,8-10,60-80k,-0.7304320644835731
Chevrolet Equinox,2021,47142,20551,19319.105263157893,171,2,0-2,40-60k,-0.15530585338036848
MAZDA MAZDA,2017,50922,18590,17840.6338028169,142,6,4-6,40-60k,-0.4025811219559844
Dodge Grand Caravan Passenger,2016,89078,15590,18365.342465753423,73,7,6-8,80-100k,-0.780870671026279
Nissan Altima,2015,72379,14990,19293.97340425532,188,8,6-8,60-80k,-0.856528580840338
Honda CR-V,2013,91357,16990,21022.757009345794,107,10,8-10,80-100k,-0.6043355481268082
MAZDA MAZDA,2016,71585,16590,17840.6338028169,142,7,6-8,60-80k,-0.6547741546695142
Hyundai Sonata,2016,57702,16990,16759.738562091505,153,7,6-8,40-60k,-0.6043355481268082
Ford Mustang,2017,30739,24990,25856.117647058825,102,6,4-6,20-40k,0.4044365827273108
Nissan Altima,2021,43771,18851,19293.97340425532,188,2,0-2,40-60k,-0.36966993118686875
Acura ILX,2014,92399,15990,19567.777777777777,9,9,8-10,80-100k,-0.7304320644835731
Kia Forte,2017,43686,17590,17017.92156862745,102,6,4-6,40-60k,-0.5286776383127493
Honda CR-V,2019,77042,22590,21022.757009345794,107,4,2-4,60-80k,0.10180494347107512
Volkswagen Golf,2015,68026,16590,17881.666666666668,24,8,6-8,60-80k,-0.6547741546695142
Toyota Corolla,2021,48964,19451,18560.486988847584,269,2,0-2,40-60k,-0.29401202137280985
Hyundai Tucson,2012,85742,15590,20007.2,70,11,10-15,80-100k,-0.780870671026279
Hyundai Venue,2021,8178,23990,21417.8,20,2,0-2,0-20k,0.278340066370546
FIAT  Spider,2018,23328,24990,24176.666666666668,15,5,4-6,20-40k,0.4044365827273108
Honda Accord,2019,37798,23990,20338.34351145038,131,4,2-4,20-40k,0.278340066370546
Dodge Dart,2014,73439,14990,15032.105263157895,19,9,8-10,60-80k,-0.856528580840338
Jeep Renegade,2017,39486,21590,20176.3661971831,71,6,4-6,20-40k,-0.02429157288568976
Chevrolet Cruze,2016,82897,16990,15992.5,80,7,6-8,80-100k,-0.6043355481268082
Kia Forte,2016,40919,15990,17017.92156862745,102,7,6-8,40-60k,-0.7304320644835731
Buick Encore GX,2021,44344,24051,23802.85714285714,14,2,0-2,40-60k,0.2860319538683086
Buick Encore GX,2020,36626,23051,23802.85714285714,14,3,2-4,20-40k,0.15993543751154374
Volkswagen Passat,2015,46071,17990,18311.052631578947,76,8,6-8,40-60k,-0.47823903177004334
MINI Hardtop,2013,65240,16990,16547.14285714286,14,10,8-10,60-80k,-0.6043355481268082
Nissan Rogue,2021,39871,24651,20382.880165289258,242,2,0-2,20-40k,0.36168986368236755
Toyota Prius v,2014,96687,16990,19140.0,12,9,8-10,80-100k,-0.6043355481268082
MAZDA CX-,2018,22710,24990,23001.7,140,5,4-6,20-40k,0.4044365827273108
Nissan Rogue,2021,48750,23451,20382.880165289258,242,2,0-2,40-60k,0.2103740440542497
Hyundai Tucson,2012,63792,16990,20007.2,70,11,10-15,60-80k,-0.6043355481268082
Jeep Grand Cherokee,2015,93505,18990,23092.367346938776,49,8,6-8,80-100k,-0.35214251541327846
Ford Focus ST,2013,102727,16990,16990.0,1,10,8-10,100-130k,-0.6043355481268082
Nissan Rogue Sport,2021,39932,19851,20399.048387096773,62,2,0-2,20-40k,-0.2435734148301039
Honda Accord,2014,76689,18590,20338.34351145038,131,9,8-10,60-80k,-0.4025811219559844
Nissan Rogue,2015,52027,20590,20382.880165289258,242,8,6-8,40-60k,-0.15038808924245464
Volkswagen Golf GTI,2017,52006,24590,23106.129032258064,31,6,4-6,40-60k,0.3539979761846049
Chevrolet Trailblazer,2021,48307,23551,24824.0,23,2,0-2,40-60k,0.22298369568992618
Ford EcoSport,2021,6984,21990,19908.256756756757,74,2,0-2,0-20k,0.026147033657016195
Toyota Prius,2010,101778,14990,19496.666666666668,60,13,10-15,100-130k,-0.856528580840338
Chrysler Pacifica,2018,74970,21151,26151.657142857144,35,5,4-6,60-80k,-0.07964794356630954
Toyota RAV,2012,58511,19990,23160.708333333332,72,11,10-15,40-60k,-0.22604599905651357
Lexus ES,2014,89426,21990,26148.61111111111,36,9,8-10,80-100k,0.026147033657016195
Toyota C-HR,2018,88589,20590,23407.366666666665,30,5,4-6,80-100k,-0.15038808924245464
Audi Q,2017,58897,23990,25158.42105263158,19,6,4-6,40-60k,0.278340066370546
Nissan Altima,2021,43192,19151,19293.97340425532,188,2,0-2,40-60k,-0.33184097627983933
Buick Encore,2014,34777,17590,18820.149425287356,87,9,8-10,20-40k,-0.5286776383127493
Chevrolet Malibu,2020,70641,24590,19288.927536231884,69,3,2-4,60-80k,0.3539979761846049
Toyota Corolla,2021,37582,20051,18560.486988847584,269,2,0-2,20-40k,-0.21835411155875092
Hyundai Venue,2021,40356,19990,21417.8,20,2,0-2,40-60k,-0.22604599905651357
Chevrolet Volt,2017,66257,21990,18150.0,25,6,4-6,60-80k,0.026147033657016195
Ford Escape,2019,42359,22451,19376.448,125,4,2-4,40-60k,0.0842775276974848
Hyundai Elantra,2018,21159,19990,17041.33846153846,195,5,4-6,20-40k,-0.22604599905651357
Toyota Camry,2013,80672,15590,20721.41134751773,141,10,8-10,80-100k,-0.780870671026279
MAZDA MAZDA,2015,83306,14990,17840.6338028169,142,8,6-8,80-100k,-0.856528580840338
Nissan Altima,2015,96010,13590,19293.97340425532,188,8,6-8,80-100k,-1.0330637037398087
BMW i,2016,24856,20590,20447.894736842107,38,7,6-8,20-40k,-0.15038808924245464
Hyundai Kona,2019,30585,19990,22149.1,30,4,2-4,20-40k,-0.22604599905651357
Lincoln MKC,2018,61368,23990,23724.125,24,5,4-6,60-80k,0.278340066370546
Ford Edge,2020,48371,21251,20629.243243243243,74,3,2-4,40-60k,-0.06703829193063306
Mitsubishi Outlander Sport,2020,39941,20590,18771.48148148148,54,3,2-4,20-40k,-0.15038808924245464
Chevrolet Trax,2021,33986,19990,18076.951219512193,82,2,0-2,20-40k,-0.22604599905651357
Nissan LEAF,2019,39100,23590,19142.63157894737,38,4,2-4,20-40k,0.22790145982784
Chevrolet Trax,2021,30967,22990,18076.951219512193,82,2,0-2,20-40k,0.15224355001378106
MAZDA MAZDA,2010,97578,12590,17840.6338028169,142,13,10-15,80-100k,-1.1591602200965736
Toyota Corolla Hybrid,2020,62706,23990,26523.333333333332,3,3,2-4,60-80k,0.278340066370546
Chevrolet Equinox,2019,50759,20451,19319.105263157893,171,4,2-4,40-60k,-0.16791550501604496
Jeep Wrangler,2015,69208,24990,26477.5,32,8,6-8,60-80k,0.4044365827273108
Hyundai Sonata,2012,64410,14990,16759.738562091505,153,11,10-15,60-80k,-0.856528580840338
Nissan Rogue,2015,75348,16990,20382.880165289258,242,8,6-8,60-80k,-0.6043355481268082
Nissan LEAF,2015,34348,14990,19142.63157894737,38,8,6-8,20-40k,-0.856528580840338
Mercedes-Benz B-Class,2017,28080,22990,23290.0,2,6,4-6,20-40k,0.15224355001378106
Nissan Rogue Sport,2020,54129,19351,20399.048387096773,62,3,2-4,40-60k,-0.3066216730084863
Mercedes-Benz SLK-Class,2009,30537,23990,23634.444444444445,9,14,10-15,20-40k,0.278340066370546
Chevrolet Equinox,2021,45934,20651,19319.105263157893,171,2,0-2,40-60k,-0.14269620174469197
Toyota Corolla,2015,100362,14990,18560.486988847584,269,8,6-8,100-130k,-0.856528580840338
Nissan Altima,2020,59020,18051,19293.97340425532,188,3,2-4,40-60k,-0.47054714427228067
MAZDA MAZDA,2018,22046,22590,17840.6338028169,142,5,4-6,20-40k,0.10180494347107512
Chevrolet Equinox,2019,57581,18851,19319.105263157893,171,4,2-4,40-60k,-0.36966993118686875
Ford Focus,2014,74234,12990,14996.451612903225,93,9,8-10,60-80k,-1.1087216135538678
Kia Optima,2016,80360,16990,17867.048076923078,104,7,6-8,80-100k,-0.6043355481268082
Audi Q,2013,71492,21590,25158.42105263158,19,10,8-10,60-80k,-0.02429157288568976
Nissan Rogue,2020,55502,20051,20382.880165289258,242,3,2-4,40-60k,-0.21835411155875092
Chevrolet Trailblazer,2021,42016,24051,24824.0,23,2,0-2,40-60k,0.2860319538683086
Honda Accord,2011,65502,14990,20338.34351145038,131,12,10-15,60-80k,-0.856528580840338
Chevrolet Equinox,2018,44326,18251,19319.105263157893,171,5,4-6,40-60k,-0.4453278410009277
INFINITI QX,2017,87583,19990,26679.234375,64,6,4-6,80-100k,-0.22604599905651357
Nissan Versa,2015,98166,12990,15995.263157894737,95,8,6-8,80-100k,-1.1087216135538678
MINI Countryman,2013,104257,13990,19147.14285714286,42,10,8-10,100-130k,-0.9826250971971029
Volkswagen Jetta,2013,60616,13990,17068.442477876106,113,10,8-10,60-80k,-0.9826250971971029
Ford Focus,2014,93906,12590,14996.451612903225,93,9,8-10,80-100k,-1.1591602200965736
Nissan Altima,2020,38055,21590,19293.97340425532,188,3,2-4,20-40k,-0.02429157288568976
Dodge Grand Caravan Passenger,2014,70366,16590,18365.342465753423,73,9,8-10,60-80k,-0.6547741546695142
Nissan JUKE,2013,49612,15590,16066.190476190477,21,10,8-10,40-60k,-0.780870671026279
Nissan Rogue,2021,42553,24851,20382.880165289258,242,2,0-2,40-60k,0.3869091669537205
Hyundai Elantra,2013,37213,14990,17041.33846153846,195,10,8-10,20-40k,-0.856528580840338
Buick Encore GX,2021,18087,24590,23802.85714285714,14,2,0-2,0-20k,0.3539979761846049
Chrysler Town & Country,2015,104267,16990,17956.666666666668,24,8,6-8,100-130k,-0.6043355481268082
Scion xD,2011,93216,12590,13750.0,5,12,10-15,80-100k,-1.1591602200965736
Hyundai Elantra,2020,41357,17051,17041.33846153846,195,3,2-4,40-60k,-0.5966436606290455
Ford Fusion,2011,34893,14990,18113.032,125,12,10-15,20-40k,-0.856528580840338
Toyota Corolla,2021,12055,22990,18560.486988847584,269,2,0-2,0-20k,0.15224355001378106
Toyota Corolla,2020,20850,24590,18560.486988847584,269,3,2-4,20-40k,0.3539979761846049
Nissan LEAF,2015,46011,14990,19142.63157894737,38,8,6-8,40-60k,-0.856528580840338
Kia Optima,2017,50320,22990,17867.048076923078,104,6,4-6,40-60k,0.15224355001378106
Chevrolet Trailblazer,2021,42060,22797,24824.0,23,2,0-2,40-60k,0.12790692235692544
Nissan Versa,2015,50305,13990,15995.263157894737,95,8,6-8,40-60k,-0.9826250971971029
Honda Civic,2015,85662,15990,18925.32380952381,210,8,6-8,80-100k,-0.7304320644835731
Hyundai Santa Fe Sport,2014,79771,16590,18512.222222222223,36,9,8-10,60-80k,-0.6547741546695142
Kia Sorento,2016,68527,17990,21217.59405940594,101,7,6-8,60-80k,-0.47823903177004334
Jeep Patriot,2016,68984,15590,16252.5,48,7,6-8,60-80k,-0.780870671026279
Jeep Patriot,2014,89416,14990,16252.5,48,9,8-10,80-100k,-0.856528580840338
Jeep Patriot,2015,86026,15590,16252.5,48,8,6-8,80-100k,-0.780870671026279
Nissan Frontier King Cab,2017,42893,21990,24310.0,5,6,4-6,40-60k,0.026147033657016195
Kia Optima,2014,85254,13990,17867.048076923078,104,9,8-10,80-100k,-0.9826250971971029
Chevrolet Volt,2017,63012,24590,18150.0,25,6,4-6,60-80k,0.3539979761846049
Mitsubishi Outlander Sport,2020,9850,24590,18771.48148148148,54,3,2-4,0-20k,0.3539979761846049
Subaru Impreza,2019,48200,21990,19643.23076923077,26,4,2-4,40-60k,0.026147033657016195
Nissan Rogue,2018,98284,16590,20382.880165289258,242,5,4-6,80-100k,-0.6547741546695142
Chevrolet Trax,2016,72364,15990,18076.951219512193,82,7,6-8,60-80k,-0.7304320644835731
Ford Escape,2018,51159,18451,19376.448,125,5,4-6,40-60k,-0.42010853772957474
Buick Encore,2018,39200,22590,18820.149425287356,87,5,4-6,20-40k,0.10180494347107512
Ford Focus,2017,73178,16990,14996.451612903225,93,6,4-6,60-80k,-0.6043355481268082
Hyundai Elantra,2013,54608,15990,17041.33846153846,195,10,8-10,40-60k,-0.7304320644835731
Mitsubishi Outlander,2018,91656,16990,20020.0,20,5,4-6,80-100k,-0.6043355481268082
smart fortwo,2013,19204,14990,13970.0,10,10,8-10,0-20k,-0.856528580840338
Ford F SuperCrew Cab,2021,25439,40980,40704.71428571428,14,2,0-2,20-40k,2.420719879271981
Kia Sportage,2015,78156,17990,20804.091954022988,87,8,6-8,60-80k,-0.47823903177004334
BMW i,2015,70880,19990,20447.894736842107,38,8,6-8,60-80k,-0.22604599905651357
Honda Pilot,2020,32430,31451,25763.433333333334,30,3,2-4,20-40k,1.2191461749083687
Kia Sorento,2015,98853,19990,21217.59405940594,101,8,6-8,80-100k,-0.22604599905651357
MAZDA MAZDA,2017,60093,20590,17840.6338028169,142,6,4-6,60-80k,-0.15038808924245464
Nissan Versa,2015,44633,13590,15995.263157894737,95,8,6-8,40-60k,-1.0330637037398087
Chrysler,2013,97590,13590,20993.80612244898,98,10,8-10,80-100k,-1.0330637037398087
Ford Expedition MAX,2021,29856,53250,44733.333333333336,6,2,0-2,20-40k,3.9679241349694863
Hyundai Santa Fe Sport,2015,78347,16990,18512.222222222223,36,8,6-8,60-80k,-0.6043355481268082
Kia Forte,2020,32374,19990,17017.92156862745,102,3,2-4,20-40k,-0.22604599905651357
Chrysler,2021,34592,26450,20993.80612244898,98,2,0-2,20-40k,0.5885374966081875
Hyundai Sonata,2011,89244,12990,16759.738562091505,153,12,10-15,80-100k,-1.1087216135538678
Volkswagen Passat,2016,80720,15590,18311.052631578947,76,7,6-8,80-100k,-0.780870671026279
BMW  Series,2013,58616,21990,25277.301587301587,126,10,8-10,40-60k,0.026147033657016195
Chevrolet Impala,2013,57350,14990,20195.8,40,10,8-10,40-60k,-0.856528580840338
MINI Convertible,2019,80233,23990,21253.157894736843,19,4,2-4,80-100k,0.278340066370546
Ford Mustang,2011,29998,19990,25856.117647058825,102,12,10-15,20-40k,-0.22604599905651357
Nissan Rogue,2016,64896,18590,20382.880165289258,242,7,6-8,60-80k,-0.4025811219559844
Ford Mustang,2020,52035,25900,25856.117647058825,102,3,2-4,40-60k,0.5191844126119669
Nissan Altima,2018,50122,19990,19293.97340425532,188,5,4-6,40-60k,-0.22604599905651357
Hyundai Santa Fe Sport,2017,58925,24990,18512.222222222223,36,6,4-6,40-60k,0.4044365827273108
Audi A,2012,81261,23590,24272.608695652172,46,11,10-15,80-100k,0.22790145982784
Kia Optima,2015,84779,14990,17867.048076923078,104,8,6-8,80-100k,-0.856528580840338
Kia Soul EV,2015,46562,16590,16590.0,3,8,6-8,40-60k,-0.6547741546695142
Scion tC,2015,104712,15590,17480.909090909092,11,8,6-8,100-130k,-0.780870671026279
Kia Optima,2016,52653,16590,17867.048076923078,104,7,6-8,40-60k,-0.6547741546695142
Kia Sorento,2015,68988,18990,21217.59405940594,101,8,6-8,60-80k,-0.35214251541327846
Nissan Sentra,2019,15874,19590,17151.21551724138,116,4,2-4,0-20k,-0.2764846055992195
Toyota Corolla Hatchback,2020,27945,23990,24646.666666666668,9,3,2-4,20-40k,0.278340066370546
Jeep Renegade,2015,96989,15990,20176.3661971831,71,8,6-8,80-100k,-0.7304320644835731
Chrysler,2021,34795,27851,20993.80612244898,98,2,0-2,20-40k,0.7651987160240151
Kia Forte,2020,28846,21990,17017.92156862745,102,3,2-4,20-40k,0.026147033657016195
Hyundai Tucson,2017,79872,18590,20007.2,70,6,4-6,60-80k,-0.4025811219559844
Chevrolet Blazer,2020,48478,28251,27322.36842105263,19,3,2-4,40-60k,0.8156373225667212
Chevrolet Camaro,2011,68750,24990,26673.675324675325,77,12,10-15,60-80k,0.4044365827273108
Nissan JUKE,2015,35764,17990,16066.190476190477,21,8,6-8,20-40k,-0.47823903177004334
Subaru Outback,2020,46416,29751,25362.21153846154,52,3,2-4,40-60k,1.0047820971018684
Ford Edge,2015,99962,15990,20629.243243243243,74,8,6-8,80-100k,-0.7304320644835731
Chevrolet Traverse,2021,34575,31300,27964.304347826088,46,2,0-2,20-40k,1.2001056009384972
Kia Forte,2015,62026,16590,17017.92156862745,102,8,6-8,60-80k,-0.6547741546695142
Hyundai Veloster,2016,81923,15990,17090.3125,32,7,6-8,80-100k,-0.7304320644835731
Hyundai Sonata,2013,72104,15590,16759.738562091505,153,10,8-10,60-80k,-0.780870671026279
Hyundai Santa Fe Sport,2017,66523,19590,18512.222222222223,36,6,4-6,60-80k,-0.2764846055992195
Chevrolet Camaro,2020,42637,46951,26673.675324675325,77,3,2-4,40-60k,3.1736421784382243
Hyundai Sonata,2013,82999,15990,16759.738562091505,153,10,8-10,80-100k,-0.7304320644835731
Ford Escape,2020,51408,24590,19376.448,125,3,2-4,40-60k,0.3539979761846049
Ford Mustang,2021,30998,28151,25856.117647058825,102,2,0-2,20-40k,0.8030276709310447
Kia Sportage,2016,57361,17590,20804.091954022988,87,7,6-8,40-60k,-0.5286776383127493
Kia Sportage,2018,57845,21590,20804.091954022988,87,5,4-6,40-60k,-0.02429157288568976
Kia Optima,2013,62250,16590,17867.048076923078,104,10,8-10,60-80k,-0.6547741546695142
Hyundai Sonata,2013,96146,14990,16759.738562091505,153,10,8-10,80-100k,-0.856528580840338
Hyundai Sonata,2014,69722,17590,16759.738562091505,153,9,8-10,60-80k,-0.5286776383127493
Kia Sportage,2019,25606,21990,20804.091954022988,87,4,2-4,20-40k,0.026147033657016195
Hyundai Sonata,2013,100392,15990,16759.738562091505,153,10,8-10,100-130k,-0.7304320644835731
Hyundai Tucson,2014,76864,16590,20007.2,70,9,8-10,60-80k,-0.6547741546695142
Kia Sportage,2016,38241,19590,20804.091954022988,87,7,6-8,20-40k,-0.2764846055992195
Kia Optima,2013,80178,15990,17867.048076923078,104,10,8-10,80-100k,-0.7304320644835731
Hyundai Genesis,2015,59114,24990,21735.454545454544,11,8,6-8,40-60k,0.4044365827273108
Hyundai Sonata,2013,74725,14990,16759.738562091505,153,10,8-10,60-80k,-0.856528580840338
Chevrolet Traverse,2020,50290,30550,27964.304347826088,46,3,2-4,40-60k,1.1055332136709235
Hyundai Kona,2020,7466,21990,22149.1,30,3,2-4,0-20k,0.026147033657016195
GMC Acadia,2021,32046,35651,26526.174603174604,63,2,0-2,20-40k,1.7487515436067813
Kia Sorento,2020,51803,23590,21217.59405940594,101,3,2-4,40-60k,0.22790145982784
INFINITI QX,2021,33231,31200,26679.234375,64,2,0-2,20-40k,1.1874959493028208
Kia Forte,2014,56831,16990,17017.92156862745,102,9,8-10,40-60k,-0.6043355481268082
Hyundai Tucson,2017,20212,22590,20007.2,70,6,4-6,20-40k,0.10180494347107512
Kia Sportage,2018,38264,22990,20804.091954022988,87,5,4-6,20-40k,0.15224355001378106
Kia Sportage,2016,64716,17990,20804.091954022988,87,7,6-8,60-80k,-0.47823903177004334
Kia Sportage,2016,72580,16990,20804.091954022988,87,7,6-8,60-80k,-0.6043355481268082
Kia Optima,2013,42967,18590,17867.048076923078,104,10,8-10,40-60k,-0.4025811219559844
Kia Optima,2013,67902,15990,17867.048076923078,104,10,8-10,60-80k,-0.7304320644835731
Kia Sportage,2017,63235,19590,20804.091954022988,87,6,4-6,60-80k,-0.2764846055992195
Kia Sorento,2014,61401,16990,21217.59405940594,101,9,8-10,60-80k,-0.6043355481268082
MINI Clubman,2016,44928,20990,20763.333333333332,15,7,6-8,40-60k,-0.09994948269974868
Chevrolet Spark,2015,39930,14990,15980.290909090909,55,8,6-8,20-40k,-0.856528580840338
Cadillac XTS,2013,44481,22990,20830.0,5,10,8-10,40-60k,0.15224355001378106
Toyota Corolla,2019,63743,18590,18560.486988847584,269,4,2-4,60-80k,-0.4025811219559844
Subaru BRZ,2014,63697,22590,23290.0,2,9,8-10,60-80k,0.10180494347107512
Chevrolet Traverse,2021,43451,30200,27964.304347826088,46,2,0-2,40-60k,1.0613994329460559
Ford Edge,2014,92214,14990,20629.243243243243,74,9,8-10,80-100k,-0.856528580840338
Nissan Sentra,2021,40087,20590,17151.21551724138,116,2,0-2,40-60k,-0.15038808924245464
Volvo XC,2015,77100,20990,27782.0,25,8,6-8,60-80k,-0.09994948269974868
BMW  Series,2013,43784,23590,25277.301587301587,126,10,8-10,40-60k,0.22790145982784
Acura TL,2013,67228,17990,17412.222222222223,9,10,8-10,60-80k,-0.47823903177004334
Hyundai Veloster,2020,1750,23590,17090.3125,32,3,2-4,0-20k,0.22790145982784
Chevrolet Cruze,2011,87434,12990,15992.5,80,12,10-15,80-100k,-1.1087216135538678
Volkswagen Tiguan,2016,34441,18990,20451.456140350878,57,7,6-8,20-40k,-0.35214251541327846
INFINITI FX,2013,100494,18990,19656.666666666668,3,10,8-10,100-130k,-0.35214251541327846
Hyundai Sonata Plug-in Hybrid,2017,57500,19590,19590.0,1,6,4-6,40-60k,-0.2764846055992195
Kia Optima,2015,32826,19990,17867.048076923078,104,8,6-8,20-40k,-0.22604599905651357
Kia Soul,2012,50396,14990,17106.064516129034,124,11,10-15,40-60k,-0.856528580840338
BMW  Series,2010,46608,18990,25277.301587301587,126,13,10-15,40-60k,-0.35214251541327846
Kia Sorento,2014,65237,18590,21217.59405940594,101,9,8-10,60-80k,-0.4025811219559844
Hyundai Genesis,2013,79706,15990,21735.454545454544,11,10,8-10,60-80k,-0.7304320644835731
Nissan Altima,2013,96086,13990,19293.97340425532,188,10,8-10,80-100k,-0.9826250971971029
Lexus IS,2015,99661,21990,23340.0,28,8,6-8,80-100k,0.026147033657016195
Chrysler Pacifica,2017,88183,21590,26151.657142857144,35,6,4-6,80-100k,-0.02429157288568976
Kia Sorento,2019,50385,24990,21217.59405940594,101,4,2-4,40-60k,0.4044365827273108
Dodge Journey,2015,85634,14990,19075.328125,64,8,6-8,80-100k,-0.856528580840338
Hyundai Accent,2022,3154,21590,15905.254237288136,59,1,0-2,0-20k,-0.02429157288568976
GMC Acadia,2021,40589,34441,26526.174603174604,63,2,0-2,40-60k,1.5961747588150956
Ford Mustang,2014,61611,18990,25856.117647058825,102,9,8-10,60-80k,-0.35214251541327846
Ford Flex,2018,96133,21990,23264.36,25,5,4-6,80-100k,0.026147033657016195
Volkswagen Beetle,2013,36157,19590,20275.0,40,10,8-10,20-40k,-0.2764846055992195
Toyota Highlander,2018,56065,28941,26813.875,24,5,4-6,40-60k,0.9026439188528889
Hyundai Tucson,2017,51314,19590,20007.2,70,6,4-6,40-60k,-0.2764846055992195
Jeep Compass,2017,102449,15590,20590.543103448275,116,6,4-6,100-130k,-0.780870671026279
MAZDA MAZDA,2017,40276,19590,17840.6338028169,142,6,4-6,40-60k,-0.2764846055992195
Nissan Sentra,2015,69932,13990,17151.21551724138,116,8,6-8,60-80k,-0.9826250971971029
Hyundai Sonata Hybrid,2017,86676,20590,20218.571428571428,7,6,4-6,80-100k,-0.15038808924245464
Jeep Renegade,2020,63054,20590,20176.3661971831,71,3,2-4,60-80k,-0.15038808924245464
MAZDA CX-,2021,49804,26991,23001.7,140,2,0-2,40-60k,0.6567557119571974
Chevrolet Traverse,2021,36673,33898,27964.304347826088,46,2,0-2,20-40k,1.5277043504333725
Toyota Camry,2013,60492,18990,20721.41134751773,141,10,8-10,60-80k,-0.35214251541327846
Volkswagen Jetta SportWagen,2014,68354,17590,16603.333333333332,15,9,8-10,60-80k,-0.5286776383127493
INFINITI QX,2017,75202,21990,26679.234375,64,6,4-6,60-80k,0.026147033657016195
Hyundai Tucson,2017,74589,17990,20007.2,70,6,4-6,60-80k,-0.47823903177004334
Honda Civic,2009,69943,13590,18925.32380952381,210,14,10-15,60-80k,-1.0330637037398087
Nissan Rogue,2014,75676,16990,20382.880165289258,242,9,8-10,60-80k,-0.6043355481268082
Kia Optima,2015,68883,15990,17867.048076923078,104,8,6-8,60-80k,-0.7304320644835731
Nissan Pathfinder,2020,43155,31441,22727.11111111111,36,3,2-4,40-60k,1.2178852097448012
Kia Soul,2014,49846,14990,17106.064516129034,124,9,8-10,40-60k,-0.856528580840338
Acura RDX,2017,90407,20590,24947.275862068964,29,6,4-6,80-100k,-0.15038808924245464
Kia Sorento,2019,50786,28991,21217.59405940594,101,4,2-4,40-60k,0.9089487446707272
Ford Mustang,2015,53802,21990,25856.117647058825,102,8,6-8,40-60k,0.026147033657016195
Volkswagen CC,2014,66052,16990,16275.714285714286,14,9,8-10,60-80k,-0.6043355481268082
Toyota Corolla,2018,103068,16590,18560.486988847584,269,5,4-6,100-130k,-0.6547741546695142
MAZDA CX-,2016,65317,19990,23001.7,140,7,6-8,60-80k,-0.22604599905651357
Volkswagen Passat,2016,79953,15990,18311.052631578947,76,7,6-8,60-80k,-0.7304320644835731
Chevrolet Spark,2017,57900,15590,15980.290909090909,55,6,4-6,40-60k,-0.780870671026279
Cadillac CTS,2014,31314,21990,22603.333333333332,15,9,8-10,20-40k,0.026147033657016195
Hyundai Elantra,2013,60057,14990,17041.33846153846,195,10,8-10,60-80k,-0.856528580840338
Honda HR-V,2019,43294,22088,22338.0,43,4,2-4,40-60k,0.03850449225997915
Hyundai Santa Fe,2020,43416,22780,23761.17391304348,46,3,2-4,40-60k,0.12576328157886044
Ford F SuperCrew Cab,2021,35796,44497,40704.71428571428,14,2,0-2,20-40k,2.8642013272987232
Honda Accord,2020,40325,27098,20338.34351145038,131,3,2-4,40-60k,0.6702480392073712
Scion tC,2013,85580,15590,17480.909090909092,11,10,8-10,80-100k,-0.780870671026279
Jeep Renegade,2016,99726,16990,20176.3661971831,71,7,6-8,80-100k,-0.6043355481268082
BMW X,2015,35706,22990,28257.918032786885,61,8,6-8,20-40k,0.15224355001378106
Genesis G,2018,54122,27088,34966.555555555555,9,5,4-6,40-60k,0.6689870740438035
Nissan Altima,2021,15126,24990,19293.97340425532,188,2,0-2,0-20k,0.4044365827273108
Volkswagen CC,2012,90700,13990,16275.714285714286,14,11,10-15,80-100k,-0.9826250971971029
Ford Fiesta,2018,37308,15990,14645.737704918032,61,5,4-6,20-40k,-0.7304320644835731
Jeep Cherokee,2014,97040,15590,21467.63829787234,141,9,8-10,80-100k,-0.780870671026279
Buick Enclave,2018,72628,25940,25804.4,25,5,4-6,60-80k,0.5242282732662374
Toyota Camry,2011,56016,16590,20721.41134751773,141,12,10-15,40-60k,-0.6547741546695142
GMC Acadia,2021,36690,34344,26526.174603174604,63,2,0-2,20-40k,1.5839433967284895
Chevrolet Equinox,2016,88245,16990,19319.105263157893,171,7,6-8,80-100k,-0.6043355481268082
Chrysler,2016,90390,15590,20993.80612244898,98,7,6-8,80-100k,-0.780870671026279
Hyundai Venue,2021,40850,18667,21417.8,20,2,0-2,40-60k,-0.3928716901965135
Honda Civic,2015,98764,16990,18925.32380952381,210,8,6-8,80-100k,-0.6043355481268082
Kia Optima,2018,64000,18990,17867.048076923078,104,5,4-6,60-80k,-0.35214251541327846
Ford Focus,2015,92931,12590,14996.451612903225,93,8,6-8,80-100k,-1.1591602200965736
Kia Forte,2022,15276,22990,17017.92156862745,102,1,0-2,0-20k,0.15224355001378106
GMC Sierra  Regular Cab,2016,73564,23590,23523.333333333332,3,7,6-8,60-80k,0.22790145982784
Jeep Cherokee,2015,95392,15990,21467.63829787234,141,8,6-8,80-100k,-0.7304320644835731
Toyota Corolla,2015,61078,16990,18560.486988847584,269,8,6-8,60-80k,-0.6043355481268082
Hyundai Sonata,2013,62746,17590,16759.738562091505,153,10,8-10,60-80k,-0.5286776383127493
Jeep Cherokee,2019,61682,20620,21467.63829787234,141,4,2-4,60-80k,-0.14660519375175168
Hyundai Tucson,2017,75384,18590,20007.2,70,6,4-6,60-80k,-0.4025811219559844
Nissan Rogue,2015,91580,17590,20382.880165289258,242,8,6-8,80-100k,-0.5286776383127493
Ford Focus,2012,82855,12590,14996.451612903225,93,11,10-15,80-100k,-1.1591602200965736
BMW  Series,2011,85023,15990,25277.301587301587,126,12,10-15,80-100k,-0.7304320644835731
Ford Escape,2020,39885,22046,19376.448,125,3,2-4,20-40k,0.033208438572995026
Nissan Kicks,2021,38442,19005,19809.626373626375,91,2,0-2,20-40k,-0.35025106766792696
Hyundai Santa Fe Sport,2017,64011,19990,18512.222222222223,36,6,4-6,60-80k,-0.22604599905651357
Honda HR-V,2019,47256,22000,22338.0,43,4,2-4,40-60k,0.027407998820583843
Chevrolet Equinox,2014,88467,14990,19319.105263157893,171,9,8-10,80-100k,-0.856528580840338
Toyota Camry,2019,40108,24990,20721.41134751773,141,4,2-4,40-60k,0.4044365827273108
Hyundai Sonata,2017,81450,17590,16759.738562091505,153,6,4-6,80-100k,-0.5286776383127493
MAZDA CX-,2013,44816,17990,23001.7,140,10,8-10,40-60k,-0.47823903177004334
Hyundai Kona,2021,36242,23590,22149.1,30,2,0-2,20-40k,0.22790145982784
Toyota Corolla,2017,98098,16590,18560.486988847584,269,6,4-6,80-100k,-0.6547741546695142
Ford Fusion Energi,2015,85097,17590,21670.0,5,8,6-8,80-100k,-0.5286776383127493
Nissan Kicks,2021,42855,18900,19809.626373626375,91,2,0-2,40-60k,-0.3634912018853873
Toyota Yaris,2019,12106,20990,16685.238095238095,21,4,2-4,0-20k,-0.09994948269974868
Ford Focus,2010,53180,11990,14996.451612903225,93,13,10-15,40-60k,-1.2348181299106327
Nissan Rogue Sport,2020,48514,23035,20399.048387096773,62,3,2-4,40-60k,0.1579178932498355
Nissan Altima,2015,58834,15990,19293.97340425532,188,8,6-8,40-60k,-0.7304320644835731
Ford EcoSport,2020,35769,19990,19908.256756756757,74,3,2-4,20-40k,-0.22604599905651357
Hyundai Tucson,2015,37331,19990,20007.2,70,8,6-8,20-40k,-0.22604599905651357
Chevrolet Equinox,2020,52481,18645,19319.105263157893,171,3,2-4,40-60k,-0.39564581355636236
Hyundai Tucson,2017,26282,22590,20007.2,70,6,4-6,20-40k,0.10180494347107512
Hyundai Tucson,2014,56457,16990,20007.2,70,9,8-10,40-60k,-0.6043355481268082
Chevrolet Equinox,2019,44492,19615,19319.105263157893,171,4,2-4,40-60k,-0.2733321926903004
Hyundai Tucson,2014,77832,15990,20007.2,70,9,8-10,60-80k,-0.7304320644835731
Nissan Altima,2014,52797,16990,19293.97340425532,188,9,8-10,40-60k,-0.6043355481268082
Chevrolet Cruze,2015,56088,14590,15992.5,80,8,6-8,40-60k,-0.9069671873830439
Mitsubishi Mirage G,2022,6303,19590,16790.0,16,1,0-2,0-20k,-0.2764846055992195
Honda Pilot,2016,102420,21590,25763.433333333334,30,7,6-8,100-130k,-0.02429157288568976
Nissan Rogue Sport,2020,37250,24915,20399.048387096773,62,3,2-4,20-40k,0.39497934400055346
Chevrolet Trax,2021,42382,20590,18076.951219512193,82,2,0-2,40-60k,-0.15038808924245464
Ford Flex,2014,76988,17590,23264.36,25,9,8-10,60-80k,-0.5286776383127493
Chevrolet Cruze,2015,73857,13990,15992.5,80,8,6-8,60-80k,-0.9826250971971029
Hyundai Santa Fe,2020,41367,22600,23761.17391304348,46,3,2-4,40-60k,0.10306590863464277
Hyundai Veloster,2016,22312,19990,17090.3125,32,7,6-8,20-40k,-0.22604599905651357
Volkswagen Passat,2015,53945,16990,18311.052631578947,76,8,6-8,40-60k,-0.6043355481268082
Dodge Dart,2016,41184,18990,15032.105263157895,19,7,6-8,40-60k,-0.35214251541327846
Nissan Kicks,2020,47789,17900,19809.626373626375,91,3,2-4,40-60k,-0.4895877182421522
Volkswagen CC,2016,48610,18990,16275.714285714286,14,7,6-8,40-60k,-0.35214251541327846
Ford Focus,2018,26732,16990,14996.451612903225,93,5,4-6,20-40k,-0.6043355481268082
Toyota Camry,2018,72500,22990,20721.41134751773,141,5,4-6,60-80k,0.15224355001378106
Nissan Murano,2019,38638,24990,23491.560606060608,66,4,2-4,20-40k,0.4044365827273108
Honda CR-V,2015,60220,21990,21022.757009345794,107,8,6-8,60-80k,0.026147033657016195
Volkswagen Jetta,2019,51287,21990,17068.442477876106,113,4,2-4,40-60k,0.026147033657016195
Nissan Kicks,2021,45258,18283,19809.626373626375,91,2,0-2,40-60k,-0.4412927524775112
BMW  Series,2011,97513,15990,25277.301587301587,126,12,10-15,80-100k,-0.7304320644835731
Dodge Grand Caravan Passenger,2019,65909,21590,18365.342465753423,73,4,2-4,60-80k,-0.02429157288568976
Jeep Renegade,2016,92150,18590,20176.3661971831,71,7,6-8,80-100k,-0.4025811219559844
Subaru Forester,2014,65159,19590,20446.25,32,9,8-10,60-80k,-0.2764846055992195
Ford Focus,2012,79101,12590,14996.451612903225,93,11,10-15,60-80k,-1.1591602200965736
Ford Escape,2017,93207,15590,19376.448,125,6,4-6,80-100k,-0.780870671026279
Nissan Rogue,2014,53473,18990,20382.880165289258,242,9,8-10,40-60k,-0.35214251541327846
Nissan Rogue Sport,2021,40201,20199,20399.048387096773,62,2,0-2,40-60k,-0.1996918271379497
Kia Forte,2017,40797,16949,17017.92156862745,102,6,4-6,40-60k,-0.6095055052974355
MAZDA CX-,2016,72006,19990,23001.7,140,7,6-8,60-80k,-0.22604599905651357
Chevrolet Equinox,2014,86760,14990,19319.105263157893,171,9,8-10,80-100k,-0.856528580840338
Subaru Outback,2021,42794,26698,25362.21153846154,52,2,0-2,40-60k,0.6198094326646653
Audi A,2016,55711,24990,24272.608695652172,46,7,6-8,40-60k,0.4044365827273108
Chevrolet Suburban,2014,101622,24990,47890.0,4,9,8-10,100-130k,0.4044365827273108
Hyundai Santa Fe Sport,2017,42956,20590,18512.222222222223,36,6,4-6,40-60k,-0.15038808924245464
Chevrolet Trax,2019,42635,18590,18076.951219512193,82,4,2-4,40-60k,-0.4025811219559844
Kia Sorento,2016,90950,16990,21217.59405940594,101,7,6-8,80-100k,-0.6043355481268082
Dodge Grand Caravan Passenger,2017,89564,15990,18365.342465753423,73,6,4-6,80-100k,-0.7304320644835731
MAZDA CX-,2019,32800,24990,23001.7,140,4,2-4,20-40k,0.4044365827273108
Toyota Corolla,2018,38985,18990,18560.486988847584,269,5,4-6,20-40k,-0.35214251541327846
Nissan Rogue Select,2015,102276,13990,16376.666666666666,15,8,6-8,100-130k,-0.9826250971971029
Ford Flex,2019,42705,29455,23264.36,25,4,2-4,40-60k,0.967457528260266
Hyundai Kona,2019,37575,22990,22149.1,30,4,2-4,20-40k,0.15224355001378106
Honda Accord,2020,47531,26350,20338.34351145038,131,3,2-4,40-60k,0.575927844972511
Jeep Cherokee,2017,27529,23590,21467.63829787234,141,6,4-6,20-40k,0.22790145982784
Toyota RAV,2020,64817,24248,23160.708333333332,72,3,2-4,60-80k,0.3108729675905913
Audi Q,2015,33551,24990,25158.42105263158,19,8,6-8,20-40k,0.4044365827273108
MAZDA MAZDA,2014,50149,18590,17840.6338028169,142,9,8-10,40-60k,-0.4025811219559844
INFINITI FX,2013,61986,21990,19656.666666666668,3,10,8-10,60-80k,0.026147033657016195
Kia Optima,2015,51168,17590,17867.048076923078,104,8,6-8,40-60k,-0.5286776383127493
Kia Optima,2015,44964,16990,17867.048076923078,104,8,6-8,40-60k,-0.6043355481268082
Kia Forte,2015,76348,14590,17017.92156862745,102,8,6-8,60-80k,-0.9069671873830439
Kia Optima,2015,95463,15590,17867.048076923078,104,8,6-8,80-100k,-0.780870671026279
Ford Escape,2014,77755,15990,19376.448,125,9,8-10,60-80k,-0.7304320644835731
Hyundai Elantra,2019,24163,18990,17041.33846153846,195,4,2-4,20-40k,-0.35214251541327846
Audi Q,2014,68768,21990,25158.42105263158,19,9,8-10,60-80k,0.026147033657016195
Chevrolet Equinox,2019,47913,18950,19319.105263157893,171,4,2-4,40-60k,-0.35718637606754905
FIAT L,2014,42705,15590,16690.0,12,9,8-10,40-60k,-0.780870671026279
Chevrolet Cruze,2015,85550,14990,15992.5,80,8,6-8,80-100k,-0.856528580840338
Kia Optima,2015,62941,15990,17867.048076923078,104,8,6-8,60-80k,-0.7304320644835731
Hyundai Santa Fe Sport,2017,53730,21590,18512.222222222223,36,6,4-6,40-60k,-0.02429157288568976
Hyundai Santa Fe Sport,2018,59900,19990,18512.222222222223,36,5,4-6,40-60k,-0.22604599905651357
Toyota RAV,2018,40864,22804,23160.708333333332,72,5,4-6,40-60k,0.1287895979714228
Hyundai Sonata Hybrid,2017,79379,17990,20218.571428571428,7,6,4-6,60-80k,-0.47823903177004334
Buick Envision,2018,43943,22974,24501.2,20,5,4-6,40-60k,0.15022600575207284
Hyundai Elantra,2019,4533,21990,17041.33846153846,195,4,2-4,0-20k,0.026147033657016195
Nissan Sentra,2012,60629,12990,17151.21551724138,116,11,10-15,60-80k,-1.1087216135538678
Toyota Camry,2022,28883,24851,20721.41134751773,141,1,0-2,20-40k,0.3869091669537205
Nissan Pathfinder,2020,49840,24990,22727.11111111111,36,3,2-4,40-60k,0.4044365827273108
Mitsubishi Outlander Sport,2019,64965,18590,18771.48148148148,54,4,2-4,60-80k,-0.4025811219559844
Hyundai Tucson,2017,50713,19590,20007.2,70,6,4-6,40-60k,-0.2764846055992195
Subaru Legacy,2021,38456,24710,20081.428571428572,21,2,0-2,20-40k,0.36912955814741666
Honda HR-V,2019,45382,22590,22338.0,43,4,2-4,40-60k,0.10180494347107512
Volkswagen Jetta,2016,69398,15990,17068.442477876106,113,7,6-8,60-80k,-0.7304320644835731
Chrysler,2021,48601,23263,20993.80612244898,98,2,0-2,40-60k,0.18666789897917788
Nissan Versa,2022,2833,22990,15995.263157894737,95,1,0-2,0-20k,0.15224355001378106
Hyundai Tucson,2016,39941,20590,20007.2,70,7,6-8,20-40k,-0.15038808924245464
Hyundai Sonata,2013,101931,12990,16759.738562091505,153,10,8-10,100-130k,-1.1087216135538678
Kia Sorento,2014,70242,17990,21217.59405940594,101,9,8-10,60-80k,-0.47823903177004334
Kia Sportage,2016,91529,15990,20804.091954022988,87,7,6-8,80-100k,-0.7304320644835731
Honda Civic,2012,77442,14990,18925.32380952381,210,11,10-15,60-80k,-0.856528580840338
Ford Escape,2018,46165,17551,19376.448,125,5,4-6,40-60k,-0.5335954024506631
Kia Soul,2022,13839,21990,17106.064516129034,124,1,0-2,0-20k,0.026147033657016195
Hyundai Elantra,2013,84282,13590,17041.33846153846,195,10,8-10,80-100k,-1.0330637037398087
Jeep Renegade,2017,80023,21590,20176.3661971831,71,6,4-6,80-100k,-0.02429157288568976
Nissan Rogue,2016,26328,21590,20382.880165289258,242,7,6-8,20-40k,-0.02429157288568976
Honda CR-V,2016,62656,20990,21022.757009345794,107,7,6-8,60-80k,-0.09994948269974868
FIAT,2017,37925,15590,14531.935483870968,31,6,4-6,20-40k,-0.780870671026279
MINI Hardtop  Door,2015,45246,19990,20638.64864864865,37,8,6-8,40-60k,-0.22604599905651357
Chevrolet Trax,2017,71596,16990,18076.951219512193,82,6,4-6,60-80k,-0.6043355481268082
Hyundai Tucson,2012,64837,15990,20007.2,70,11,10-15,60-80k,-0.7304320644835731
Honda Civic,2013,59834,16990,18925.32380952381,210,10,8-10,40-60k,-0.6043355481268082
BMW  Series,2013,47397,22990,25277.301587301587,126,10,8-10,40-60k,0.15224355001378106
Hyundai Sonata,2022,14861,24990,16759.738562091505,153,1,0-2,0-20k,0.4044365827273108
Lexus RX,2012,83368,19990,27399.52380952381,21,11,10-15,80-100k,-0.22604599905651357
Toyota C-HR,2019,51216,24990,23407.366666666665,30,4,2-4,40-60k,0.4044365827273108
Hyundai Ioniq Plug-in Hybrid,2018,93414,22990,22990.0,1,5,4-6,80-100k,0.15224355001378106
Jeep Compass,2021,45849,22590,20590.543103448275,116,2,0-2,40-60k,0.10180494347107512
Jeep Patriot,2014,74351,15590,16252.5,48,9,8-10,60-80k,-0.780870671026279
Jeep Renegade,2015,48558,22590,20176.3661971831,71,8,6-8,40-60k,0.10180494347107512
Toyota Camry,2012,94283,15590,20721.41134751773,141,11,10-15,80-100k,-0.780870671026279
Ford Escape,2020,21534,23590,19376.448,125,3,2-4,20-40k,0.22790145982784
Honda Civic,2014,38915,18990,18925.32380952381,210,9,8-10,20-40k,-0.35214251541327846
Subaru Forester,2012,100696,15590,20446.25,32,11,10-15,100-130k,-0.780870671026279
Buick Encore,2016,35946,18990,18820.149425287356,87,7,6-8,20-40k,-0.35214251541327846
Nissan Sentra,2021,23286,20990,17151.21551724138,116,2,0-2,20-40k,-0.09994948269974868
Mitsubishi Outlander Sport,2018,65174,17990,18771.48148148148,54,5,4-6,60-80k,-0.47823903177004334
GMC Terrain,2014,79465,16990,21643.57627118644,59,9,8-10,60-80k,-0.6043355481268082
Buick LaCrosse,2017,60398,24990,18705.78947368421,19,6,4-6,60-80k,0.4044365827273108
Volkswagen Jetta,2014,36034,15990,17068.442477876106,113,9,8-10,20-40k,-0.7304320644835731
Nissan Xterra,2012,80847,16590,16790.0,2,11,10-15,80-100k,-0.6547741546695142
Chevrolet Trax,2016,105042,14990,18076.951219512193,82,7,6-8,100-130k,-0.856528580840338
Toyota C-HR,2020,45746,22445,23407.366666666665,30,3,2-4,40-60k,0.08352094859934421
Cadillac CTS,2012,71200,17990,22603.333333333332,15,11,10-15,60-80k,-0.47823903177004334
Ford Transit Connect Passenger,2016,55494,24990,22856.666666666668,3,7,6-8,40-60k,0.4044365827273108
Acura TLX,2016,33887,23590,22612.222222222223,9,7,6-8,20-40k,0.22790145982784
Toyota C-HR,2021,32308,24675,23407.366666666665,30,2,0-2,20-40k,0.3647161800749299
Ford Focus,2014,40600,13990,14996.451612903225,93,9,8-10,40-60k,-0.9826250971971029
Volkswagen Jetta,2021,14558,22590,17068.442477876106,113,2,0-2,0-20k,0.10180494347107512
Nissan Murano,2020,47949,23551,23491.560606060608,66,3,2-4,40-60k,0.22298369568992618
Hyundai Ioniq Hybrid,2019,65518,24990,23423.333333333332,6,4,2-4,60-80k,0.4044365827273108
Nissan Rogue Select,2015,42650,17590,16376.666666666666,15,8,6-8,40-60k,-0.5286776383127493
Chevrolet Trailblazer,2021,42767,23651,24824.0,23,2,0-2,40-60k,0.23559334732560266
Chevrolet Equinox,2019,54542,19245,19319.105263157893,171,4,2-4,40-60k,-0.3199879037423034
Hyundai Elantra,2017,40871,16990,17041.33846153846,195,6,4-6,40-60k,-0.6043355481268082
Hyundai Tucson,2015,36918,19590,20007.2,70,8,6-8,20-40k,-0.2764846055992195
Jeep Wrangler,2012,49981,24990,26477.5,32,11,10-15,40-60k,0.4044365827273108
Hyundai Accent,2014,51826,13990,15905.254237288136,59,9,8-10,40-60k,-0.9826250971971029
Toyota Yaris,2013,94928,13990,16685.238095238095,21,10,8-10,80-100k,-0.9826250971971029
Nissan Rogue,2020,52236,24885,20382.880165289258,242,3,2-4,40-60k,0.3911964485098505
MAZDA MAZDA,2012,76831,13990,17840.6338028169,142,11,10-15,60-80k,-0.9826250971971029
Jeep Compass,2013,102506,14590,20590.543103448275,116,10,8-10,100-130k,-0.9069671873830439
Honda Civic,2012,39003,16990,18925.32380952381,210,11,10-15,20-40k,-0.6043355481268082
Chevrolet Equinox,2019,36580,20848,19319.105263157893,171,4,2-4,20-40k,-0.1178551880224093
Nissan Rogue,2017,51363,18990,20382.880165289258,242,6,4-6,40-60k,-0.35214251541327846
Nissan Murano,2020,60614,21300,23491.560606060608,66,3,2-4,60-80k,-0.06085956262915158
Chevrolet Equinox,2021,36565,21651,19319.105263157893,171,2,0-2,20-40k,-0.0165996853879271
Hyundai Accent,2016,81076,13990,15905.254237288136,59,7,6-8,80-100k,-0.9826250971971029
Chevrolet Spark EV,2016,48614,14590,15332.857142857143,14,7,6-8,40-60k,-0.9069671873830439
Hyundai Tucson,2017,41607,20590,20007.2,70,6,4-6,40-60k,-0.15038808924245464
Dodge Journey,2016,91331,14990,19075.328125,64,7,6-8,80-100k,-0.856528580840338
Toyota Prius,2012,91557,16990,19496.666666666668,60,11,10-15,80-100k,-0.6043355481268082
Ford Explorer,2015,94261,16990,24112.425531914894,47,8,6-8,80-100k,-0.6043355481268082
Kia Soul,2019,49421,17590,17106.064516129034,124,4,2-4,40-60k,-0.5286776383127493
Hyundai Veloster,2016,59364,15990,17090.3125,32,7,6-8,40-60k,-0.7304320644835731
Dodge Durango,2016,65080,24990,29047.85714285714,14,7,6-8,60-80k,0.4044365827273108
Kia Optima,2013,67439,14990,17867.048076923078,104,10,8-10,60-80k,-0.856528580840338
Hyundai Sonata,2011,102273,14590,16759.738562091505,153,12,10-15,100-130k,-0.9069671873830439
Nissan Rogue,2021,47230,23151,20382.880165289258,242,2,0-2,40-60k,0.17254508914722022
Nissan Altima,2018,68792,18590,19293.97340425532,188,5,4-6,60-80k,-0.4025811219559844
Subaru XV Crosstrek,2014,88621,17990,18790.0,8,9,8-10,80-100k,-0.47823903177004334
Hyundai Equus,2014,60000,24990,24990.0,1,9,8-10,40-60k,0.4044365827273108
Kia Sorento,2015,60345,19990,21217.59405940594,101,8,6-8,60-80k,-0.22604599905651357
Ford Escape,2018,47018,21845,19376.448,125,5,4-6,40-60k,0.007863038785285286
Nissan Rogue Sport,2019,53916,20590,20399.048387096773,62,4,2-4,40-60k,-0.15038808924245464
Volkswagen Jetta SportWagen,2014,75198,16990,16603.333333333332,15,9,8-10,60-80k,-0.6043355481268082
Chevrolet Equinox,2015,67413,16990,19319.105263157893,171,8,6-8,60-80k,-0.6043355481268082
Chrysler,2021,44225,24551,20993.80612244898,98,2,0-2,40-60k,0.34908021204669104
Nissan Sentra,2013,80199,13590,17151.21551724138,116,10,8-10,80-100k,-1.0330637037398087
Honda HR-V,2020,33472,21775,22338.0,43,3,2-4,20-40k,-0.0009637173596882559
Chevrolet Equinox,2016,66308,17990,19319.105263157893,171,7,6-8,60-80k,-0.47823903177004334
MINI Countryman,2013,63960,17590,19147.14285714286,42,10,8-10,60-80k,-0.5286776383127493
Ford Fusion,2015,36273,18990,18113.032,125,8,6-8,20-40k,-0.35214251541327846
Dodge Journey,2016,58171,18990,19075.328125,64,7,6-8,40-60k,-0.35214251541327846
Ford Explorer,2016,101150,19590,24112.425531914894,47,7,6-8,100-130k,-0.2764846055992195
Chevrolet Sonic,2016,81022,13590,14630.90909090909,44,7,6-8,80-100k,-1.0330637037398087
Mercedes-Benz GLK-Class,2013,96640,18990,20656.666666666668,3,10,8-10,80-100k,-0.35214251541327846
Nissan Altima,2014,49330,15990,19293.97340425532,188,9,8-10,40-60k,-0.7304320644835731
Nissan LEAF,2014,29971,15990,19142.63157894737,38,9,8-10,20-40k,-0.7304320644835731
Nissan Rogue,2020,43542,20349,20382.880165289258,242,3,2-4,40-60k,-0.18077734968443498
Cadillac ATS,2015,52349,20990,22034.444444444445,18,8,6-8,40-60k,-0.09994948269974868
Volkswagen e-Golf,2015,46133,17990,19099.090909090908,11,8,6-8,40-60k,-0.47823903177004334
FIAT  Spider,2017,42142,21990,24176.666666666668,15,6,4-6,40-60k,0.026147033657016195
Hyundai Santa Fe,2020,42444,23710,23761.17391304348,46,3,2-4,40-60k,0.2430330417906518
Toyota RAV,2018,63149,22990,23160.708333333332,72,5,4-6,60-80k,0.15224355001378106
MINI Clubman,2011,95776,13590,20763.333333333332,15,12,10-15,80-100k,-1.0330637037398087
BMW X,2014,69800,18990,28257.918032786885,61,9,8-10,60-80k,-0.35214251541327846
Ford Escape,2015,40431,17990,19376.448,125,8,6-8,40-60k,-0.47823903177004334
Chevrolet Camaro,2012,32385,20990,26673.675324675325,77,11,10-15,20-40k,-0.09994948269974868
Kia Rio,2020,49333,15810,16682.0,35,3,2-4,40-60k,-0.7531294374277908
FIAT,2012,54147,12990,14531.935483870968,31,11,10-15,40-60k,-1.1087216135538678
Subaru Outback,2016,102737,19590,25362.21153846154,52,7,6-8,100-130k,-0.2764846055992195
Honda Civic,2012,95378,13990,18925.32380952381,210,11,10-15,80-100k,-0.9826250971971029
MINI Countryman,2019,53662,24590,19147.14285714286,42,4,2-4,40-60k,0.3539979761846049
Chevrolet Spark,2018,68213,14590,15980.290909090909,55,5,4-6,60-80k,-0.9069671873830439
Volkswagen Passat,2013,89435,16590,18311.052631578947,76,10,8-10,80-100k,-0.6547741546695142
Nissan Rogue,2021,44241,24995,20382.880165289258,242,2,0-2,40-60k,0.40506706530909464
Nissan Versa,2022,9975,22990,15995.263157894737,95,1,0-2,0-20k,0.15224355001378106
Kia Sedona,2016,104195,16590,19804.285714285714,14,7,6-8,100-130k,-0.6547741546695142
Volkswagen Jetta,2015,72050,14590,17068.442477876106,113,8,6-8,60-80k,-0.9069671873830439
Lexus ES,2015,103273,20590,26148.61111111111,36,8,6-8,100-130k,-0.15038808924245464
Volvo XC,2016,88644,19990,27782.0,25,7,6-8,80-100k,-0.22604599905651357
Mitsubishi Outlander,2019,55229,21590,20020.0,20,4,2-4,40-60k,-0.02429157288568976
Hyundai Sonata,2016,47080,17990,16759.738562091505,153,7,6-8,40-60k,-0.47823903177004334
Chrysler,2015,64683,15590,20993.80612244898,98,8,6-8,60-80k,-0.780870671026279
Honda Odyssey,2013,99735,18990,26213.423076923078,26,10,8-10,80-100k,-0.35214251541327846
Kia Sorento,2017,57309,21990,21217.59405940594,101,6,4-6,40-60k,0.026147033657016195
MINI Countryman,2016,60603,20990,19147.14285714286,42,7,6-8,60-80k,-0.09994948269974868
Nissan Rogue,2016,62233,16990,20382.880165289258,242,7,6-8,60-80k,-0.6043355481268082
MAZDA CX-,2015,31686,21990,23001.7,140,8,6-8,20-40k,0.026147033657016195
Chrysler,2015,99036,14590,20993.80612244898,98,8,6-8,80-100k,-0.9069671873830439
GMC Acadia,2017,83789,22990,26526.174603174604,63,6,4-6,80-100k,0.15224355001378106
BMW  Series,2011,63000,21990,25277.301587301587,126,12,10-15,60-80k,0.026147033657016195
Jeep Renegade,2018,47283,22990,20176.3661971831,71,5,4-6,40-60k,0.15224355001378106
Hyundai Accent,2014,80587,12990,15905.254237288136,59,9,8-10,80-100k,-1.1087216135538678
Volkswagen Jetta,2019,38538,19990,17068.442477876106,113,4,2-4,20-40k,-0.22604599905651357
Subaru Impreza,2015,49506,17990,19643.23076923077,26,8,6-8,40-60k,-0.47823903177004334
Honda Fit,2012,43235,15990,17112.222222222223,54,11,10-15,40-60k,-0.7304320644835731
Kia Rio,2018,18028,18990,16682.0,35,5,4-6,0-20k,-0.35214251541327846
Nissan Sentra,2016,51279,16590,17151.21551724138,116,7,6-8,40-60k,-0.6547741546695142
Volkswagen Jetta,2012,77623,14590,17068.442477876106,113,11,10-15,60-80k,-0.9069671873830439
INFINITI QX,2015,95130,18590,26679.234375,64,8,6-8,80-100k,-0.4025811219559844
Toyota Corolla,2014,75305,15990,18560.486988847584,269,9,8-10,60-80k,-0.7304320644835731
Hyundai Sonata,2013,91027,13990,16759.738562091505,153,10,8-10,80-100k,-0.9826250971971029
Nissan Versa,2019,43518,16990,15995.263157894737,95,4,2-4,40-60k,-0.6043355481268082
Jeep Cherokee,2016,69272,20990,21467.63829787234,141,7,6-8,60-80k,-0.09994948269974868
Hyundai Elantra,2013,79027,14990,17041.33846153846,195,10,8-10,60-80k,-0.856528580840338
Honda Civic,2015,41240,17990,18925.32380952381,210,8,6-8,40-60k,-0.47823903177004334
MAZDA CX-,2019,47655,23990,23001.7,140,4,2-4,40-60k,0.278340066370546
Ford Focus,2014,52355,13590,14996.451612903225,93,9,8-10,40-60k,-1.0330637037398087
Kia Sorento,2018,66784,19990,21217.59405940594,101,5,4-6,60-80k,-0.22604599905651357
Kia Forte,2022,9478,23590,17017.92156862745,102,1,0-2,0-20k,0.22790145982784
Nissan LEAF,2017,45504,16590,19142.63157894737,38,6,4-6,40-60k,-0.6547741546695142
Kia Soul,2013,66616,14590,17106.064516129034,124,10,8-10,60-80k,-0.9069671873830439
Volkswagen Jetta,2019,49355,18990,17068.442477876106,113,4,2-4,40-60k,-0.35214251541327846
Buick Enclave,2017,69970,24990,25804.4,25,6,4-6,60-80k,0.4044365827273108
Kia Rio,2016,72742,13590,16682.0,35,7,6-8,60-80k,-1.0330637037398087
Hyundai Elantra,2015,67118,14990,17041.33846153846,195,8,6-8,60-80k,-0.856528580840338
Kia Forte,2017,96628,13590,17017.92156862745,102,6,4-6,80-100k,-1.0330637037398087
Jeep Cherokee,2021,36427,27569,21467.63829787234,141,2,0-2,20-40k,0.7296394984114075
Volkswagen Jetta,2013,62501,14590,17068.442477876106,113,10,8-10,60-80k,-0.9069671873830439
Hyundai Santa Fe Sport,2015,65395,17590,18512.222222222223,36,8,6-8,60-80k,-0.5286776383127493
Nissan Rogue,2021,32929,26277,20382.880165289258,242,2,0-2,20-40k,0.5667227992784672
Nissan Rogue,2015,83994,16990,20382.880165289258,242,8,6-8,80-100k,-0.6043355481268082
INFINITI QX,2021,42802,29648,26679.234375,64,2,0-2,40-60k,0.9917941559171216
Jeep Wrangler Unlimited,2020,50512,31200,35153.86666666667,15,3,2-4,40-60k,1.1874959493028208
Chevrolet Camaro,2014,40542,24590,26673.675324675325,77,9,8-10,40-60k,0.3539979761846049
GMC Acadia,2016,81523,20990,26526.174603174604,63,7,6-8,80-100k,-0.09994948269974868
Nissan Rogue,2016,90318,15990,20382.880165289258,242,7,6-8,80-100k,-0.7304320644835731
GMC Acadia,2018,49791,26330,26526.174603174604,63,5,4-6,40-60k,0.5734059146453758
Hyundai Elantra,2013,101669,12590,17041.33846153846,195,10,8-10,100-130k,-1.1591602200965736
Toyota Corolla,2016,40479,17990,18560.486988847584,269,7,6-8,40-60k,-0.47823903177004334
Nissan Rogue,2018,77695,20590,20382.880165289258,242,5,4-6,60-80k,-0.15038808924245464
Chevrolet Sonic,2015,95196,12990,14630.90909090909,44,8,6-8,80-100k,-1.1087216135538678
Chevrolet Malibu,2015,20524,18590,19288.927536231884,69,8,6-8,20-40k,-0.4025811219559844
MINI Hardtop,2013,66487,15990,16547.14285714286,14,10,8-10,60-80k,-0.7304320644835731
Buick LaCrosse,2017,43788,23990,18705.78947368421,19,6,4-6,40-60k,0.278340066370546
Honda CR-V,2020,46357,31480,21022.757009345794,107,3,2-4,40-60k,1.2228029738827149
Chevrolet Trailblazer,2021,40125,25040,24824.0,23,2,0-2,40-60k,0.41074140854514907
Nissan Rogue,2014,71208,18990,20382.880165289258,242,9,8-10,60-80k,-0.35214251541327846
MAZDA MAZDA,2017,28912,21990,17840.6338028169,142,6,4-6,20-40k,0.026147033657016195
MINI Hardtop,2013,77768,15590,16547.14285714286,14,10,8-10,60-80k,-0.780870671026279
Hyundai Elantra,2013,79951,13990,17041.33846153846,195,10,8-10,60-80k,-0.9826250971971029
Acura TSX,2010,77516,15590,15950.0,10,13,10-15,60-80k,-0.780870671026279
Honda HR-V,2019,28766,22990,22338.0,43,4,2-4,20-40k,0.15224355001378106
Kia Soul,2016,95734,14590,17106.064516129034,124,7,6-8,80-100k,-0.9069671873830439
Toyota Camry,2016,83998,17990,20721.41134751773,141,7,6-8,80-100k,-0.47823903177004334
Ford Focus,2017,51068,16990,14996.451612903225,93,6,4-6,40-60k,-0.6043355481268082
Nissan Altima,2019,56524,24990,19293.97340425532,188,4,2-4,40-60k,0.4044365827273108
Mercedes-Benz C-Class,2016,48048,24990,25064.074074074073,27,7,6-8,40-60k,0.4044365827273108
Dodge Journey,2018,104456,16590,19075.328125,64,5,4-6,100-130k,-0.6547741546695142
BMW  Series,2017,56429,23590,25277.301587301587,126,6,4-6,40-60k,0.22790145982784
Hyundai Sonata,2014,97531,14990,16759.738562091505,153,9,8-10,80-100k,-0.856528580840338
Mitsubishi Mirage,2018,15195,15990,15890.0,22,5,4-6,0-20k,-0.7304320644835731
Volkswagen Beetle,2013,27061,24590,20275.0,40,10,8-10,20-40k,0.3539979761846049
Dodge Journey,2019,51740,22990,19075.328125,64,4,2-4,40-60k,0.15224355001378106
Kia Niro,2019,72803,21590,23530.0,10,4,2-4,60-80k,-0.02429157288568976
Volkswagen Tiguan,2019,53383,23590,20451.456140350878,57,4,2-4,40-60k,0.22790145982784
Kia Forte,2016,69026,15590,17017.92156862745,102,7,6-8,60-80k,-0.780870671026279
Ford Mustang,2011,93364,21590,25856.117647058825,102,12,10-15,80-100k,-0.02429157288568976
Hyundai Elantra,2022,18134,24990,17041.33846153846,195,1,0-2,0-20k,0.4044365827273108
INFINITI QX,2020,50460,32500,26679.234375,64,3,2-4,40-60k,1.351421420566615
Mitsubishi Mirage,2019,49257,14990,15890.0,22,4,2-4,40-60k,-0.856528580840338
Subaru Outback,2018,76125,22990,25362.21153846154,52,5,4-6,60-80k,0.15224355001378106
Volkswagen Golf GTI,2015,81532,18990,23106.129032258064,31,8,6-8,80-100k,-0.35214251541327846
Nissan Altima,2017,92092,15990,19293.97340425532,188,6,4-6,80-100k,-0.7304320644835731
Volvo S,2012,51731,16590,22542.380952380954,21,11,10-15,40-60k,-0.6547741546695142
Chevrolet Traverse,2021,45640,28900,27964.304347826088,46,2,0-2,40-60k,0.8974739616822616
Buick Enclave,2018,56510,25200,25804.4,25,5,4-6,40-60k,0.43091685116223144
Hyundai Sonata,2013,75000,14990,16759.738562091505,153,10,8-10,60-80k,-0.856528580840338
Chrysler,2021,41095,26000,20993.80612244898,98,2,0-2,40-60k,0.5317940642476434
Volkswagen Passat,2013,76892,14990,18311.052631578947,76,10,8-10,60-80k,-0.856528580840338
Buick Encore,2019,32319,20990,18820.149425287356,87,4,2-4,20-40k,-0.09994948269974868
Dodge Grand Caravan Passenger,2014,69619,15990,18365.342465753423,73,9,8-10,60-80k,-0.7304320644835731
Nissan LEAF,2015,58069,13990,19142.63157894737,38,8,6-8,40-60k,-0.9826250971971029
Toyota Corolla,2022,9120,23990,18560.486988847584,269,1,0-2,0-20k,0.278340066370546
Ford Explorer,2015,82837,19990,24112.425531914894,47,8,6-8,80-100k,-0.22604599905651357
MINI Countryman,2012,14249,19990,19147.14285714286,42,11,10-15,0-20k,-0.22604599905651357
Chevrolet Impala,2018,75781,19990,20195.8,40,5,4-6,60-80k,-0.22604599905651357
Toyota RAV,2016,51835,21990,23160.708333333332,72,7,6-8,40-60k,0.026147033657016195
Toyota Avalon,2013,85531,17590,23526.363636363636,22,10,8-10,80-100k,-0.5286776383127493
Nissan Rogue,2018,83444,18590,20382.880165289258,242,5,4-6,80-100k,-0.4025811219559844
Ford Escape,2020,45050,25634,19376.448,125,3,2-4,40-60k,0.48564273926106744
Nissan Murano,2017,53498,20990,23491.560606060608,66,6,4-6,40-60k,-0.09994948269974868
Volkswagen Beetle,2012,77463,14990,20275.0,40,11,10-15,60-80k,-0.856528580840338
GMC Acadia,2013,101573,17590,26526.174603174604,63,10,8-10,100-130k,-0.5286776383127493
Ford Escape,2020,38000,26551,19376.448,125,3,2-4,20-40k,0.6012732447602208
Nissan Maxima,2021,41887,35551,24153.521739130436,23,2,0-2,40-60k,1.7361418919711047
Acura RDX,2013,87152,17990,24947.275862068964,29,10,8-10,80-100k,-0.47823903177004334
Toyota Camry,2015,89293,16990,20721.41134751773,141,8,6-8,80-100k,-0.6043355481268082
Nissan Sentra,2017,86833,14590,17151.21551724138,116,6,4-6,80-100k,-0.9069671873830439
Hyundai Elantra,2015,58875,15590,17041.33846153846,195,8,6-8,40-60k,-0.780870671026279
Honda Accord,2012,80598,15590,20338.34351145038,131,11,10-15,80-100k,-0.780870671026279
Nissan Altima,2015,54512,15990,19293.97340425532,188,8,6-8,40-60k,-0.7304320644835731
Buick Regal,2016,71522,16990,18630.0,10,7,6-8,60-80k,-0.6043355481268082
Hyundai Sonata,2019,103639,17990,16759.738562091505,153,4,2-4,100-130k,-0.47823903177004334
Jeep Cherokee,2018,48782,23990,21467.63829787234,141,5,4-6,40-60k,0.278340066370546
Toyota Corolla,2019,49734,18990,18560.486988847584,269,4,2-4,40-60k,-0.35214251541327846
Toyota Camry,2011,100015,15990,20721.41134751773,141,12,10-15,100-130k,-0.7304320644835731
Toyota Corolla,2019,60851,18590,18560.486988847584,269,4,2-4,60-80k,-0.4025811219559844
MINI Clubman,2016,23773,23590,20763.333333333332,15,7,6-8,20-40k,0.22790145982784
Volkswagen GTI,2014,91981,16990,17104.285714285714,7,9,8-10,80-100k,-0.6043355481268082
Scion FR-S,2015,82555,20590,21732.85714285714,7,8,6-8,80-100k,-0.15038808924245464
Acura TL,2012,98138,15990,17412.222222222223,9,11,10-15,80-100k,-0.7304320644835731
Ford Focus,2016,53969,23990,14996.451612903225,93,7,6-8,40-60k,0.278340066370546
MAZDA MAZDA,2012,89153,12990,17840.6338028169,142,11,10-15,80-100k,-1.1087216135538678
Volkswagen Jetta,2017,55629,15990,17068.442477876106,113,6,4-6,40-60k,-0.7304320644835731
Acura RDX,2015,62433,21990,24947.275862068964,29,8,6-8,60-80k,0.026147033657016195
Nissan LEAF,2016,28465,16990,19142.63157894737,38,7,6-8,20-40k,-0.6043355481268082
BMW  Series,2017,60311,23990,25277.301587301587,126,6,4-6,60-80k,0.278340066370546
INFINITI QX,2016,79791,19990,26679.234375,64,7,6-8,60-80k,-0.22604599905651357
Ford EcoSport,2018,41253,18590,19908.256756756757,74,5,4-6,40-60k,-0.4025811219559844
Nissan Rogue,2018,43658,19990,20382.880165289258,242,5,4-6,40-60k,-0.22604599905651357
Hyundai Tucson,2015,73828,16990,20007.2,70,8,6-8,60-80k,-0.6043355481268082
Honda Accord,2015,23739,20990,20338.34351145038,131,8,6-8,20-40k,-0.09994948269974868
Nissan Pathfinder,2015,97906,16990,22727.11111111111,36,8,6-8,80-100k,-0.6043355481268082
MINI Hardtop,2014,41897,19590,16547.14285714286,14,9,8-10,40-60k,-0.2764846055992195
Nissan Rogue Select,2014,80455,14990,16376.666666666666,15,9,8-10,80-100k,-0.856528580840338
Audi A,2016,30501,23590,24272.608695652172,46,7,6-8,20-40k,0.22790145982784
Ford EcoSport,2019,23423,19990,19908.256756756757,74,4,2-4,20-40k,-0.22604599905651357
BMW X,2014,72674,24990,28257.918032786885,61,9,8-10,60-80k,0.4044365827273108
Toyota Prius,2012,102290,15990,19496.666666666668,60,11,10-15,100-130k,-0.7304320644835731
Nissan Versa,2019,50535,16990,15995.263157894737,95,4,2-4,40-60k,-0.6043355481268082
Hyundai Santa Fe Sport,2016,102102,18590,18512.222222222223,36,7,6-8,100-130k,-0.4025811219559844
Honda Civic,2015,62376,17590,18925.32380952381,210,8,6-8,60-80k,-0.5286776383127493
MINI Hardtop  Door,2015,34051,18990,20638.64864864865,37,8,6-8,20-40k,-0.35214251541327846
Ford Fusion,2020,45220,19990,18113.032,125,3,2-4,40-60k,-0.22604599905651357
Chevrolet Sonic,2016,84526,12990,14630.90909090909,44,7,6-8,80-100k,-1.1087216135538678
Kia Rio,2016,86363,12990,16682.0,35,7,6-8,80-100k,-1.1087216135538678
Kia Rio,2018,102636,13590,16682.0,35,5,4-6,100-130k,-1.0330637037398087
Acura MDX,2014,65882,24990,23334.444444444445,18,9,8-10,60-80k,0.4044365827273108
Nissan Rogue Select,2015,29317,18990,16376.666666666666,15,8,6-8,20-40k,-0.35214251541327846
Hyundai Tucson,2012,102100,14990,20007.2,70,11,10-15,100-130k,-0.856528580840338
Jeep Grand Cherokee,2016,87465,21590,23092.367346938776,49,7,6-8,80-100k,-0.02429157288568976
Nissan Rogue,2015,62570,20990,20382.880165289258,242,8,6-8,60-80k,-0.09994948269974868
Toyota Prius v,2015,53067,22990,19140.0,12,8,6-8,40-60k,0.15224355001378106
Subaru Outback,2014,87274,18590,25362.21153846154,52,9,8-10,80-100k,-0.4025811219559844
Chrysler Town & Country,2013,95531,16590,17956.666666666668,24,10,8-10,80-100k,-0.6547741546695142
Chevrolet Volt,2014,74585,15590,18150.0,25,9,8-10,60-80k,-0.780870671026279
Nissan Rogue,2021,41242,22204,20382.880165289258,242,2,0-2,40-60k,0.053131688157363875
GMC Acadia,2015,81171,19990,26526.174603174604,63,8,6-8,80-100k,-0.22604599905651357
Buick Envision,2018,55177,22903,24501.2,20,5,4-6,40-60k,0.14127315309074254
Volkswagen Jetta,2013,103445,13990,17068.442477876106,113,10,8-10,100-130k,-0.9826250971971029
Ford Edge,2020,53735,20603,20629.243243243243,74,3,2-4,40-60k,-0.1487488345298167
GMC Terrain,2018,54181,24103,21643.57627118644,59,5,4-6,40-60k,0.29258897271886036
Ford Escape,2018,52607,18593,19376.448,125,5,4-6,40-60k,-0.4022028324069141
Ford Escape,2018,50949,17893,19376.448,125,5,4-6,40-60k,-0.49047039385664953
Volvo XC,2017,68674,24590,27782.0,25,6,4-6,60-80k,0.3539979761846049
Hyundai Tucson,2018,82165,17990,20007.2,70,5,4-6,80-100k,-0.47823903177004334
Chevrolet Sonic,2013,76090,12990,14630.90909090909,44,10,8-10,60-80k,-1.1087216135538678
Chevrolet Volt,2013,68188,15590,18150.0,25,10,8-10,60-80k,-0.780870671026279
Honda Civic,2016,96224,19590,18925.32380952381,210,7,6-8,80-100k,-0.2764846055992195
Kia Soul,2017,56682,15590,17106.064516129034,124,6,4-6,40-60k,-0.780870671026279
Jeep Cherokee,2019,42229,20676,21467.63829787234,141,4,2-4,40-60k,-0.13954378883577287
Chevrolet Spark,2021,10353,18590,15980.290909090909,55,2,0-2,0-20k,-0.4025811219559844
Honda Fit,2016,3058,20590,17112.222222222223,54,7,6-8,0-20k,-0.15038808924245464
Ford Fusion,2016,18110,21990,18113.032,125,7,6-8,0-20k,0.026147033657016195
Chevrolet Equinox,2020,51137,18700,19319.105263157893,171,3,2-4,40-60k,-0.38871050515674027
Toyota Sienna,2011,89315,18590,31905.78947368421,38,12,10-15,80-100k,-0.4025811219559844
Lincoln MKC,2018,54466,22999,23724.125,24,5,4-6,40-60k,0.15337841866099197
Chevrolet Blazer,2020,46572,26642,27322.36842105263,19,3,2-4,40-60k,0.6127480277486864
Mitsubishi Outlander Sport,2020,64703,19590,18771.48148148148,54,3,2-4,60-80k,-0.2764846055992195
Kia Sorento,2015,82196,15990,21217.59405940594,101,8,6-8,80-100k,-0.7304320644835731
Kia Sedona,2016,90606,17990,19804.285714285714,14,7,6-8,80-100k,-0.47823903177004334
Mercedes-Benz C-Class,2013,38403,20990,25064.074074074073,27,10,8-10,20-40k,-0.09994948269974868
Nissan Rogue,2021,40432,25980,20382.880165289258,242,2,0-2,40-60k,0.5292721339205081
Kia Forte,2021,6619,24590,17017.92156862745,102,2,0-2,0-20k,0.3539979761846049
Acura TL,2010,92312,15990,17412.222222222223,9,13,10-15,80-100k,-0.7304320644835731
Nissan Rogue,2017,80917,18590,20382.880165289258,242,6,4-6,80-100k,-0.4025811219559844
Toyota Prius,2015,70303,19590,19496.666666666668,60,8,6-8,60-80k,-0.2764846055992195
Hyundai Sonata,2016,40749,17590,16759.738562091505,153,7,6-8,40-60k,-0.5286776383127493
Honda CR-V,2020,46875,28799,21022.757009345794,107,3,2-4,40-60k,0.8847382135302283
Hyundai Sonata Hybrid,2016,69231,19990,20218.571428571428,7,7,6-8,60-80k,-0.22604599905651357
GMC Yukon XL,2020,87676,38000,30495.0,2,3,2-4,80-100k,2.044952260528822
Chevrolet Cruze,2015,83838,13990,15992.5,80,8,6-8,80-100k,-0.9826250971971029
Mercedes-Benz C-Class,2014,81642,17590,25064.074074074073,27,9,8-10,80-100k,-0.5286776383127493
Chrysler,2015,47788,19990,20993.80612244898,98,8,6-8,40-60k,-0.22604599905651357
Kia Seltos,2021,20369,24990,25770.0,10,2,0-2,20-40k,0.4044365827273108
MINI Countryman,2016,51750,22990,19147.14285714286,42,7,6-8,40-60k,0.15224355001378106
Kia Seltos,2021,24036,24990,25770.0,10,2,0-2,20-40k,0.4044365827273108
GMC Acadia,2021,40780,31705,26526.174603174604,63,2,0-2,40-60k,1.251174690062987
Chevrolet Trax,2016,72069,14990,18076.951219512193,82,7,6-8,60-80k,-0.856528580840338
Volkswagen Jetta SportWagen,2012,74764,16590,16603.333333333332,15,11,10-15,60-80k,-0.6547741546695142
Chevrolet Volt,2017,85384,19590,18150.0,25,6,4-6,80-100k,-0.2764846055992195
Jeep Cherokee,2018,46761,22990,21467.63829787234,141,5,4-6,40-60k,0.15224355001378106
Chevrolet Traverse,2021,41845,32263,27964.304347826088,46,2,0-2,40-60k,1.321536546190062
Ford EcoSport,2018,49695,18590,19908.256756756757,74,5,4-6,40-60k,-0.4025811219559844
Jeep Cherokee,2015,100755,15990,21467.63829787234,141,8,6-8,100-130k,-0.7304320644835731
Ford Flex,2019,50259,25600,23264.36,25,4,2-4,40-60k,0.48135545770493743
Volkswagen Golf,2017,75197,18590,17881.666666666668,24,6,4-6,60-80k,-0.4025811219559844
Volkswagen Golf,2016,54746,17990,17881.666666666668,24,7,6-8,40-60k,-0.47823903177004334
Ford Fiesta,2018,43588,15590,14645.737704918032,61,5,4-6,40-60k,-0.780870671026279
Chrysler,2015,84584,15590,20993.80612244898,98,8,6-8,80-100k,-0.780870671026279
Ford Edge,2011,88253,15990,20629.243243243243,74,12,10-15,80-100k,-0.7304320644835731
Toyota Corolla,2017,61035,18590,18560.486988847584,269,6,4-6,60-80k,-0.4025811219559844
Ford Mustang,2022,15352,31450,25856.117647058825,102,1,0-2,0-20k,1.219020078392012
Hyundai Accent,2022,19353,19990,15905.254237288136,59,1,0-2,0-20k,-0.22604599905651357
MINI Roadster,2013,62521,15990,18030.0,5,10,8-10,60-80k,-0.7304320644835731
Volkswagen Jetta,2015,66523,14590,17068.442477876106,113,8,6-8,60-80k,-0.9069671873830439
Dodge Grand Caravan Passenger,2019,65085,20590,18365.342465753423,73,4,2-4,60-80k,-0.15038808924245464
Nissan Rogue,2017,53180,18990,20382.880165289258,242,6,4-6,40-60k,-0.35214251541327846
Toyota Camry,2012,68320,16990,20721.41134751773,141,11,10-15,60-80k,-0.6043355481268082
Kia Rio,2018,69243,15590,16682.0,35,5,4-6,60-80k,-0.780870671026279
Chevrolet Traverse,2021,41047,29900,27964.304347826088,46,2,0-2,40-60k,1.0235704780390265
Nissan Rogue,2014,84692,17590,20382.880165289258,242,9,8-10,80-100k,-0.5286776383127493
Hyundai Sonata,2015,86741,14590,16759.738562091505,153,8,6-8,80-100k,-0.9069671873830439
Ford Escape,2018,45641,17698,19376.448,125,5,4-6,40-60k,-0.5150592145462187
Kia Soul,2020,9371,22590,17106.064516129034,124,3,2-4,0-20k,0.10180494347107512
Volkswagen Tiguan,2015,59220,16990,20451.456140350878,57,8,6-8,40-60k,-0.6043355481268082
Toyota Corolla,2020,23927,21990,18560.486988847584,269,3,2-4,20-40k,0.026147033657016195
Toyota Corolla,2016,53707,17590,18560.486988847584,269,7,6-8,40-60k,-0.5286776383127493
Nissan Versa Note,2017,72305,14990,14502.5,16,6,4-6,60-80k,-0.856528580840338
Chevrolet Traverse,2021,45842,30451,27964.304347826088,46,2,0-2,40-60k,1.0930496585516039
Nissan JUKE,2011,63193,15990,16066.190476190477,21,12,10-15,60-80k,-0.7304320644835731
GMC Canyon Crew Cab,2020,46433,27765,33861.875,8,3,2-4,40-60k,0.7543544156173334
Chevrolet Equinox,2016,37958,19990,19319.105263157893,171,7,6-8,20-40k,-0.22604599905651357
Kia Optima,2013,89716,15990,17867.048076923078,104,10,8-10,80-100k,-0.7304320644835731
GMC Acadia,2019,37564,29450,26526.174603174604,63,4,2-4,20-40k,0.9668270456784822
Nissan Versa,2021,18452,19590,15995.263157894737,95,2,0-2,0-20k,-0.2764846055992195
Kia Soul,2011,64118,13990,17106.064516129034,124,12,10-15,60-80k,-0.9826250971971029
Honda Accord,2020,42101,31845,20338.34351145038,131,3,2-4,40-60k,1.268828202352934
MINI Countryman,2012,67303,16990,19147.14285714286,42,11,10-15,60-80k,-0.6043355481268082
Kia Seltos,2021,38235,23990,25770.0,10,2,0-2,20-40k,0.278340066370546
Dodge Grand Caravan Passenger,2017,65616,17990,18365.342465753423,73,6,4-6,60-80k,-0.47823903177004334
MINI Countryman,2016,47576,20990,19147.14285714286,42,7,6-8,40-60k,-0.09994948269974868
Toyota Venza,2010,58521,17990,24836.1,10,13,10-15,40-60k,-0.47823903177004334
INFINITI Q,2020,47858,34895,25347.133333333335,30,3,2-4,40-60k,1.653422577241067
Honda CR-V,2019,45185,26551,21022.757009345794,107,4,2-4,40-60k,0.6012732447602208
Mitsubishi Eclipse Cross,2019,73191,18990,21140.0,8,4,2-4,60-80k,-0.35214251541327846
INFINITI QX,2017,46631,27351,26679.234375,64,6,4-6,40-60k,0.7021504578456327
Honda Civic,2020,31989,23990,18925.32380952381,210,3,2-4,20-40k,0.278340066370546
Jeep Renegade,2019,15744,23590,20176.3661971831,71,4,2-4,0-20k,0.22790145982784
Honda Accord,2012,95766,14590,20338.34351145038,131,11,10-15,80-100k,-0.9069671873830439
MINI Countryman,2014,81992,15590,19147.14285714286,42,9,8-10,80-100k,-0.780870671026279
Nissan Rogue,2016,89197,15990,20382.880165289258,242,7,6-8,80-100k,-0.7304320644835731
Lexus RX,2012,62786,21990,27399.52380952381,21,11,10-15,60-80k,0.026147033657016195
Nissan JUKE,2014,58155,15990,16066.190476190477,21,9,8-10,40-60k,-0.7304320644835731
Kia Optima,2015,37372,20990,17867.048076923078,104,8,6-8,20-40k,-0.09994948269974868
Kia Rio,2016,78781,13590,16682.0,35,7,6-8,60-80k,-1.0330637037398087
BMW X,2020,47507,41998,28257.918032786885,61,3,2-4,40-60k,2.549086132923168
Volkswagen Golf,2016,63213,17590,17881.666666666668,24,7,6-8,60-80k,-0.5286776383127493
Kia Rio,2019,38748,17990,16682.0,35,4,2-4,20-40k,-0.47823903177004334
Mitsubishi Mirage G,2020,10580,17990,16790.0,16,3,2-4,0-20k,-0.47823903177004334
Volkswagen Beetle,2018,63679,21990,20275.0,40,5,4-6,60-80k,0.026147033657016195
Hyundai Elantra,2013,34479,14990,17041.33846153846,195,10,8-10,20-40k,-0.856528580840338
Volkswagen Tiguan,2015,90896,15590,20451.456140350878,57,8,6-8,80-100k,-0.780870671026279
Kia Sportage,2020,51576,26703,20804.091954022988,87,3,2-4,40-60k,0.620439915246449
GMC Terrain,2017,42134,20990,21643.57627118644,59,6,4-6,40-60k,-0.09994948269974868
Toyota Camry,2014,82407,16590,20721.41134751773,141,9,8-10,80-100k,-0.6547741546695142
Acura RDX,2014,96848,18590,24947.275862068964,29,9,8-10,80-100k,-0.4025811219559844
Ford Expedition,2020,56141,56103,31170.0,6,3,2-4,40-60k,4.327677496135337
Toyota Avalon,2016,71903,20990,23526.363636363636,22,7,6-8,60-80k,-0.09994948269974868
Ford Mustang,2019,85804,22990,25856.117647058825,102,4,2-4,80-100k,0.15224355001378106
Honda Pilot,2020,44520,28000,25763.433333333334,30,3,2-4,40-60k,0.7839870969611731
Kia Forte Koup,2016,66760,15990,16190.0,3,7,6-8,60-80k,-0.7304320644835731
Honda Fit,2015,64318,16590,17112.222222222223,54,8,6-8,60-80k,-0.6547741546695142
Nissan Sentra,2019,52434,16990,17151.21551724138,116,4,2-4,40-60k,-0.6043355481268082
MINI Hardtop  Door,2016,61933,19590,20638.64864864865,37,7,6-8,60-80k,-0.2764846055992195
Hyundai Santa Fe,2010,46879,15590,23761.17391304348,46,13,10-15,40-60k,-0.780870671026279
GMC Terrain,2017,99529,16990,21643.57627118644,59,6,4-6,80-100k,-0.6043355481268082
Kia Optima,2012,67115,14990,17867.048076923078,104,11,10-15,60-80k,-0.856528580840338
Nissan Versa,2020,8948,20590,15995.263157894737,95,3,2-4,0-20k,-0.15038808924245464
MAZDA CX-,2021,44434,27600,23001.7,140,2,0-2,40-60k,0.7335484904184671
Ford Fusion Energi,2017,48962,23590,21670.0,5,6,4-6,40-60k,0.22790145982784
Dodge Grand Caravan Passenger,2019,68317,19990,18365.342465753423,73,4,2-4,60-80k,-0.22604599905651357
Nissan Sentra,2017,29397,16990,17151.21551724138,116,6,4-6,20-40k,-0.6043355481268082
Chevrolet Equinox,2019,47316,18575,19319.105263157893,171,4,2-4,40-60k,-0.4044725697013359
Dodge Journey,2018,87081,18990,19075.328125,64,5,4-6,80-100k,-0.35214251541327846
Volkswagen Passat,2017,60972,17990,18311.052631578947,76,6,4-6,60-80k,-0.47823903177004334
MAZDA MAZDA,2017,100347,17590,17840.6338028169,142,6,4-6,100-130k,-0.5286776383127493
Nissan Sentra,2017,22226,18590,17151.21551724138,116,6,4-6,20-40k,-0.4025811219559844
Toyota Camry,2019,69524,21990,20721.41134751773,141,4,2-4,60-80k,0.026147033657016195
Honda Accord,2017,67931,21990,20338.34351145038,131,6,4-6,60-80k,0.026147033657016195
Subaru Outback,2017,62138,22990,25362.21153846154,52,6,4-6,60-80k,0.15224355001378106
Lincoln MKZ,2014,59196,17990,21467.777777777777,18,9,8-10,40-60k,-0.47823903177004334
Ford Fusion,2019,47203,21590,18113.032,125,4,2-4,40-60k,-0.02429157288568976
Ford Escape,2017,64221,18990,19376.448,125,6,4-6,60-80k,-0.35214251541327846
Ford Escape,2013,81523,14990,19376.448,125,10,8-10,80-100k,-0.856528580840338
Hyundai Santa Fe Sport,2015,91653,15990,18512.222222222223,36,8,6-8,80-100k,-0.7304320644835731
Toyota Corolla,2022,11028,23990,18560.486988847584,269,1,0-2,0-20k,0.278340066370546
MINI Countryman,2013,96007,14990,19147.14285714286,42,10,8-10,80-100k,-0.856528580840338
Toyota C-HR,2018,87014,19990,23407.366666666665,30,5,4-6,80-100k,-0.22604599905651357
Hyundai Accent,2014,33059,15990,15905.254237288136,59,9,8-10,20-40k,-0.7304320644835731
Hyundai Elantra,2016,30885,16990,17041.33846153846,195,7,6-8,20-40k,-0.6043355481268082
Hyundai Tucson,2019,43257,23590,20007.2,70,4,2-4,40-60k,0.22790145982784
Nissan Maxima,2016,21301,24590,24153.521739130436,23,7,6-8,20-40k,0.3539979761846049
Chrysler,2013,6082,22990,20993.80612244898,98,10,8-10,0-20k,0.15224355001378106
Hyundai Kona,2020,42667,19990,22149.1,30,3,2-4,40-60k,-0.22604599905651357
Chevrolet Spark EV,2016,29761,15990,15332.857142857143,14,7,6-8,20-40k,-0.7304320644835731
Hyundai Elantra,2013,14119,18590,17041.33846153846,195,10,8-10,0-20k,-0.4025811219559844
Nissan Sentra,2017,72200,14990,17151.21551724138,116,6,4-6,60-80k,-0.856528580840338
Jeep Cherokee,2019,51212,20924,21467.63829787234,141,4,2-4,40-60k,-0.10827185277929517
MINI Hardtop,2013,48276,16990,16547.14285714286,14,10,8-10,40-60k,-0.6043355481268082
Ford Fusion,2013,92266,13990,18113.032,125,10,8-10,80-100k,-0.9826250971971029
Nissan Rogue,2016,82463,18590,20382.880165289258,242,7,6-8,80-100k,-0.4025811219559844
Buick Encore,2019,38910,18352,18820.149425287356,87,4,2-4,20-40k,-0.43259209284889444
Lexus IS,2013,94775,18990,23340.0,28,10,8-10,80-100k,-0.35214251541327846
Nissan Rogue,2015,41387,19990,20382.880165289258,242,8,6-8,40-60k,-0.22604599905651357
Honda Civic,2019,46374,23590,18925.32380952381,210,4,2-4,40-60k,0.22790145982784
Ford EcoSport,2021,15885,19990,19908.256756756757,74,2,0-2,0-20k,-0.22604599905651357
Honda HR-V,2017,63782,20590,22338.0,43,6,4-6,60-80k,-0.15038808924245464
Ford Edge,2013,63113,17990,20629.243243243243,74,10,8-10,60-80k,-0.47823903177004334
Toyota Camry,2011,31608,16990,20721.41134751773,141,12,10-15,20-40k,-0.6043355481268082
MINI Countryman,2016,74951,18990,19147.14285714286,42,7,6-8,60-80k,-0.35214251541327846
Chevrolet Trailblazer,2021,39427,22625,24824.0,23,2,0-2,20-40k,0.1062183215435619
Nissan Rogue,2017,65534,19590,20382.880165289258,242,6,4-6,60-80k,-0.2764846055992195
Honda Civic,2014,59486,15990,18925.32380952381,210,9,8-10,40-60k,-0.7304320644835731
Hyundai Santa Fe,2017,68103,21990,23761.17391304348,46,6,4-6,60-80k,0.026147033657016195
Hyundai Sonata,2013,92786,15590,16759.738562091505,153,10,8-10,80-100k,-0.780870671026279
Subaru Outback,2013,64453,19590,25362.21153846154,52,10,8-10,60-80k,-0.2764846055992195
Nissan Rogue,2021,39273,24685,20382.880165289258,242,2,0-2,20-40k,0.36597714523849756
Hyundai Santa Fe Sport,2014,87952,15990,18512.222222222223,36,9,8-10,80-100k,-0.7304320644835731
Toyota Corolla,2022,32792,21990,18560.486988847584,269,1,0-2,20-40k,0.026147033657016195
Jeep Cherokee,2019,45837,22475,21467.63829787234,141,4,2-4,40-60k,0.08730384409004716
BMW i,2015,43578,21590,20447.894736842107,38,8,6-8,40-60k,-0.02429157288568976
Nissan Kicks,2020,46949,19874,19809.626373626375,91,3,2-4,40-60k,-0.2406731949538983
Toyota Yaris iA,2017,40852,17990,17540.0,4,6,4-6,40-60k,-0.47823903177004334
Kia Optima,2016,37212,18990,17867.048076923078,104,7,6-8,20-40k,-0.35214251541327846
Nissan Kicks,2020,38920,19325,19809.626373626375,91,3,2-4,20-40k,-0.3099001824337622
Kia Forte,2016,74152,14590,17017.92156862745,102,7,6-8,60-80k,-0.9069671873830439
Chevrolet Sonic,2013,46171,13590,14630.90909090909,44,10,8-10,40-60k,-1.0330637037398087
Volkswagen CC,2014,68726,16990,16275.714285714286,14,9,8-10,60-80k,-0.6043355481268082
FIAT L,2015,50235,15990,16690.0,12,8,6-8,40-60k,-0.7304320644835731
Toyota Corolla,2019,18849,20990,18560.486988847584,269,4,2-4,0-20k,-0.09994948269974868
GMC Terrain,2014,32828,19990,21643.57627118644,59,9,8-10,20-40k,-0.22604599905651357
Nissan Kicks,2021,45819,18231,19809.626373626375,91,2,0-2,40-60k,-0.447849771328063
Toyota Camry,2021,48492,22990,20721.41134751773,141,2,0-2,40-60k,0.15224355001378106
Honda CR-V,2018,50142,20975,21022.757009345794,107,5,4-6,40-60k,-0.10184093044510016
Toyota Corolla Hatchback,2019,34816,22990,24646.666666666668,9,4,2-4,20-40k,0.15224355001378106
Toyota Corolla,2017,8919,20990,18560.486988847584,269,6,4-6,0-20k,-0.09994948269974868
MAZDA CX-,2017,51702,22590,23001.7,140,6,4-6,40-60k,0.10180494347107512
FIAT X,2016,54246,15990,17755.217391304348,23,7,6-8,40-60k,-0.7304320644835731
Jeep Patriot,2014,72230,15590,16252.5,48,9,8-10,60-80k,-0.780870671026279
Hyundai Sonata,2013,45062,16590,16759.738562091505,153,10,8-10,40-60k,-0.6547741546695142
Kia Optima,2014,52602,17990,17867.048076923078,104,9,8-10,40-60k,-0.47823903177004334
Hyundai Tucson,2014,59397,16990,20007.2,70,9,8-10,40-60k,-0.6043355481268082
Chevrolet Equinox,2019,49346,18174,19319.105263157893,171,4,2-4,40-60k,-0.45503727276039857
Jeep Renegade,2021,26873,22990,20176.3661971831,71,2,0-2,20-40k,0.15224355001378106
Hyundai Veloster,2016,72450,17590,17090.3125,32,7,6-8,60-80k,-0.5286776383127493
Buick Encore,2017,59908,17990,18820.149425287356,87,6,4-6,40-60k,-0.47823903177004334
Chevrolet Equinox,2019,48051,17692,19319.105263157893,171,4,2-4,40-60k,-0.5158157936443593
Toyota Camry,2021,40038,24990,20721.41134751773,141,2,0-2,40-60k,0.4044365827273108
Nissan Rogue,2021,41157,23254,20382.880165289258,242,2,0-2,40-60k,0.185533030331967
Hyundai Santa Fe,2019,52175,24590,23761.17391304348,46,4,2-4,40-60k,0.3539979761846049
BMW  Series,2014,44561,19990,25277.301587301587,126,9,8-10,40-60k,-0.22604599905651357
Dodge Challenger,2012,80626,19590,31835.757575757576,33,11,10-15,80-100k,-0.2764846055992195
Hyundai Veloster,2013,72122,14590,17090.3125,32,10,8-10,60-80k,-0.9069671873830439
Chevrolet Equinox,2018,47167,19274,19319.105263157893,171,5,4-6,40-60k,-0.3163311047679572
Jeep Grand Cherokee,2015,95162,19990,23092.367346938776,49,8,6-8,80-100k,-0.22604599905651357
Ford EcoSport,2021,10632,20590,19908.256756756757,74,2,0-2,0-20k,-0.15038808924245464
Toyota Venza,2015,99218,17990,24836.1,10,8,6-8,80-100k,-0.47823903177004334
Subaru Impreza,2019,43557,23974,19643.23076923077,26,4,2-4,40-60k,0.27632252210883773
Nissan Altima,2021,42663,17973,19293.97340425532,188,2,0-2,40-60k,-0.48038267254810835
Ford Fiesta,2018,28771,15590,14645.737704918032,61,5,4-6,20-40k,-0.780870671026279
Ford Focus,2015,82611,12990,14996.451612903225,93,8,6-8,80-100k,-1.1087216135538678
Ford Fusion,2018,43102,17774,18113.032,125,5,4-6,40-60k,-0.5054758793031046
Kia Forte,2018,66731,15990,17017.92156862745,102,5,4-6,60-80k,-0.7304320644835731
MAZDA MX- Miata,2011,92884,16590,22241.28205128205,39,12,10-15,80-100k,-0.6547741546695142
Toyota Corolla,2016,46719,18990,18560.486988847584,269,7,6-8,40-60k,-0.35214251541327846
MAZDA MAZDA,2017,27641,24590,17840.6338028169,142,6,4-6,20-40k,0.3539979761846049
Ford Mustang,2016,92658,20590,25856.117647058825,102,7,6-8,80-100k,-0.15038808924245464
Buick Regal Sportback,2018,37610,23990,22191.666666666668,3,5,4-6,20-40k,0.278340066370546
MAZDA MX- Miata,2012,37770,18990,22241.28205128205,39,11,10-15,20-40k,-0.35214251541327846
Nissan Kicks,2021,40659,18675,19809.626373626375,91,2,0-2,40-60k,-0.39186291806565937
Volkswagen Passat,2018,46412,19990,18311.052631578947,76,5,4-6,40-60k,-0.22604599905651357
Ford EcoSport,2018,35376,18590,19908.256756756757,74,5,4-6,20-40k,-0.4025811219559844
Volkswagen CC,2014,52400,16590,16275.714285714286,14,9,8-10,40-60k,-0.6547741546695142
Dodge Challenger,2016,56955,23590,31835.757575757576,33,7,6-8,40-60k,0.22790145982784
Nissan Versa,2018,37854,14990,15995.263157894737,95,5,4-6,20-40k,-0.856528580840338
Chevrolet Blazer,2020,51899,24322,27322.36842105263,19,3,2-4,40-60k,0.3202041098009919
Jeep Grand Cherokee,2018,53030,29203,23092.367346938776,49,5,4-6,40-60k,0.9356812061383613
Kia Optima,2015,100048,14590,17867.048076923078,104,8,6-8,100-130k,-0.9069671873830439
Nissan Altima,2021,46397,19999,19293.97340425532,188,2,0-2,40-60k,-0.2249111304093027
Honda Civic,2012,82701,14590,18925.32380952381,210,11,10-15,80-100k,-0.9069671873830439
Hyundai Santa Fe Sport,2017,101767,16590,18512.222222222223,36,6,4-6,100-130k,-0.6547741546695142
Nissan Murano,2014,39192,17990,23491.560606060608,66,9,8-10,20-40k,-0.47823903177004334
Toyota RAV,2012,82687,16590,23160.708333333332,72,11,10-15,80-100k,-0.6547741546695142
Nissan Rogue Sport,2019,49022,19089,20399.048387096773,62,4,2-4,40-60k,-0.3396589602939587
Dodge Journey,2014,101236,16990,19075.328125,64,9,8-10,100-130k,-0.6043355481268082
Hyundai Elantra,2019,42044,17769,17041.33846153846,195,4,2-4,40-60k,-0.5061063618848883
Nissan Rogue,2016,77271,17990,20382.880165289258,242,7,6-8,60-80k,-0.47823903177004334
Mercedes-Benz GLA-Class,2015,53569,22590,28856.666666666668,3,8,6-8,40-60k,0.10180494347107512
Chevrolet Equinox,2019,49836,21445,19319.105263157893,171,4,2-4,40-60k,-0.04257556775742067
Acura RDX,2012,93140,15990,24947.275862068964,29,11,10-15,80-100k,-0.7304320644835731
Nissan Altima,2020,48590,17003,19293.97340425532,188,3,2-4,40-60k,-0.6026962934141703
Nissan Altima,2019,56885,21590,19293.97340425532,188,4,2-4,40-60k,-0.02429157288568976
Lexus RX,2011,101635,18590,27399.52380952381,21,12,10-15,100-130k,-0.4025811219559844
Nissan Versa,2021,45574,15693,15995.263157894737,95,2,0-2,40-60k,-0.7678827298415323
Chevrolet Camaro,2010,65033,17590,26673.675324675325,77,13,10-15,60-80k,-0.5286776383127493
Chevrolet Spark,2016,101536,12590,15980.290909090909,55,7,6-8,100-130k,-1.1591602200965736
Chevrolet Camaro,2015,92307,18990,26673.675324675325,77,8,6-8,80-100k,-0.35214251541327846
Chevrolet Equinox,2021,37421,20375,19319.105263157893,171,2,0-2,20-40k,-0.1774988402591591
Ford Focus,2016,17863,15990,14996.451612903225,93,7,6-8,0-20k,-0.7304320644835731
Toyota Prius,2017,71548,24990,19496.666666666668,60,6,4-6,60-80k,0.4044365827273108
Nissan Rogue,2021,50676,23150,20382.880165289258,242,2,0-2,40-60k,0.17241899263086347
Subaru Crosstrek,2017,99895,19990,24538.548387096773,31,6,4-6,80-100k,-0.22604599905651357
Nissan Frontier King Cab,2020,49647,23990,24310.0,5,3,2-4,40-60k,0.278340066370546
GMC Terrain,2018,60330,18903,21643.57627118644,59,5,4-6,60-80k,-0.363112912336317
Ford Focus,2017,40449,16990,14996.451612903225,93,6,4-6,40-60k,-0.6043355481268082
Honda CR-V,2014,46398,21590,21022.757009345794,107,9,8-10,40-60k,-0.02429157288568976
MAZDA CX-,2021,40424,19099,23001.7,140,2,0-2,40-60k,-0.3383979951303911
Toyota Corolla,2011,85602,13590,18560.486988847584,269,12,10-15,80-100k,-1.0330637037398087
Nissan Rogue,2020,44085,23250,20382.880165289258,242,3,2-4,40-60k,0.18502864426653995
Ford EcoSport,2020,22533,19990,19908.256756756757,74,3,2-4,20-40k,-0.22604599905651357
Toyota Sienna,2014,70710,20990,31905.78947368421,38,9,8-10,60-80k,-0.09994948269974868
Chevrolet Equinox,2015,56542,17590,19319.105263157893,171,8,6-8,40-60k,-0.5286776383127493
Chevrolet Equinox,2019,64378,18803,19319.105263157893,171,4,2-4,60-80k,-0.3757225639719935
Kia Forte,2016,24446,15990,17017.92156862745,102,7,6-8,20-40k,-0.7304320644835731
Mitsubishi Outlander,2019,52573,19990,20020.0,20,4,2-4,40-60k,-0.22604599905651357
Nissan Pathfinder,2017,71811,19990,22727.11111111111,36,6,4-6,60-80k,-0.22604599905651357
MINI Paceman,2013,85499,14990,16110.0,5,10,8-10,80-100k,-0.856528580840338
Honda Fit,2019,18207,20590,17112.222222222223,54,4,2-4,0-20k,-0.15038808924245464
Volkswagen Tiguan,2019,42636,24990,20451.456140350878,57,4,2-4,40-60k,0.4044365827273108
Toyota Prius,2013,83429,16590,19496.666666666668,60,10,8-10,80-100k,-0.6547741546695142
Toyota Prius,2015,80800,18590,19496.666666666668,60,8,6-8,80-100k,-0.4025811219559844
Chevrolet Cruze Limited,2016,97641,13990,14818.57142857143,14,7,6-8,80-100k,-0.9826250971971029
Volkswagen Passat,2017,24145,22990,18311.052631578947,76,6,4-6,20-40k,0.15224355001378106
Jeep Cherokee,2017,44747,19590,21467.63829787234,141,6,4-6,40-60k,-0.2764846055992195
Nissan LEAF,2018,38469,22990,19142.63157894737,38,5,4-6,20-40k,0.15224355001378106
Ford Escape,2018,79083,16503,19376.448,125,5,4-6,60-80k,-0.6657445515925527
MAZDA MAZDA,2013,97979,12990,17840.6338028169,142,10,8-10,80-100k,-1.1087216135538678
Ford EcoSport,2020,53993,16600,19908.256756756757,74,3,2-4,40-60k,-0.6535131895059465
Toyota Camry,2018,45551,20795,20721.41134751773,141,5,4-6,40-60k,-0.12453830338931784
Nissan Versa,2015,68910,13990,15995.263157894737,95,8,6-8,60-80k,-0.9826250971971029
Ford Flex,2018,63051,24990,23264.36,25,5,4-6,60-80k,0.4044365827273108
Mercedes-Benz E-Class,2014,45033,23590,24882.30769230769,26,9,8-10,40-60k,0.22790145982784
Toyota Prius,2015,33869,22990,19496.666666666668,60,8,6-8,20-40k,0.15224355001378106
Chevrolet Cruze,2015,61465,14590,15992.5,80,8,6-8,60-80k,-0.9069671873830439
Nissan Rogue Sport,2021,42670,19239,20399.048387096773,62,2,0-2,40-60k,-0.320744482840444
Chevrolet Sonic,2017,94913,12990,14630.90909090909,44,6,4-6,80-100k,-1.1087216135538678
Honda Accord,2018,87888,23990,20338.34351145038,131,5,4-6,80-100k,0.278340066370546
Hyundai Elantra,2017,103885,14590,17041.33846153846,195,6,4-6,100-130k,-0.9069671873830439
Hyundai Veloster,2014,28453,17990,17090.3125,32,9,8-10,20-40k,-0.47823903177004334
Buick Encore,2020,54257,17503,18820.149425287356,87,3,2-4,40-60k,-0.5396480352357879
Nissan Pathfinder,2014,48237,18990,22727.11111111111,36,9,8-10,40-60k,-0.35214251541327846
Chevrolet Impala,2013,73314,14590,20195.8,40,10,8-10,60-80k,-0.9069671873830439
Volkswagen Tiguan Limited,2017,24196,21590,18865.0,8,6,4-6,20-40k,-0.02429157288568976
Honda Civic,2019,41755,21590,18925.32380952381,210,4,2-4,40-60k,-0.02429157288568976
Nissan Altima,2013,10862,19590,19293.97340425532,188,10,8-10,0-20k,-0.2764846055992195
FIAT  Spider,2019,3207,24990,24176.666666666668,15,4,2-4,0-20k,0.4044365827273108
Nissan Kicks,2020,11545,23590,19809.626373626375,91,3,2-4,0-20k,0.22790145982784
Ford EcoSport,2019,41898,18590,19908.256756756757,74,4,2-4,40-60k,-0.4025811219559844
Honda CR-V,2019,67931,24975,21022.757009345794,107,4,2-4,60-80k,0.4025451349819594
Dodge Journey,2019,30718,22590,19075.328125,64,4,2-4,20-40k,0.10180494347107512
Ford Escape,2019,50634,22751,19376.448,125,4,2-4,40-60k,0.12210648260451427
MAZDA MX- Miata,2010,52406,17990,22241.28205128205,39,13,10-15,40-60k,-0.47823903177004334
Nissan Rogue Sport,2021,34538,19750,20399.048387096773,62,2,0-2,20-40k,-0.25630916298213713
Nissan Rogue,2021,51405,23403,20382.880165289258,242,2,0-2,40-60k,0.20432141126912498
Hyundai Santa Fe,2021,54656,22233,23761.17391304348,46,2,0-2,40-60k,0.05678848713171006
Nissan Altima,2021,48319,20188,19293.97340425532,188,2,0-2,40-60k,-0.2010788888178741
Ford Flex,2018,61906,24990,23264.36,25,5,4-6,60-80k,0.4044365827273108
Mercedes-Benz CLA-Class,2015,65895,23990,23256.666666666668,6,8,6-8,60-80k,0.278340066370546
Audi A,2014,64353,21990,24272.608695652172,46,9,8-10,60-80k,0.026147033657016195
Hyundai Santa Fe,2019,56747,21990,23761.17391304348,46,4,2-4,40-60k,0.026147033657016195
Toyota Corolla,2021,13008,24990,18560.486988847584,269,2,0-2,0-20k,0.4044365827273108
Hyundai Sonata,2019,41629,19590,16759.738562091505,153,4,2-4,40-60k,-0.2764846055992195
Chevrolet Cruze,2014,57535,14590,15992.5,80,9,8-10,40-60k,-0.9069671873830439
Chevrolet Trailblazer,2021,51166,23075,24824.0,23,2,0-2,40-60k,0.16296175390410608
Nissan Altima,2017,69342,17590,19293.97340425532,188,6,4-6,60-80k,-0.5286776383127493
Nissan Versa,2021,8339,19990,15995.263157894737,95,2,0-2,0-20k,-0.22604599905651357
INFINITI G,2009,86506,15590,18252.5,16,14,10-15,80-100k,-0.780870671026279
Ford Escape,2021,32051,22993,19376.448,125,2,0-2,20-40k,0.15262183956285136
Ford Escape,2015,43985,17990,19376.448,125,8,6-8,40-60k,-0.47823903177004334
Ford Edge,2011,65808,16990,20629.243243243243,74,12,10-15,60-80k,-0.6043355481268082
Kia Forte,2017,81706,14990,17017.92156862745,102,6,4-6,80-100k,-0.856528580840338
Toyota Corolla,2017,98083,15990,18560.486988847584,269,6,4-6,80-100k,-0.7304320644835731
Volkswagen Jetta,2019,45709,18654,17068.442477876106,113,4,2-4,40-60k,-0.39451094490915145
Hyundai Veloster,2013,97264,13990,17090.3125,32,10,8-10,80-100k,-0.9826250971971029
Nissan Pathfinder,2014,50187,22990,22727.11111111111,36,9,8-10,40-60k,0.15224355001378106
Dodge Grand Caravan Passenger,2014,94376,15590,18365.342465753423,73,9,8-10,80-100k,-0.780870671026279
Kia Sorento,2011,38830,15990,21217.59405940594,101,12,10-15,20-40k,-0.7304320644835731
Nissan Sentra,2017,42022,15590,17151.21551724138,116,6,4-6,40-60k,-0.780870671026279
Volkswagen Jetta,2013,56097,13990,17068.442477876106,113,10,8-10,40-60k,-0.9826250971971029
Kia Seltos,2021,41481,23990,25770.0,10,2,0-2,40-60k,0.278340066370546
Kia Sportage,2018,54094,20375,20804.091954022988,87,5,4-6,40-60k,-0.1774988402591591
Kia Forte,2018,34586,17590,17017.92156862745,102,5,4-6,20-40k,-0.5286776383127493
Hyundai Elantra,2017,76515,14990,17041.33846153846,195,6,4-6,60-80k,-0.856528580840338
Nissan Altima,2021,44199,19702,19293.97340425532,188,2,0-2,40-60k,-0.2623617957672619
Ford Fiesta,2014,97116,11990,14645.737704918032,61,9,8-10,80-100k,-1.2348181299106327
Kia Forte,2019,79525,17990,17017.92156862745,102,4,2-4,60-80k,-0.47823903177004334
Nissan Rogue,2016,62185,17990,20382.880165289258,242,7,6-8,60-80k,-0.47823903177004334
BMW i,2014,34812,19590,20447.894736842107,38,9,8-10,20-40k,-0.2764846055992195
Ford Fusion,2020,52654,17993,18113.032,125,3,2-4,40-60k,-0.477860742220973
Kia Sorento,2013,64472,16990,21217.59405940594,101,10,8-10,60-80k,-0.6043355481268082
Nissan Rogue,2016,66105,16990,20382.880165289258,242,7,6-8,60-80k,-0.6043355481268082
Kia Forte,2015,82869,13590,17017.92156862745,102,8,6-8,80-100k,-1.0330637037398087
Chevrolet Equinox,2020,50048,19803,19319.105263157893,171,3,2-4,40-60k,-0.2496260476152286
Honda CR-V,2019,50772,22503,21022.757009345794,107,4,2-4,40-60k,0.09083454654803658
Nissan Rogue,2016,64498,16990,20382.880165289258,242,7,6-8,60-80k,-0.6043355481268082
Nissan Kicks,2021,43263,18303,19809.626373626375,91,2,0-2,40-60k,-0.43877082215037594
Hyundai Sonata,2017,39492,17990,16759.738562091505,153,6,4-6,20-40k,-0.47823903177004334
FIAT,2013,59888,14990,14531.935483870968,31,10,8-10,40-60k,-0.856528580840338
BMW  Series,2012,100946,16990,25277.301587301587,126,11,10-15,100-130k,-0.6043355481268082
Hyundai Elantra,2017,82303,14990,17041.33846153846,195,6,4-6,80-100k,-0.856528580840338
Hyundai Elantra,2020,23812,20990,17041.33846153846,195,3,2-4,20-40k,-0.09994948269974868
Buick Encore,2014,92603,15990,18820.149425287356,87,9,8-10,80-100k,-0.7304320644835731
Kia Optima,2019,36005,22590,17867.048076923078,104,4,2-4,20-40k,0.10180494347107512
Scion tC,2016,43687,18990,17480.909090909092,11,7,6-8,40-60k,-0.35214251541327846
Chevrolet Trax,2018,45036,16575,18076.951219512193,82,5,4-6,40-60k,-0.6566656024148656
Nissan LEAF,2015,59460,15590,19142.63157894737,38,8,6-8,40-60k,-0.780870671026279
Jeep Cherokee,2019,21032,23990,21467.63829787234,141,4,2-4,20-40k,0.278340066370546
MINI Hardtop  Door,2017,58200,21990,20638.64864864865,37,6,4-6,40-60k,0.026147033657016195
Buick Encore,2018,45986,16999,18820.149425287356,87,5,4-6,40-60k,-0.6032006794795973
BMW  Series,2016,47671,21990,25277.301587301587,126,7,6-8,40-60k,0.026147033657016195
Chevrolet Malibu,2018,85897,17990,19288.927536231884,69,5,4-6,80-100k,-0.47823903177004334
Chevrolet Equinox,2020,53102,19758,19319.105263157893,171,3,2-4,40-60k,-0.25530039085128303
Chevrolet Trax,2020,34982,19990,18076.951219512193,82,3,2-4,20-40k,-0.22604599905651357
Honda Civic,2014,18508,19990,18925.32380952381,210,9,8-10,0-20k,-0.22604599905651357
Nissan Altima,2017,42810,17590,19293.97340425532,188,6,4-6,40-60k,-0.5286776383127493
Jeep Cherokee,2020,23301,24990,21467.63829787234,141,3,2-4,20-40k,0.4044365827273108
Kia Sorento,2014,73521,15990,21217.59405940594,101,9,8-10,60-80k,-0.7304320644835731
Nissan Titan Crew Cab,2015,98997,24590,33675.71428571428,7,8,6-8,80-100k,0.3539979761846049
Lexus RX,2017,38268,35590,27399.52380952381,21,6,4-6,20-40k,1.7410596561090186
Jeep Wrangler,2012,30015,26590,26477.5,32,11,10-15,20-40k,0.6061910088981346
Kia Sportage,2021,18420,29990,20804.091954022988,87,2,0-2,0-20k,1.0349191645111353
Jeep Wrangler,2015,77151,30990,26477.5,32,8,6-8,60-80k,1.1610156808679002
Jeep Wrangler,2016,71523,27990,26477.5,32,7,6-8,60-80k,0.7827261317976055
Ford Bronco Sport,2022,5617,35590,34074.625,16,1,0-2,0-20k,1.7410596561090186
Ford Bronco Sport,2021,5346,33590,34074.625,16,2,0-2,0-20k,1.4888666233954888
Ford Maverick,2022,5787,38990,36323.333333333336,3,1,0-2,0-20k,2.1697878117220193
BMW Z,2011,48744,27590,28390.0,6,12,10-15,40-60k,0.7322875252548995
Toyota Tacoma Double Cab,2021,18180,33590,33790.0,28,2,0-2,0-20k,1.4888666233954888
Honda Civic,2020,45261,21498,18925.32380952381,210,3,2-4,40-60k,-0.03589245239051213
Chevrolet Silverado  Crew Cab,2021,13956,43590,38677.5,16,2,0-2,0-20k,2.7498317869631377
Alfa Romeo Giulia,2018,22441,29990,28523.333333333332,6,5,4-6,20-40k,1.0349191645111353
Honda Accord,2018,74725,25590,20338.34351145038,131,5,4-6,60-80k,0.48009449254136977
Mercedes-Benz GLA-Class,2015,57778,29990,28856.666666666668,3,8,6-8,40-60k,1.0349191645111353
Nissan Maxima,2019,58703,26590,24153.521739130436,23,4,2-4,40-60k,0.6061910088981346
INFINITI G,2011,83681,15590,18252.5,16,12,10-15,80-100k,-0.780870671026279
Audi Q,2022,20917,39590,25158.42105263158,19,1,0-2,20-40k,2.245445721536078
Jeep Grand Cherokee,2020,27539,36590,23092.367346938776,49,3,2-4,20-40k,1.8671561724657835
Hyundai Tucson,2018,13930,27590,20007.2,70,5,4-6,0-20k,0.7322875252548995
Jaguar F-TYPE,2021,6943,60590,47492.0,5,2,0-2,0-20k,4.893472565028141
Nissan Altima,2021,43805,20488,19293.97340425532,188,2,0-2,40-60k,-0.16324993391084466
Honda Insight,2021,24538,27990,25270.0,10,2,0-2,20-40k,0.7827261317976055
BMW i,2018,21392,28590,20447.894736842107,38,5,4-6,20-40k,0.8583840416116644
Mercedes-Benz GLC,2019,36458,35990,31190.0,12,4,2-4,20-40k,1.7914982626517246
Kia Optima,2019,51519,17474,17867.048076923078,104,4,2-4,40-60k,-0.543304834210134
Honda Accord,2022,11288,33990,20338.34351145038,131,1,0-2,0-20k,1.5393052299381949
BMW M,2015,73624,36990,50612.22222222222,9,8,6-8,60-80k,1.9175947790084895
Honda CR-V,2017,14534,28990,21022.757009345794,107,6,4-6,0-20k,0.9088226481543704
Toyota Highlander Hybrid,2022,4985,43990,45990.0,2,1,0-2,0-20k,2.8002703935058437
Mercedes-Benz Mercedes-AMG C-Class,2020,18923,54990,49856.666666666664,3,3,2-4,0-20k,4.187332073430258
Chevrolet Silverado  Double Cab,2018,92149,27590,31525.333333333332,9,5,4-6,80-100k,0.7322875252548995
Honda Civic,2020,21493,30990,18925.32380952381,210,3,2-4,20-40k,1.1610156808679002
Chevrolet Spark,2021,42194,13256,15980.290909090909,55,2,0-2,40-60k,-1.0751799402029683
MAZDA CX-,2021,7723,34990,23001.7,140,2,0-2,0-20k,1.6654017462949597
Ram  Crew Cab,2014,57716,30590,42332.857142857145,14,9,8-10,40-60k,1.1105770743251941
GMC Terrain,2020,49407,21999,21643.57627118644,59,3,2-4,40-60k,0.027281902304227078
Chevrolet Corvette,2014,34623,46590,48640.0,20,9,8-10,20-40k,3.1281213360334323
Chevrolet Equinox,2018,46977,18000,19319.105263157893,171,5,4-6,40-60k,-0.4769780666064757
Chevrolet Corvette,2014,17207,47990,48640.0,20,9,8-10,0-20k,3.3046564589329033
Ford Mustang,2014,10035,65990,25856.117647058825,102,9,8-10,0-20k,5.574393753354672
Ford Escape,2019,68858,19999,19376.448,125,4,2-4,60-80k,-0.2249111304093027
Honda Accord,2022,3461,30990,20338.34351145038,131,1,0-2,0-20k,1.1610156808679002
Chevrolet Camaro,2018,13453,27590,26673.675324675325,77,5,4-6,0-20k,0.7322875252548995
Honda Civic,2012,74199,15590,18925.32380952381,210,11,10-15,60-80k,-0.780870671026279
BMW  Series,2015,65310,25590,25277.301587301587,126,8,6-8,60-80k,0.48009449254136977
Nissan Kicks,2021,47552,18203,19809.626373626375,91,2,0-2,40-60k,-0.4513804737860524
Nissan Rogue,2021,45003,24987,20382.880165289258,242,2,0-2,40-60k,0.40405829317824055
Honda Odyssey,2022,31979,42990,26213.423076923078,26,1,0-2,20-40k,2.674173877149079
Subaru WRX,2022,6218,33990,27034.444444444445,9,1,0-2,0-20k,1.5393052299381949
Toyota RAV Hybrid,2020,23029,40590,42167.77777777778,9,3,2-4,20-40k,2.371542237892843
Kia Optima,2020,50071,17200,17867.048076923078,104,3,2-4,40-60k,-0.5778552796918875
Dodge Durango,2017,76880,22990,29047.85714285714,14,6,4-6,60-80k,0.15224355001378106
Chrysler Voyager,2020,75402,21990,28730.0,10,3,2-4,60-80k,0.026147033657016195
Chevrolet City Express,2015,65810,19990,19990.0,1,8,6-8,60-80k,-0.22604599905651357
Buick Encore GX,2021,39884,22893,23802.85714285714,14,2,0-2,20-40k,0.14001218792717487
Nissan Murano,2015,99019,18590,23491.560606060608,66,8,6-8,80-100k,-0.4025811219559844
Chrysler,2021,41213,24320,20993.80612244898,98,2,0-2,40-60k,0.3199519167682784
Chevrolet Malibu,2021,24991,22590,19288.927536231884,69,2,0-2,20-40k,0.10180494347107512
Toyota Prius c,2015,95098,16990,17890.0,16,8,6-8,80-100k,-0.6043355481268082
Hyundai Veloster,2017,89108,14990,17090.3125,32,6,4-6,80-100k,-0.856528580840338
Subaru Outback,2013,97836,15990,25362.21153846154,52,10,8-10,80-100k,-0.7304320644835731
Honda Civic,2021,35119,25590,18925.32380952381,210,2,0-2,20-40k,0.48009449254136977
Jeep Cherokee,2019,80616,18990,21467.63829787234,141,4,2-4,80-100k,-0.35214251541327846
Kia Forte,2021,16596,22590,17017.92156862745,102,2,0-2,0-20k,0.10180494347107512
Ford EcoSport,2019,71558,17990,19908.256756756757,74,4,2-4,60-80k,-0.47823903177004334
Nissan Sentra,2018,39835,17990,17151.21551724138,116,5,4-6,20-40k,-0.47823903177004334
Ford Mustang,2018,45721,24990,25856.117647058825,102,5,4-6,40-60k,0.4044365827273108
Ford Taurus,2018,69885,17590,17145.555555555555,18,5,4-6,60-80k,-0.5286776383127493
Nissan Rogue,2020,46360,24173,20382.880165289258,242,3,2-4,40-60k,0.30141572886383394
Volkswagen Jetta SportWagen,2014,77825,16590,16603.333333333332,15,9,8-10,60-80k,-0.6547741546695142
MAZDA MAZDA,2014,64388,19590,17840.6338028169,142,9,8-10,60-80k,-0.2764846055992195
Mitsubishi Outlander Sport,2015,82005,14590,18771.48148148148,54,8,6-8,80-100k,-0.9069671873830439
Dodge Grand Caravan Passenger,2019,55814,20990,18365.342465753423,73,4,2-4,40-60k,-0.09994948269974868
Jeep Compass,2016,59617,16990,20590.543103448275,116,7,6-8,40-60k,-0.6043355481268082
Jeep Patriot,2015,61220,16990,16252.5,48,8,6-8,60-80k,-0.6043355481268082
Nissan Versa,2021,41480,16333,15995.263157894737,95,2,0-2,40-60k,-0.6871809593732028
Jeep Patriot,2015,32909,18990,16252.5,48,8,6-8,20-40k,-0.35214251541327846
Jeep Patriot,2013,70771,14990,16252.5,48,10,8-10,60-80k,-0.856528580840338
Jeep Compass,2013,68915,14990,20590.543103448275,116,10,8-10,60-80k,-0.856528580840338
Jeep Patriot,2017,85818,16990,16252.5,48,6,4-6,80-100k,-0.6043355481268082
Jeep Patriot,2016,38965,17990,16252.5,48,7,6-8,20-40k,-0.47823903177004334
Jeep Compass,2016,59142,17590,20590.543103448275,116,7,6-8,40-60k,-0.5286776383127493
Nissan Murano,2018,61686,22333,23491.560606060608,66,5,4-6,60-80k,0.06939813876738654
Jeep Patriot,2015,61540,16590,16252.5,48,8,6-8,60-80k,-0.6547741546695142
Nissan Rogue,2020,55462,20749,20382.880165289258,242,3,2-4,40-60k,-0.13033874314172902
Jeep Compass,2016,71249,15990,20590.543103448275,116,7,6-8,60-80k,-0.7304320644835731
Jeep Compass,2017,83114,16590,20590.543103448275,116,6,4-6,80-100k,-0.6547741546695142
Jeep Compass,2013,49779,15990,20590.543103448275,116,10,8-10,40-60k,-0.7304320644835731
Chevrolet Equinox,2019,52680,17993,19319.105263157893,171,4,2-4,40-60k,-0.477860742220973
Jeep Patriot,2016,60609,15990,16252.5,48,7,6-8,60-80k,-0.7304320644835731
Jeep Patriot,2015,91103,14590,16252.5,48,8,6-8,80-100k,-0.9069671873830439
Mercedes-Benz M-Class,2015,55493,24990,24550.0,5,8,6-8,40-60k,0.4044365827273108
Toyota Corolla,2011,91439,13590,18560.486988847584,269,12,10-15,80-100k,-1.0330637037398087
Toyota Corolla,2021,20862,24990,18560.486988847584,269,2,0-2,20-40k,0.4044365827273108
Mitsubishi Outlander Sport,2021,41739,21590,18771.48148148148,54,2,0-2,40-60k,-0.02429157288568976
Toyota RAV,2016,47561,22590,23160.708333333332,72,7,6-8,40-60k,0.10180494347107512
Chevrolet Camaro,2011,61625,19990,26673.675324675325,77,12,10-15,60-80k,-0.22604599905651357
BMW  Series,2015,55749,20990,25277.301587301587,126,8,6-8,40-60k,-0.09994948269974868
Buick Encore,2017,46527,18990,18820.149425287356,87,6,4-6,40-60k,-0.35214251541327846
Jeep Cherokee,2019,53284,20990,21467.63829787234,141,4,2-4,40-60k,-0.09994948269974868
Cadillac XTS,2013,68385,18990,20830.0,5,10,8-10,60-80k,-0.35214251541327846
Volvo S,2012,69250,15990,22542.380952380954,21,11,10-15,60-80k,-0.7304320644835731
GMC Terrain,2013,86850,16590,21643.57627118644,59,10,8-10,80-100k,-0.6547741546695142
Buick Verano,2014,57664,17590,16710.0,15,9,8-10,40-60k,-0.5286776383127493
Toyota Prius,2011,93234,15590,19496.666666666668,60,12,10-15,80-100k,-0.780870671026279
Volkswagen Passat,2018,85887,17990,18311.052631578947,76,5,4-6,80-100k,-0.47823903177004334
INFINITI Q,2017,100452,20590,25347.133333333335,30,6,4-6,100-130k,-0.15038808924245464
Chevrolet Cruze,2014,31017,15990,15992.5,80,9,8-10,20-40k,-0.7304320644835731
Nissan Rogue,2017,58108,19990,20382.880165289258,242,6,4-6,40-60k,-0.22604599905651357
Dodge Charger,2014,70183,20590,27191.571428571428,35,9,8-10,60-80k,-0.15038808924245464
Nissan Versa,2015,73964,12990,15995.263157894737,95,8,6-8,60-80k,-1.1087216135538678
Chevrolet Cruze,2012,39680,13990,15992.5,80,11,10-15,20-40k,-0.9826250971971029
Toyota Corolla,2018,31437,21990,18560.486988847584,269,5,4-6,20-40k,0.026147033657016195
Nissan Sentra,2016,82178,14990,17151.21551724138,116,7,6-8,80-100k,-0.856528580840338
Chevrolet Malibu,2012,84817,12990,19288.927536231884,69,11,10-15,80-100k,-1.1087216135538678
Toyota Corolla,2020,46591,20990,18560.486988847584,269,3,2-4,40-60k,-0.09994948269974868
Ford Escape,2018,75775,17990,19376.448,125,5,4-6,60-80k,-0.47823903177004334
Nissan Rogue,2020,43757,20993,20382.880165289258,242,3,2-4,40-60k,-0.09957119315067839
Ford Fiesta,2013,71266,11990,14645.737704918032,61,10,8-10,60-80k,-1.2348181299106327
Ford Focus,2012,105006,11990,14996.451612903225,93,11,10-15,100-130k,-1.2348181299106327
Chevrolet Sonic,2018,497,19990,14630.90909090909,44,5,4-6,0-20k,-0.22604599905651357
Audi Q,2012,84447,21990,25158.42105263158,19,11,10-15,80-100k,0.026147033657016195
Volkswagen Passat,2019,47531,21990,18311.052631578947,76,4,2-4,40-60k,0.026147033657016195
Acura RDX,2017,85753,23590,24947.275862068964,29,6,4-6,80-100k,0.22790145982784
Buick Encore,2018,35912,19590,18820.149425287356,87,5,4-6,20-40k,-0.2764846055992195
Chevrolet Equinox,2019,41934,18993,19319.105263157893,171,4,2-4,40-60k,-0.35176422586420814
Chevrolet Camaro,2015,64443,19590,26673.675324675325,77,8,6-8,60-80k,-0.2764846055992195
Jeep Grand Cherokee,2018,87548,21990,23092.367346938776,49,5,4-6,80-100k,0.026147033657016195
Chevrolet Trax,2021,25059,20990,18076.951219512193,82,2,0-2,20-40k,-0.09994948269974868
Nissan Rogue,2021,45365,23993,20382.880165289258,242,2,0-2,40-60k,0.27871835591961625
smart fortwo electric drive cabrio,2018,14825,18590,18590.0,1,5,4-6,0-20k,-0.4025811219559844
Toyota Corolla,2021,36096,20195,18560.486988847584,269,2,0-2,20-40k,-0.20019621320337677
Toyota Corolla,2019,56896,21990,18560.486988847584,269,4,2-4,40-60k,0.026147033657016195
Dodge Charger,2018,63121,23990,27191.571428571428,35,5,4-6,60-80k,0.278340066370546
Volkswagen Beetle,2014,48158,19990,20275.0,40,9,8-10,40-60k,-0.22604599905651357
Nissan Versa,2017,51593,14990,15995.263157894737,95,6,4-6,40-60k,-0.856528580840338
Jeep Grand Cherokee,2014,104901,18590,23092.367346938776,49,9,8-10,100-130k,-0.4025811219559844
Honda Accord,2013,67336,18990,20338.34351145038,131,10,8-10,60-80k,-0.35214251541327846
Nissan Altima,2020,51235,18888,19293.97340425532,188,3,2-4,40-60k,-0.3650043600816685
Honda CR-V,2012,98199,16590,21022.757009345794,107,11,10-15,80-100k,-0.6547741546695142
Nissan Rogue,2020,55799,18993,20382.880165289258,242,3,2-4,40-60k,-0.35176422586420814
Honda Fit,2009,81297,13590,17112.222222222223,54,14,10-15,80-100k,-1.0330637037398087
Nissan Rogue Sport,2021,34455,20593,20399.048387096773,62,2,0-2,20-40k,-0.15000979969338435
Cadillac CTS,2011,64171,18990,22603.333333333332,15,12,10-15,60-80k,-0.35214251541327846
Toyota Highlander,2013,74342,20990,26813.875,24,10,8-10,60-80k,-0.09994948269974868
Jeep Cherokee,2016,71055,20990,21467.63829787234,141,7,6-8,60-80k,-0.09994948269974868
Honda Accord,2009,101003,12990,20338.34351145038,131,14,10-15,100-130k,-1.1087216135538678
BMW  Series,2015,67146,24590,25277.301587301587,126,8,6-8,60-80k,0.3539979761846049
Dodge Journey,2017,71927,18990,19075.328125,64,6,4-6,60-80k,-0.35214251541327846
Nissan Sentra,2016,3714,19990,17151.21551724138,116,7,6-8,0-20k,-0.22604599905651357
Chevrolet Camaro,2014,58743,21990,26673.675324675325,77,9,8-10,40-60k,0.026147033657016195
Nissan Rogue,2017,60679,19990,20382.880165289258,242,6,4-6,60-80k,-0.22604599905651357
Acura TL,2012,68209,17990,17412.222222222223,9,11,10-15,60-80k,-0.47823903177004334
INFINITI Q,2018,99965,21990,25347.133333333335,30,5,4-6,80-100k,0.026147033657016195
Honda Fit,2017,34925,18590,17112.222222222223,54,6,4-6,20-40k,-0.4025811219559844
Dodge Journey,2014,93359,14990,19075.328125,64,9,8-10,80-100k,-0.856528580840338
Kia Soul,2016,101771,13590,17106.064516129034,124,7,6-8,100-130k,-1.0330637037398087
Dodge Journey,2016,72832,15990,19075.328125,64,7,6-8,60-80k,-0.7304320644835731
Toyota Corolla,2010,71999,13590,18560.486988847584,269,13,10-15,60-80k,-1.0330637037398087
Chevrolet Cruze Limited,2016,49503,15590,14818.57142857143,14,7,6-8,40-60k,-0.780870671026279
Volkswagen Jetta,2012,32730,14990,17068.442477876106,113,11,10-15,20-40k,-0.856528580840338
Nissan Altima,2013,88106,13990,19293.97340425532,188,10,8-10,80-100k,-0.9826250971971029
Honda Civic,2012,44348,15990,18925.32380952381,210,11,10-15,40-60k,-0.7304320644835731
Mercedes-Benz CLK-Class,2009,43716,21990,19990.0,3,14,10-15,40-60k,0.026147033657016195
Toyota RAV,2018,29354,24990,23160.708333333332,72,5,4-6,20-40k,0.4044365827273108
MAZDA MAZDA,2013,87476,14990,17840.6338028169,142,10,8-10,80-100k,-0.856528580840338
Ford Edge,2020,53777,24522,20629.243243243243,74,3,2-4,40-60k,0.34542341307234486
Honda Civic,2015,60403,16590,18925.32380952381,210,8,6-8,60-80k,-0.6547741546695142
Chevrolet Camaro,2017,50083,24990,26673.675324675325,77,6,4-6,40-60k,0.4044365827273108
Volvo XC,2012,70983,17590,27782.0,25,11,10-15,60-80k,-0.5286776383127493
Nissan Kicks,2020,45220,17295,19809.626373626375,91,3,2-4,40-60k,-0.5658761106379949
Jeep Cherokee,2015,63313,19990,21467.63829787234,141,8,6-8,60-80k,-0.22604599905651357
Nissan Altima,2021,42667,19875,19293.97340425532,188,2,0-2,40-60k,-0.24054709843754152
Audi Q,2017,80108,23990,25158.42105263158,19,6,4-6,80-100k,0.278340066370546
Jeep Cherokee,2018,83766,20590,21467.63829787234,141,5,4-6,80-100k,-0.15038808924245464
Honda CR-V,2019,44323,24599,21022.757009345794,107,4,2-4,40-60k,0.3551328448318158
Subaru Legacy,2020,14235,24590,20081.428571428572,21,3,2-4,0-20k,0.3539979761846049
Volkswagen Tiguan Limited,2017,70664,17590,18865.0,8,6,4-6,60-80k,-0.5286776383127493
Nissan Altima,2020,49456,17300,19293.97340425532,188,3,2-4,40-60k,-0.5652456280562111
Ford Fiesta,2018,44122,14990,14645.737704918032,61,5,4-6,40-60k,-0.856528580840338
Honda Civic,2012,97481,14990,18925.32380952381,210,11,10-15,80-100k,-0.856528580840338
Subaru Impreza,2015,35906,18590,19643.23076923077,26,8,6-8,20-40k,-0.4025811219559844
Hyundai Sonata,2015,55264,16590,16759.738562091505,153,8,6-8,40-60k,-0.6547741546695142
Lincoln MKZ,2018,50792,24990,21467.777777777777,18,5,4-6,40-60k,0.4044365827273108
Nissan Rogue,2019,53205,23990,20382.880165289258,242,4,2-4,40-60k,0.278340066370546
Subaru Forester,2013,98558,15590,20446.25,32,10,8-10,80-100k,-0.780870671026279
Scion FR-S,2015,100920,17990,21732.85714285714,7,8,6-8,100-130k,-0.47823903177004334
Honda Accord,2015,96635,17990,20338.34351145038,131,8,6-8,80-100k,-0.47823903177004334
Volkswagen Jetta,2018,79044,15990,17068.442477876106,113,5,4-6,60-80k,-0.7304320644835731
Chrysler,2021,45131,24903,20993.80612244898,98,2,0-2,40-60k,0.3934661858042723
Toyota Corolla,2020,34263,22990,18560.486988847584,269,3,2-4,20-40k,0.15224355001378106
INFINITI JX,2013,69050,21990,22290.0,2,10,8-10,60-80k,0.026147033657016195
Kia Forte,2017,10925,18590,17017.92156862745,102,6,4-6,0-20k,-0.4025811219559844
Honda Civic,2019,31496,23990,18925.32380952381,210,4,2-4,20-40k,0.278340066370546
Nissan Rogue,2021,41092,22803,20382.880165289258,242,2,0-2,40-60k,0.12866350145506605
Ford Mustang,2011,60732,23590,25856.117647058825,102,12,10-15,60-80k,0.22790145982784
Nissan Maxima,2014,67658,17990,24153.521739130436,23,9,8-10,60-80k,-0.47823903177004334
Chrysler Pacifica,2019,70282,23990,26151.657142857144,35,4,2-4,60-80k,0.278340066370546
Chevrolet Silverado  Regular Cab,2020,65593,23990,20656.666666666668,3,3,2-4,60-80k,0.278340066370546
Ford Fusion,2012,93824,13990,18113.032,125,11,10-15,80-100k,-0.9826250971971029
Volkswagen Golf,2015,72238,17990,17881.666666666668,24,8,6-8,60-80k,-0.47823903177004334
GMC Terrain,2016,76549,17990,21643.57627118644,59,7,6-8,60-80k,-0.47823903177004334
Nissan Altima,2021,56328,18799,19293.97340425532,188,2,0-2,40-60k,-0.3762269500374205
Volkswagen Tiguan,2018,71014,21590,20451.456140350878,57,5,4-6,60-80k,-0.02429157288568976
Volkswagen Passat,2017,13834,23990,18311.052631578947,76,6,4-6,0-20k,0.278340066370546
Ford Fiesta,2016,44673,13590,14645.737704918032,61,7,6-8,40-60k,-1.0330637037398087
Ford Mustang,2014,91944,16990,25856.117647058825,102,9,8-10,80-100k,-0.6043355481268082
GMC Terrain,2015,39288,20590,21643.57627118644,59,8,6-8,20-40k,-0.15038808924245464
Toyota Corolla,2018,31483,19990,18560.486988847584,269,5,4-6,20-40k,-0.22604599905651357
Mitsubishi Outlander,2017,38595,20990,20020.0,20,6,4-6,20-40k,-0.09994948269974868
Mercedes-Benz C-Class,2012,79633,16990,25064.074074074073,27,11,10-15,60-80k,-0.6043355481268082
Jaguar XF,2017,73357,20990,25523.333333333332,6,6,4-6,60-80k,-0.09994948269974868
Volkswagen Jetta,2019,21965,20990,17068.442477876106,113,4,2-4,20-40k,-0.09994948269974868
Honda Civic,2015,62049,16990,18925.32380952381,210,8,6-8,60-80k,-0.6043355481268082
Honda CR-V,2018,49625,22993,21022.757009345794,107,5,4-6,40-60k,0.15262183956285136
Hyundai Sonata,2013,84256,14990,16759.738562091505,153,10,8-10,80-100k,-0.856528580840338
BMW  Series,2015,58999,22590,25277.301587301587,126,8,6-8,40-60k,0.10180494347107512
MINI Hardtop  Door,2015,77366,16990,20638.64864864865,37,8,6-8,60-80k,-0.6043355481268082
Chevrolet Equinox,2021,42168,19993,19319.105263157893,171,2,0-2,40-60k,-0.22566770950744328
Chevrolet Camaro,2012,52166,19990,26673.675324675325,77,11,10-15,40-60k,-0.22604599905651357
Volkswagen Golf Alltrack,2017,95523,19590,21040.0,4,6,4-6,80-100k,-0.2764846055992195
Hyundai Accent,2021,20749,18990,15905.254237288136,59,2,0-2,20-40k,-0.35214251541327846
Mercedes-Benz E-Class,2015,63676,23990,24882.30769230769,26,8,6-8,60-80k,0.278340066370546
MAZDA MAZDA,2018,49114,20990,17840.6338028169,142,5,4-6,40-60k,-0.09994948269974868
Chevrolet Equinox,2021,50368,19393,19319.105263157893,171,2,0-2,40-60k,-0.3013256193215022
INFINITI Q,2015,69042,22590,25347.133333333335,30,8,6-8,60-80k,0.10180494347107512
Honda Fit,2018,52409,17990,17112.222222222223,54,5,4-6,40-60k,-0.47823903177004334
Chrysler Town & Country,2016,37857,21990,17956.666666666668,24,7,6-8,20-40k,0.026147033657016195
Kia Optima,2013,92226,13990,17867.048076923078,104,10,8-10,80-100k,-0.9826250971971029
Chevrolet Cruze,2017,61874,15990,15992.5,80,6,4-6,60-80k,-0.7304320644835731
Lexus RX,2012,103732,18990,27399.52380952381,21,11,10-15,100-130k,-0.35214251541327846
Toyota RAV,2015,93417,18990,23160.708333333332,72,8,6-8,80-100k,-0.35214251541327846
Kia Sorento,2014,43663,17990,21217.59405940594,101,9,8-10,40-60k,-0.47823903177004334
Hyundai Elantra,2018,23485,20590,17041.33846153846,195,5,4-6,20-40k,-0.15038808924245464
Volkswagen Jetta,2019,36526,19590,17068.442477876106,113,4,2-4,20-40k,-0.2764846055992195
Nissan Versa,2021,38055,16783,15995.263157894737,95,2,0-2,20-40k,-0.6304375270126585
Nissan Versa,2021,9782,19990,15995.263157894737,95,2,0-2,0-20k,-0.22604599905651357
Jeep Cherokee,2018,97698,18990,21467.63829787234,141,5,4-6,80-100k,-0.35214251541327846
Mitsubishi Outlander Sport,2017,63652,16590,18771.48148148148,54,6,4-6,60-80k,-0.6547741546695142
Nissan Rogue,2016,85683,16590,20382.880165289258,242,7,6-8,80-100k,-0.6547741546695142
Honda Fit,2019,42751,19590,17112.222222222223,54,4,2-4,40-60k,-0.2764846055992195
MAZDA MAZDA,2013,78694,16590,17840.6338028169,142,10,8-10,60-80k,-0.6547741546695142
Ford Edge,2013,100127,15590,20629.243243243243,74,10,8-10,100-130k,-0.780870671026279
Nissan Kicks,2021,42827,19333,19809.626373626375,91,2,0-2,40-60k,-0.3088914103029081
Jeep Compass,2019,56160,22590,20590.543103448275,116,4,2-4,40-60k,0.10180494347107512
Honda Civic,2016,95396,20990,18925.32380952381,210,7,6-8,80-100k,-0.09994948269974868
Chevrolet Equinox,2019,60561,17993,19319.105263157893,171,4,2-4,60-80k,-0.477860742220973
Scion FR-S,2015,77455,19990,21732.85714285714,7,8,6-8,60-80k,-0.22604599905651357
Nissan Versa,2016,53100,14990,15995.263157894737,95,7,6-8,40-60k,-0.856528580840338
Ford Mustang,2020,63530,21893,25856.117647058825,102,3,2-4,60-80k,0.01391567157041
Chevrolet Spark,2017,83485,14590,15980.290909090909,55,6,4-6,80-100k,-0.9069671873830439
Nissan Sentra,2019,76509,16590,17151.21551724138,116,4,2-4,60-80k,-0.6547741546695142
Hyundai Sonata,2014,76211,14990,16759.738562091505,153,9,8-10,60-80k,-0.856528580840338
INFINITI Q,2015,63966,24990,25347.133333333335,30,8,6-8,60-80k,0.4044365827273108
Jeep Cherokee,2016,96526,17590,21467.63829787234,141,7,6-8,80-100k,-0.5286776383127493
Mitsubishi Eclipse Cross,2018,30937,22990,21140.0,8,5,4-6,20-40k,0.15224355001378106
Hyundai Elantra,2016,83010,14990,17041.33846153846,195,7,6-8,80-100k,-0.856528580840338
Subaru Crosstrek,2017,56335,22990,24538.548387096773,31,6,4-6,40-60k,0.15224355001378106
Toyota RAV,2011,102859,17990,23160.708333333332,72,12,10-15,100-130k,-0.47823903177004334
Kia Soul,2020,44181,16993,17106.064516129034,124,3,2-4,40-60k,-0.603957258577738
Volkswagen Golf GTI,2016,49524,23990,23106.129032258064,31,7,6-8,40-60k,0.278340066370546
Cadillac ATS,2015,37030,23590,22034.444444444445,18,8,6-8,20-40k,0.22790145982784
Honda Civic,2012,90007,13990,18925.32380952381,210,11,10-15,80-100k,-0.9826250971971029
FIAT,2015,18269,15990,14531.935483870968,31,8,6-8,0-20k,-0.7304320644835731
Mercedes-Benz E-Class,2011,71546,17990,24882.30769230769,26,12,10-15,60-80k,-0.47823903177004334
Buick Encore,2018,35809,19993,18820.149425287356,87,5,4-6,20-40k,-0.22566770950744328
Nissan Versa,2014,100537,11990,15995.263157894737,95,9,8-10,100-130k,-1.2348181299106327
Jeep Grand Cherokee,2015,92385,21590,23092.367346938776,49,8,6-8,80-100k,-0.02429157288568976
Kia Forte,2017,59470,15590,17017.92156862745,102,6,4-6,40-60k,-0.780870671026279
MAZDA CX-,2016,46027,19990,23001.7,140,7,6-8,40-60k,-0.22604599905651357
Kia Sorento,2016,66458,17990,21217.59405940594,101,7,6-8,60-80k,-0.47823903177004334
Buick Encore,2019,30959,21990,18820.149425287356,87,4,2-4,20-40k,0.026147033657016195
Volkswagen CC,2010,87498,13990,16275.714285714286,14,13,10-15,80-100k,-0.9826250971971029
Hyundai Venue,2021,9670,23990,21417.8,20,2,0-2,0-20k,0.278340066370546
Toyota Camry,2015,26464,20590,20721.41134751773,141,8,6-8,20-40k,-0.15038808924245464
Kia Cadenza,2015,24712,22990,20765.0,8,8,6-8,20-40k,0.15224355001378106
Chevrolet Malibu,2016,72326,18590,19288.927536231884,69,7,6-8,60-80k,-0.4025811219559844
MINI Countryman,2014,103920,14990,19147.14285714286,42,9,8-10,100-130k,-0.856528580840338
Volvo S,2014,60255,17990,22542.380952380954,21,9,8-10,60-80k,-0.47823903177004334
Jeep Compass,2017,51427,22590,20590.543103448275,116,6,4-6,40-60k,0.10180494347107512
Hyundai Elantra GT,2018,52689,18990,16761.428571428572,7,5,4-6,40-60k,-0.35214251541327846
Mitsubishi Mirage,2019,29567,15590,15890.0,22,4,2-4,20-40k,-0.780870671026279
BMW  Series,2015,53809,21990,25277.301587301587,126,8,6-8,40-60k,0.026147033657016195
Ford Focus,2017,92349,14990,14996.451612903225,93,6,4-6,80-100k,-0.856528580840338
Nissan Altima,2014,51470,15990,19293.97340425532,188,9,8-10,40-60k,-0.7304320644835731
Volkswagen Tiguan,2014,71676,15990,20451.456140350878,57,9,8-10,60-80k,-0.7304320644835731
Volvo XC,2015,75215,19990,27782.0,25,8,6-8,60-80k,-0.22604599905651357
Hyundai Sonata,2013,65809,16990,16759.738562091505,153,10,8-10,60-80k,-0.6043355481268082
Chevrolet Malibu,2011,77416,12990,19288.927536231884,69,12,10-15,60-80k,-1.1087216135538678
Nissan Altima,2020,51256,18672,19293.97340425532,188,3,2-4,40-60k,-0.3922412076147297
Dodge Grand Caravan Passenger,2017,96613,16590,18365.342465753423,73,6,4-6,80-100k,-0.6547741546695142
Honda CR-V,2011,58021,15990,21022.757009345794,107,12,10-15,40-60k,-0.7304320644835731
Dodge Journey,2018,45856,18990,19075.328125,64,5,4-6,40-60k,-0.35214251541327846
Chevrolet Equinox,2019,44199,20646,19319.105263157893,171,4,2-4,40-60k,-0.1433266843264758
Nissan Versa,2017,37706,15990,15995.263157894737,95,6,4-6,20-40k,-0.7304320644835731
Chevrolet Trax,2020,47691,18053,18076.951219512193,82,3,2-4,40-60k,-0.47029495123956716
Toyota Corolla,2014,31793,18590,18560.486988847584,269,9,8-10,20-40k,-0.4025811219559844
Honda Civic,2018,75737,21990,18925.32380952381,210,5,4-6,60-80k,0.026147033657016195
Hyundai Kona,2019,21290,22990,22149.1,30,4,2-4,20-40k,0.15224355001378106
Nissan Kicks,2021,40233,20138,19809.626373626375,91,2,0-2,40-60k,-0.20738371463571237
Hyundai Elantra,2018,16474,18990,17041.33846153846,195,5,4-6,0-20k,-0.35214251541327846
Ford Explorer,2015,93755,19590,24112.425531914894,47,8,6-8,80-100k,-0.2764846055992195
Nissan Murano,2018,56365,20651,23491.560606060608,66,5,4-6,40-60k,-0.14269620174469197
Ford Escape,2013,87479,15590,19376.448,125,10,8-10,80-100k,-0.780870671026279
Nissan Altima,2010,84117,12590,19293.97340425532,188,13,10-15,80-100k,-1.1591602200965736
Toyota Prius,2010,84775,15990,19496.666666666668,60,13,10-15,80-100k,-0.7304320644835731
Chevrolet Trailblazer,2021,35627,24251,24824.0,23,2,0-2,20-40k,0.31125125713966156
Mitsubishi Mirage G,2020,14463,17590,16790.0,16,3,2-4,0-20k,-0.5286776383127493
Jeep Renegade,2017,27757,23990,20176.3661971831,71,6,4-6,20-40k,0.278340066370546
Kia Soul,2015,21183,19990,17106.064516129034,124,8,6-8,20-40k,-0.22604599905651357
MAZDA MX- Miata,2012,32183,19590,22241.28205128205,39,11,10-15,20-40k,-0.2764846055992195
Chrysler Town & Country,2013,43273,20590,17956.666666666668,24,10,8-10,40-60k,-0.15038808924245464
Nissan JUKE,2017,77335,16990,16066.190476190477,21,6,4-6,60-80k,-0.6043355481268082
Kia Forte,2016,57648,16990,17017.92156862745,102,7,6-8,40-60k,-0.6043355481268082
Volkswagen Jetta,2013,84352,14590,17068.442477876106,113,10,8-10,80-100k,-0.9069671873830439
Hyundai Sonata,2017,65595,18990,16759.738562091505,153,6,4-6,60-80k,-0.35214251541327846
Dodge Dart,2013,74114,12990,15032.105263157895,19,10,8-10,60-80k,-1.1087216135538678
Kia Forte,2014,90594,12590,17017.92156862745,102,9,8-10,80-100k,-1.1591602200965736
Nissan Altima,2018,63585,18590,19293.97340425532,188,5,4-6,60-80k,-0.4025811219559844
Nissan Kicks,2020,45084,20664,19809.626373626375,91,3,2-4,40-60k,-0.14105694703205404
Ford Fusion,2014,86047,15990,18113.032,125,9,8-10,80-100k,-0.7304320644835731
Ford Fusion,2020,43994,21864,18113.032,125,3,2-4,40-60k,0.010258872596063819
BMW  Series,2010,63108,19590,25277.301587301587,126,13,10-15,60-80k,-0.2764846055992195
Jeep Cherokee,2019,57151,23590,21467.63829787234,141,4,2-4,40-60k,0.22790145982784
Jeep Renegade,2018,43043,17622,20176.3661971831,71,5,4-6,40-60k,-0.5246425497893328
Buick Encore,2017,58204,18990,18820.149425287356,87,6,4-6,40-60k,-0.35214251541327846
Toyota Corolla,2012,78193,14990,18560.486988847584,269,11,10-15,60-80k,-0.856528580840338
Nissan LEAF,2014,50155,13590,19142.63157894737,38,9,8-10,40-60k,-1.0330637037398087
Ford Fiesta,2015,98161,12590,14645.737704918032,61,8,6-8,80-100k,-1.1591602200965736
Nissan Kicks,2020,51007,17700,19809.626373626375,91,3,2-4,40-60k,-0.5148070215135051
Subaru Impreza,2016,75664,17990,19643.23076923077,26,7,6-8,60-80k,-0.47823903177004334
Hyundai Elantra GT,2016,78771,15590,16761.428571428572,7,7,6-8,60-80k,-0.780870671026279
MINI Roadster,2012,99727,14990,18030.0,5,11,10-15,80-100k,-0.856528580840338
Jeep Cherokee,2016,40198,20990,21467.63829787234,141,7,6-8,40-60k,-0.09994948269974868
Nissan Versa,2017,56890,14990,15995.263157894737,95,6,4-6,40-60k,-0.856528580840338
GMC Acadia,2018,61921,24590,26526.174603174604,63,5,4-6,60-80k,0.3539979761846049
Nissan Altima,2016,97114,14590,19293.97340425532,188,7,6-8,80-100k,-0.9069671873830439
Nissan Sentra,2015,58748,15990,17151.21551724138,116,8,6-8,40-60k,-0.7304320644835731
Buick Encore,2017,49055,18990,18820.149425287356,87,6,4-6,40-60k,-0.35214251541327846
GMC Terrain,2019,45935,23990,21643.57627118644,59,4,2-4,40-60k,0.278340066370546
Chevrolet Camaro,2015,40266,21990,26673.675324675325,77,8,6-8,40-60k,0.026147033657016195
Chevrolet Malibu,2018,69638,18990,19288.927536231884,69,5,4-6,60-80k,-0.35214251541327846
Mercedes-Benz E-Class,2011,67388,20990,24882.30769230769,26,12,10-15,60-80k,-0.09994948269974868
Toyota RAV,2015,59832,23590,23160.708333333332,72,8,6-8,40-60k,0.22790145982784
Lexus IS,2010,99108,16990,23340.0,28,13,10-15,80-100k,-0.6043355481268082
Hyundai Sonata,2016,93055,14990,16759.738562091505,153,7,6-8,80-100k,-0.856528580840338
Hyundai Sonata,2021,44351,17908,16759.738562091505,153,2,0-2,40-60k,-0.48857894611129804
INFINITI QX,2015,75606,23990,26679.234375,64,8,6-8,60-80k,0.278340066370546
Kia Sorento,2013,90905,14990,21217.59405940594,101,10,8-10,80-100k,-0.856528580840338
Hyundai Accent,2018,82382,15590,15905.254237288136,59,5,4-6,80-100k,-0.780870671026279
Nissan Altima,2021,47741,19351,19293.97340425532,188,2,0-2,40-60k,-0.3066216730084863
Honda CR-V,2015,39262,23590,21022.757009345794,107,8,6-8,20-40k,0.22790145982784
Toyota Corolla,2017,34426,18990,18560.486988847584,269,6,4-6,20-40k,-0.35214251541327846
Dodge Journey,2015,80539,16590,19075.328125,64,8,6-8,80-100k,-0.6547741546695142
Ford Fusion,2020,49739,17993,18113.032,125,3,2-4,40-60k,-0.477860742220973
Dodge Dart,2015,103830,13990,15032.105263157895,19,8,6-8,100-130k,-0.9826250971971029
Honda Pilot,2012,71120,21990,25763.433333333334,30,11,10-15,60-80k,0.026147033657016195
Volkswagen Atlas,2018,82975,23990,31290.0,10,5,4-6,80-100k,0.278340066370546
Nissan Versa,2018,50005,15590,15995.263157894737,95,5,4-6,40-60k,-0.780870671026279
Acura RDX,2017,54718,24990,24947.275862068964,29,6,4-6,40-60k,0.4044365827273108
Jeep Compass,2018,81842,17990,20590.543103448275,116,5,4-6,80-100k,-0.47823903177004334
Honda HR-V,2016,80480,18590,22338.0,43,7,6-8,80-100k,-0.4025811219559844
Chevrolet Equinox,2020,56989,19588,19319.105263157893,171,3,2-4,40-60k,-0.27673679863193307
Mitsubishi Outlander,2020,47011,22590,20020.0,20,3,2-4,40-60k,0.10180494347107512
Acura RDX,2017,76895,24590,24947.275862068964,29,6,4-6,60-80k,0.3539979761846049
Chevrolet Spark,2019,28867,15990,15980.290909090909,55,4,2-4,20-40k,-0.7304320644835731
Volkswagen Jetta SportWagen,2014,64058,17590,16603.333333333332,15,9,8-10,60-80k,-0.5286776383127493
Ford Fusion,2016,67035,16990,18113.032,125,7,6-8,60-80k,-0.6043355481268082
Chevrolet Traverse,2017,65875,24990,27964.304347826088,46,6,4-6,60-80k,0.4044365827273108
Honda Accord,2011,65991,15590,20338.34351145038,131,12,10-15,60-80k,-0.780870671026279
Hyundai Sonata,2014,86475,15990,16759.738562091505,153,9,8-10,80-100k,-0.7304320644835731
MAZDA CX-,2018,31245,23590,23001.7,140,5,4-6,20-40k,0.22790145982784
Volkswagen Passat,2015,74622,16590,18311.052631578947,76,8,6-8,60-80k,-0.6547741546695142
Toyota RAV,2012,70253,18590,23160.708333333332,72,11,10-15,60-80k,-0.4025811219559844
Honda Civic,2013,76395,15590,18925.32380952381,210,10,8-10,60-80k,-0.780870671026279
Dodge Journey,2015,60506,17990,19075.328125,64,8,6-8,60-80k,-0.47823903177004334
INFINITI Q,2014,67921,22590,25347.133333333335,30,9,8-10,60-80k,0.10180494347107512
Nissan Sentra,2018,52334,16990,17151.21551724138,116,5,4-6,40-60k,-0.6043355481268082
Honda CR-Z,2014,80667,16590,15230.0,5,9,8-10,80-100k,-0.6547741546695142
Hyundai Sonata,2017,88799,14990,16759.738562091505,153,6,4-6,80-100k,-0.856528580840338
Kia Sorento,2016,29167,19990,21217.59405940594,101,7,6-8,20-40k,-0.22604599905651357
Acura MDX,2012,82006,19590,23334.444444444445,18,11,10-15,80-100k,-0.2764846055992195
Chrysler,2013,78985,17990,20993.80612244898,98,10,8-10,60-80k,-0.47823903177004334
Hyundai Accent,2016,67922,13990,15905.254237288136,59,7,6-8,60-80k,-0.9826250971971029
Hyundai Tucson,2016,96104,18990,20007.2,70,7,6-8,80-100k,-0.35214251541327846
Hyundai Sonata,2015,38018,17990,16759.738562091505,153,8,6-8,20-40k,-0.47823903177004334
Nissan Kicks,2020,15032,21990,19809.626373626375,91,3,2-4,0-20k,0.026147033657016195
Hyundai Veloster,2017,45306,18990,17090.3125,32,6,4-6,40-60k,-0.35214251541327846
INFINITI QX,2017,34167,24590,26679.234375,64,6,4-6,20-40k,0.3539979761846049
Buick Regal Sportback,2018,42633,19595,22191.666666666668,3,5,4-6,40-60k,-0.27585412301743567
Nissan Rogue,2013,101912,13990,20382.880165289258,242,10,8-10,100-130k,-0.9826250971971029
Jeep Grand Cherokee,2017,77004,21990,23092.367346938776,49,6,4-6,60-80k,0.026147033657016195
Volkswagen Jetta,2011,87518,12990,17068.442477876106,113,12,10-15,80-100k,-1.1087216135538678
Honda Accord,2017,59419,22590,20338.34351145038,131,6,4-6,40-60k,0.10180494347107512
Honda Accord,2012,98925,15590,20338.34351145038,131,11,10-15,80-100k,-0.780870671026279
INFINITI Q,2014,41232,24590,25347.133333333335,30,9,8-10,40-60k,0.3539979761846049
Chevrolet Equinox,2019,42363,17903,19319.105263157893,171,4,2-4,40-60k,-0.48920942869308187
BMW  Series,2011,25238,21990,25277.301587301587,126,12,10-15,20-40k,0.026147033657016195
Honda Civic,2016,94728,18990,18925.32380952381,210,7,6-8,80-100k,-0.35214251541327846
Ford Edge,2020,61328,20498,20629.243243243243,74,3,2-4,60-80k,-0.161988968747277
Volkswagen Tiguan,2018,76162,21990,20451.456140350878,57,5,4-6,60-80k,0.026147033657016195
Subaru Legacy,2015,85170,16590,20081.428571428572,21,8,6-8,80-100k,-0.6547741546695142
Jeep Compass,2018,19926,23590,20590.543103448275,116,5,4-6,0-20k,0.22790145982784
Mitsubishi Outlander Sport,2017,25560,19990,18771.48148148148,54,6,4-6,20-40k,-0.22604599905651357
Mitsubishi Mirage,2020,27475,15990,15890.0,22,3,2-4,20-40k,-0.7304320644835731
Ford Fiesta,2016,24382,15990,14645.737704918032,61,7,6-8,20-40k,-0.7304320644835731
Honda Civic,2015,40081,18990,18925.32380952381,210,8,6-8,40-60k,-0.35214251541327846
BMW X,2016,60528,23990,28257.918032786885,61,7,6-8,60-80k,0.278340066370546
Hyundai Santa Fe,2020,65274,22403,23761.17391304348,46,3,2-4,60-80k,0.0782248949123601
Ford Escape,2019,46594,19798,19376.448,125,4,2-4,40-60k,-0.25025653019701244
Toyota Corolla,2010,82541,13590,18560.486988847584,269,13,10-15,80-100k,-1.0330637037398087
Nissan Altima,2020,51778,18988,19293.97340425532,188,3,2-4,40-60k,-0.35239470844599197
Kia Optima,2017,96018,15990,17867.048076923078,104,6,4-6,80-100k,-0.7304320644835731
Volkswagen Tiguan,2017,57212,18990,20451.456140350878,57,6,4-6,40-60k,-0.35214251541327846
Honda CR-Z,2011,100942,13590,15230.0,5,12,10-15,100-130k,-1.0330637037398087
Jeep Cherokee,2016,73423,18990,21467.63829787234,141,7,6-8,60-80k,-0.35214251541327846
Chevrolet Trailblazer,2021,41865,23875,24824.0,23,2,0-2,40-60k,0.263838966989518
Volkswagen Passat,2015,70292,16990,18311.052631578947,76,8,6-8,60-80k,-0.6043355481268082
Ford Focus,2018,7795,18990,14996.451612903225,93,5,4-6,0-20k,-0.35214251541327846
Honda Civic,2014,17632,19590,18925.32380952381,210,9,8-10,0-20k,-0.2764846055992195
Volkswagen Jetta,2011,83540,12990,17068.442477876106,113,12,10-15,80-100k,-1.1087216135538678
INFINITI Q,2015,73715,21990,25347.133333333335,30,8,6-8,60-80k,0.026147033657016195
Chevrolet Equinox,2017,46498,20590,19319.105263157893,171,6,4-6,40-60k,-0.15038808924245464
Chrysler,2020,49588,24999,20993.80612244898,98,3,2-4,40-60k,0.4055714513745217
Lexus IS,2016,86141,22990,23340.0,28,7,6-8,80-100k,0.15224355001378106
Honda CR-Z,2012,94605,13990,15230.0,5,11,10-15,80-100k,-0.9826250971971029
Nissan Maxima,2016,47321,23590,24153.521739130436,23,7,6-8,40-60k,0.22790145982784
MAZDA CX-,2021,31486,21400,23001.7,140,2,0-2,20-40k,-0.04824991099347509
Ford EcoSport,2019,52125,18990,19908.256756756757,74,4,2-4,40-60k,-0.35214251541327846
Chevrolet Cruze,2013,80350,13990,15992.5,80,10,8-10,80-100k,-0.9826250971971029
Audi A,2017,52781,22990,24272.608695652172,46,6,4-6,40-60k,0.15224355001378106
Nissan Murano,2018,46811,22590,23491.560606060608,66,5,4-6,40-60k,0.10180494347107512
Chevrolet Trax,2019,49548,16803,18076.951219512193,82,4,2-4,40-60k,-0.6279155966855232
Honda CR-V,2015,74733,21590,21022.757009345794,107,8,6-8,60-80k,-0.02429157288568976
Honda Civic,2017,54965,24590,18925.32380952381,210,6,4-6,40-60k,0.3539979761846049
Cadillac ATS,2015,26064,24990,22034.444444444445,18,8,6-8,20-40k,0.4044365827273108
Ford Focus,2018,64142,15590,14996.451612903225,93,5,4-6,60-80k,-0.780870671026279
INFINITI QX,2016,77330,22590,26679.234375,64,7,6-8,60-80k,0.10180494347107512
Nissan Altima,2015,19516,17590,19293.97340425532,188,8,6-8,0-20k,-0.5286776383127493
Kia Soul,2016,80418,14990,17106.064516129034,124,7,6-8,80-100k,-0.856528580840338
Nissan Kicks,2021,39985,19278,19809.626373626375,91,2,0-2,20-40k,-0.31582671870253015
Nissan Rogue,2017,50590,21990,20382.880165289258,242,6,4-6,40-60k,0.026147033657016195
Honda Civic,2013,64740,15990,18925.32380952381,210,10,8-10,60-80k,-0.7304320644835731
Ford Fiesta,2017,27785,16590,14645.737704918032,61,6,4-6,20-40k,-0.6547741546695142
Ford Focus,2015,42806,14990,14996.451612903225,93,8,6-8,40-60k,-0.856528580840338
MAZDA MX- Miata,2016,16150,23590,22241.28205128205,39,7,6-8,0-20k,0.22790145982784
Nissan Sentra,2015,98538,12990,17151.21551724138,116,8,6-8,80-100k,-1.1087216135538678
Volkswagen Beetle,2014,32387,19590,20275.0,40,9,8-10,20-40k,-0.2764846055992195
Ford Fusion,2016,88297,15590,18113.032,125,7,6-8,80-100k,-0.780870671026279
Hyundai Elantra,2021,40956,20400,17041.33846153846,195,2,0-2,40-60k,-0.17434642735023997
Volkswagen Jetta SportWagen,2013,48832,17990,16603.333333333332,15,10,8-10,40-60k,-0.47823903177004334
Volkswagen Tiguan,2020,43004,21990,20451.456140350878,57,3,2-4,40-60k,0.026147033657016195
Ford Focus,2017,79580,13990,14996.451612903225,93,6,4-6,60-80k,-0.9826250971971029
FIAT,2017,36347,17590,14531.935483870968,31,6,4-6,20-40k,-0.5286776383127493
Nissan Versa,2019,34737,15990,15995.263157894737,95,4,2-4,20-40k,-0.7304320644835731
Toyota Corolla,2021,34436,23698,18560.486988847584,269,2,0-2,20-40k,0.2415198835943706
Chevrolet Malibu,2017,88783,16990,19288.927536231884,69,6,4-6,80-100k,-0.6043355481268082
Ford Escape,2018,46802,18298,19376.448,125,5,4-6,40-60k,-0.43940130473215977
Hyundai Elantra,2020,25808,22990,17041.33846153846,195,3,2-4,20-40k,0.15224355001378106
Honda CR-V,2014,96618,16990,21022.757009345794,107,9,8-10,80-100k,-0.6043355481268082
Kia Sorento,2013,48001,18590,21217.59405940594,101,10,8-10,40-60k,-0.4025811219559844
Nissan Maxima,2016,64589,21990,24153.521739130436,23,7,6-8,60-80k,0.026147033657016195
Volkswagen Passat,2019,47135,22990,18311.052631578947,76,4,2-4,40-60k,0.15224355001378106
Ford Explorer,2014,95253,21990,24112.425531914894,47,9,8-10,80-100k,0.026147033657016195
Lexus ES,2012,61424,20590,26148.61111111111,36,11,10-15,60-80k,-0.15038808924245464
Toyota RAV,2015,40485,21990,23160.708333333332,72,8,6-8,40-60k,0.026147033657016195
Chevrolet Equinox,2021,36332,22558,19319.105263157893,171,2,0-2,20-40k,0.09776985494765865
Toyota Camry,2019,70211,22590,20721.41134751773,141,4,2-4,60-80k,0.10180494347107512
Nissan Sentra,2017,62503,16990,17151.21551724138,116,6,4-6,60-80k,-0.6043355481268082
Ford Taurus,2013,60421,17590,17145.555555555555,18,10,8-10,60-80k,-0.5286776383127493
Ford Mustang,2013,63932,18990,25856.117647058825,102,10,8-10,60-80k,-0.35214251541327846
Honda Odyssey,2014,83791,23990,26213.423076923078,26,9,8-10,80-100k,0.278340066370546
Chevrolet Camaro,2014,35181,20590,26673.675324675325,77,9,8-10,20-40k,-0.15038808924245464
Volkswagen Jetta,2014,61129,16990,17068.442477876106,113,9,8-10,60-80k,-0.6043355481268082
MAZDA MAZDA,2017,54652,19990,17840.6338028169,142,6,4-6,40-60k,-0.22604599905651357
Toyota Corolla,2016,50270,17590,18560.486988847584,269,7,6-8,40-60k,-0.5286776383127493
Hyundai Sonata Hybrid,2016,59862,18990,20218.571428571428,7,7,6-8,40-60k,-0.35214251541327846
Subaru Crosstrek,2017,41887,22990,24538.548387096773,31,6,4-6,40-60k,0.15224355001378106
Hyundai Accent,2019,26395,18990,15905.254237288136,59,4,2-4,20-40k,-0.35214251541327846
Chrysler,2012,88427,15990,20993.80612244898,98,11,10-15,80-100k,-0.7304320644835731
Chevrolet Cruze,2018,75129,15990,15992.5,80,5,4-6,60-80k,-0.7304320644835731
MAZDA MAZDA,2011,67800,13590,17840.6338028169,142,12,10-15,60-80k,-1.0330637037398087
FIAT  Spider,2017,6317,24990,24176.666666666668,15,6,4-6,0-20k,0.4044365827273108
Hyundai Accent,2013,46605,14990,15905.254237288136,59,10,8-10,40-60k,-0.856528580840338
Ford Taurus,2013,37057,17990,17145.555555555555,18,10,8-10,20-40k,-0.47823903177004334
Honda Fit,2015,46007,17590,17112.222222222223,54,8,6-8,40-60k,-0.5286776383127493
Cadillac SRX,2015,44118,22990,20345.555555555555,9,8,6-8,40-60k,0.15224355001378106
Buick Enclave,2016,63574,23590,25804.4,25,7,6-8,60-80k,0.22790145982784
Toyota C-HR,2019,32628,23990,23407.366666666665,30,4,2-4,20-40k,0.278340066370546
Hyundai Accent,2017,99601,13590,15905.254237288136,59,6,4-6,80-100k,-1.0330637037398087
Ford Mustang,2014,64635,19990,25856.117647058825,102,9,8-10,60-80k,-0.22604599905651357
GMC Acadia,2015,68426,21990,26526.174603174604,63,8,6-8,60-80k,0.026147033657016195
Ford Focus,2016,80030,13990,14996.451612903225,93,7,6-8,80-100k,-0.9826250971971029
Hyundai Santa Fe,2015,103467,17990,23761.17391304348,46,8,6-8,100-130k,-0.47823903177004334
Toyota Corolla,2011,73598,13990,18560.486988847584,269,12,10-15,60-80k,-0.9826250971971029
Hyundai Kona,2021,11202,24990,22149.1,30,2,0-2,0-20k,0.4044365827273108
Nissan Rogue,2016,55471,23590,20382.880165289258,242,7,6-8,40-60k,0.22790145982784
Jeep Compass,2019,27632,23590,20590.543103448275,116,4,2-4,20-40k,0.22790145982784
Volkswagen Passat,2016,105128,13990,18311.052631578947,76,7,6-8,100-130k,-0.9826250971971029
Kia Soul,2016,30098,16990,17106.064516129034,124,7,6-8,20-40k,-0.6043355481268082
MAZDA CX-,2017,43798,24590,23001.7,140,6,4-6,40-60k,0.3539979761846049
Audi A,2015,46905,22990,24272.608695652172,46,8,6-8,40-60k,0.15224355001378106
Ford Expedition,2014,63769,24590,31170.0,6,9,8-10,60-80k,0.3539979761846049
Ford Focus,2015,33311,15590,14996.451612903225,93,8,6-8,20-40k,-0.780870671026279
Subaru Outback,2014,103233,18990,25362.21153846154,52,9,8-10,100-130k,-0.35214251541327846
Toyota Sienna,2013,104397,17990,31905.78947368421,38,10,8-10,100-130k,-0.47823903177004334
Volkswagen Passat,2013,82487,14590,18311.052631578947,76,10,8-10,80-100k,-0.9069671873830439
Honda HR-V,2018,19366,23590,22338.0,43,5,4-6,0-20k,0.22790145982784
Kia Sorento,2015,56414,17990,21217.59405940594,101,8,6-8,40-60k,-0.47823903177004334
Subaru Legacy,2013,62724,16590,20081.428571428572,21,10,8-10,60-80k,-0.6547741546695142
Dodge Grand Caravan Passenger,2017,61637,18990,18365.342465753423,73,6,4-6,60-80k,-0.35214251541327846
Chevrolet Equinox,2018,101722,17990,19319.105263157893,171,5,4-6,100-130k,-0.47823903177004334
Chevrolet Spark EV,2016,54926,13990,15332.857142857143,14,7,6-8,40-60k,-0.9826250971971029
Audi Q,2016,42744,24990,25158.42105263158,19,7,6-8,40-60k,0.4044365827273108
Chevrolet Trailblazer,2021,41850,23697,24824.0,23,2,0-2,40-60k,0.24139378707801384
Nissan Z,2010,66765,23990,25971.81818181818,11,13,10-15,60-80k,0.278340066370546
Nissan Kicks,2020,51257,18998,19809.626373626375,91,3,2-4,40-60k,-0.3511337432824243
Ford Mustang,2010,58993,22590,25856.117647058825,102,13,10-15,40-60k,0.10180494347107512
Chevrolet Equinox,2021,51625,20999,19319.105263157893,171,2,0-2,40-60k,-0.0988146140525378
Chevrolet Malibu,2015,60466,16990,19288.927536231884,69,8,6-8,60-80k,-0.6043355481268082
Buick Envision,2018,63480,22331,24501.2,20,5,4-6,60-80k,0.06914594573467302
Toyota RAV,2015,58621,23990,23160.708333333332,72,8,6-8,40-60k,0.278340066370546
FIAT,2015,83366,12590,14531.935483870968,31,8,6-8,80-100k,-1.1591602200965736
Nissan Altima,2015,42594,16990,19293.97340425532,188,8,6-8,40-60k,-0.6043355481268082
Buick Envision,2019,51521,24590,24501.2,20,4,2-4,40-60k,0.3539979761846049
Ford Focus,2014,80152,12990,14996.451612903225,93,9,8-10,80-100k,-1.1087216135538678
Ford Explorer,2018,79221,23990,24112.425531914894,47,5,4-6,60-80k,0.278340066370546
Chrysler Town & Country,2015,88064,16990,17956.666666666668,24,8,6-8,80-100k,-0.6043355481268082
BMW  Series,2016,43382,24990,25277.301587301587,126,7,6-8,40-60k,0.4044365827273108
Mitsubishi Outlander,2019,66218,21990,20020.0,20,4,2-4,60-80k,0.026147033657016195
Hyundai Elantra,2019,31244,18990,17041.33846153846,195,4,2-4,20-40k,-0.35214251541327846
Volkswagen Tiguan,2012,85280,13990,20451.456140350878,57,11,10-15,80-100k,-0.9826250971971029
BMW i,2014,48793,18990,20447.894736842107,38,9,8-10,40-60k,-0.35214251541327846
Honda Civic,2016,43522,22590,18925.32380952381,210,7,6-8,40-60k,0.10180494347107512
Jeep Cherokee,2016,73166,18590,21467.63829787234,141,7,6-8,60-80k,-0.4025811219559844
Chevrolet Sonic,2014,97082,12590,14630.90909090909,44,9,8-10,80-100k,-1.1591602200965736
Subaru XV Crosstrek,2014,53933,19990,18790.0,8,9,8-10,40-60k,-0.22604599905651357
Nissan Maxima,2019,52266,24990,24153.521739130436,23,4,2-4,40-60k,0.4044365827273108
FIAT,2015,83209,12990,14531.935483870968,31,8,6-8,80-100k,-1.1087216135538678
Ford Fiesta,2016,62939,13590,14645.737704918032,61,7,6-8,60-80k,-1.0330637037398087
Chevrolet Equinox,2020,44843,20370,19319.105263157893,171,3,2-4,40-60k,-0.1781293228409429
Honda CR-V,2016,40235,22590,21022.757009345794,107,7,6-8,40-60k,0.10180494347107512
MAZDA MX- Miata,2012,49935,18990,22241.28205128205,39,11,10-15,40-60k,-0.35214251541327846
Chevrolet Trax,2017,93969,15590,18076.951219512193,82,6,4-6,80-100k,-0.780870671026279
FIAT  Spider,2017,39377,24990,24176.666666666668,15,6,4-6,20-40k,0.4044365827273108
Dodge Grand Caravan Passenger,2013,87578,15990,18365.342465753423,73,10,8-10,80-100k,-0.7304320644835731
Toyota Corolla,2022,2394,24990,18560.486988847584,269,1,0-2,0-20k,0.4044365827273108
Chevrolet Trax,2021,36740,20293,18076.951219512193,82,2,0-2,20-40k,-0.1878387546004138
Hyundai Sonata,2016,73416,15990,16759.738562091505,153,7,6-8,60-80k,-0.7304320644835731
Hyundai Accent,2016,34881,14990,15905.254237288136,59,7,6-8,20-40k,-0.856528580840338
Buick Encore GX,2021,41234,24175,23802.85714285714,14,2,0-2,40-60k,0.30166792189654745
INFINITI JX,2013,64261,22590,22290.0,2,10,8-10,60-80k,0.10180494347107512
Ford Focus,2013,70029,13590,14996.451612903225,93,10,8-10,60-80k,-1.0330637037398087
Nissan Rogue,2018,48231,17385,20382.880165289258,242,5,4-6,40-60k,-0.5545274241658861
MINI Countryman,2016,78284,18590,19147.14285714286,42,7,6-8,60-80k,-0.4025811219559844
Honda Civic,2017,77576,18590,18925.32380952381,210,6,4-6,60-80k,-0.4025811219559844
Honda Civic,2016,95061,17990,18925.32380952381,210,7,6-8,80-100k,-0.47823903177004334
Honda CR-V,2015,95801,17990,21022.757009345794,107,8,6-8,80-100k,-0.47823903177004334
Kia Soul,2020,35304,18109,17106.064516129034,124,3,2-4,20-40k,-0.4632335463235883
Chevrolet Impala,2017,62793,21990,20195.8,40,6,4-6,60-80k,0.026147033657016195
Mitsubishi Mirage G,2020,10215,17590,16790.0,16,3,2-4,0-20k,-0.5286776383127493
Kia Soul,2011,64765,13590,17106.064516129034,124,12,10-15,60-80k,-1.0330637037398087
Chevrolet Cruze,2016,32429,21590,15992.5,80,7,6-8,20-40k,-0.02429157288568976
Hyundai Elantra,2015,60830,14990,17041.33846153846,195,8,6-8,60-80k,-0.856528580840338
Acura TLX,2015,39617,22990,22612.222222222223,9,8,6-8,20-40k,0.15224355001378106
Ford Mustang,2016,53518,22990,25856.117647058825,102,7,6-8,40-60k,0.15224355001378106
Kia Optima,2020,10150,24990,17867.048076923078,104,3,2-4,0-20k,0.4044365827273108
Hyundai Veloster,2015,81520,15590,17090.3125,32,8,6-8,80-100k,-0.780870671026279
Nissan Rogue,2021,52050,22803,20382.880165289258,242,2,0-2,40-60k,0.12866350145506605
Honda Accord,2015,49081,19990,20338.34351145038,131,8,6-8,40-60k,-0.22604599905651357
GMC Acadia,2017,95912,20990,26526.174603174604,63,6,4-6,80-100k,-0.09994948269974868
MAZDA MAZDA,2016,82646,16990,17840.6338028169,142,7,6-8,80-100k,-0.6043355481268082
Hyundai Elantra,2015,37921,17590,17041.33846153846,195,8,6-8,20-40k,-0.5286776383127493
Ford Fusion,2018,49917,16903,18113.032,125,5,4-6,40-60k,-0.6153059450498467
Honda Accord,2017,98933,18990,20338.34351145038,131,6,4-6,80-100k,-0.35214251541327846
Buick Encore,2017,39345,21590,18820.149425287356,87,6,4-6,20-40k,-0.02429157288568976
MINI Clubman,2017,41112,21990,20763.333333333332,15,6,4-6,40-60k,0.026147033657016195
Honda Civic,2016,41025,19990,18925.32380952381,210,7,6-8,40-60k,-0.22604599905651357
Acura ILX,2013,81929,16990,19567.777777777777,9,10,8-10,80-100k,-0.6043355481268082
BMW  Series,2011,54441,18590,25277.301587301587,126,12,10-15,40-60k,-0.4025811219559844
Toyota Camry,2011,62663,15590,20721.41134751773,141,12,10-15,60-80k,-0.780870671026279
Chevrolet Malibu,2013,91487,14990,19288.927536231884,69,10,8-10,80-100k,-0.856528580840338
Honda CR-V,2018,52175,24150,21022.757009345794,107,5,4-6,40-60k,0.29851550898762835
Chevrolet Sonic,2018,86768,14990,14630.90909090909,44,5,4-6,80-100k,-0.856528580840338
INFINITI Q,2015,58082,23590,25347.133333333335,30,8,6-8,40-60k,0.22790145982784
Ford Escape,2019,41887,18483,19376.448,125,4,2-4,40-60k,-0.41607344920615824
Nissan Sentra,2022,2179,23990,17151.21551724138,116,1,0-2,0-20k,0.278340066370546
Kia Optima,2014,61417,16590,17867.048076923078,104,9,8-10,60-80k,-0.6547741546695142
INFINITI M,2013,55653,20990,18790.0,2,10,8-10,40-60k,-0.09994948269974868
Buick Verano,2012,24515,17590,16710.0,15,11,10-15,20-40k,-0.5286776383127493
Nissan Rogue,2021,42227,24593,20382.880165289258,242,2,0-2,40-60k,0.3543762657336752
Buick LaCrosse,2011,83072,14590,18705.78947368421,19,12,10-15,80-100k,-0.9069671873830439
Buick Encore,2019,48556,17550,18820.149425287356,87,4,2-4,40-60k,-0.5337214989670199
Volvo S,2015,53642,18990,22542.380952380954,21,8,6-8,40-60k,-0.35214251541327846
Hyundai Sonata,2014,69921,14990,16759.738562091505,153,9,8-10,60-80k,-0.856528580840338
Chevrolet Cruze,2017,82227,15990,15992.5,80,6,4-6,80-100k,-0.7304320644835731
Volkswagen Golf,2017,32149,21990,17881.666666666668,24,6,4-6,20-40k,0.026147033657016195
Nissan Sentra,2017,43228,18590,17151.21551724138,116,6,4-6,40-60k,-0.4025811219559844
Mitsubishi Outlander Sport,2019,45974,19990,18771.48148148148,54,4,2-4,40-60k,-0.22604599905651357
Kia Optima,2019,44116,21990,17867.048076923078,104,4,2-4,40-60k,0.026147033657016195
Volkswagen Tiguan,2015,78289,16990,20451.456140350878,57,8,6-8,60-80k,-0.6043355481268082
MAZDA MAZDA,2010,52898,14590,17840.6338028169,142,13,10-15,40-60k,-0.9069671873830439
MAZDA MAZDA,2013,63285,15990,17840.6338028169,142,10,8-10,60-80k,-0.7304320644835731
Volvo XC,2014,90078,17990,27782.0,25,9,8-10,80-100k,-0.47823903177004334
Nissan Kicks,2020,50684,17779,19809.626373626375,91,3,2-4,40-60k,-0.5048453967213207
Mitsubishi Outlander Sport,2018,79905,16990,18771.48148148148,54,5,4-6,60-80k,-0.6043355481268082
Honda Accord,2011,90184,14990,20338.34351145038,131,12,10-15,80-100k,-0.856528580840338
Chevrolet Blazer,2020,63491,24303,27322.36842105263,19,3,2-4,60-80k,0.3178082759902134
MINI Countryman,2016,53802,20990,19147.14285714286,42,7,6-8,40-60k,-0.09994948269974868
Chevrolet Equinox,2019,42802,20700,19319.105263157893,171,4,2-4,40-60k,-0.1365174724432105
Mitsubishi Outlander Sport,2016,66993,16590,18771.48148148148,54,7,6-8,60-80k,-0.6547741546695142
Chevrolet Spark,2019,46496,15590,15980.290909090909,55,4,2-4,40-60k,-0.780870671026279
Chevrolet Spark,2017,64122,13990,15980.290909090909,55,6,4-6,60-80k,-0.9826250971971029
Volkswagen Jetta,2021,17673,22990,17068.442477876106,113,2,0-2,0-20k,0.15224355001378106
Buick Envision,2017,39157,24590,24501.2,20,6,4-6,20-40k,0.3539979761846049
Nissan Sentra,2018,65852,15990,17151.21551724138,116,5,4-6,60-80k,-0.7304320644835731
Hyundai Sonata,2019,37185,19990,16759.738562091505,153,4,2-4,20-40k,-0.22604599905651357
Volkswagen Jetta,2013,65832,15590,17068.442477876106,113,10,8-10,60-80k,-0.780870671026279
Hyundai Elantra,2016,90538,13990,17041.33846153846,195,7,6-8,80-100k,-0.9826250971971029
Nissan Pathfinder,2018,82814,19590,22727.11111111111,36,5,4-6,80-100k,-0.2764846055992195
Honda Accord,2014,75705,18590,20338.34351145038,131,9,8-10,60-80k,-0.4025811219559844
Ford Escape,2018,47267,17983,19376.448,125,5,4-6,40-60k,-0.4791217073845407
Nissan Murano,2019,32723,24990,23491.560606060608,66,4,2-4,20-40k,0.4044365827273108
Chevrolet Spark,2017,35649,15590,15980.290909090909,55,6,4-6,20-40k,-0.780870671026279
Nissan Altima,2020,45047,24399,19293.97340425532,188,3,2-4,40-60k,0.32991354156046276
Chevrolet Malibu,2015,101082,15590,19288.927536231884,69,8,6-8,100-130k,-0.780870671026279
Kia Sportage,2022,27016,24990,20804.091954022988,87,1,0-2,20-40k,0.4044365827273108
Hyundai Santa Fe,2012,101852,14990,23761.17391304348,46,11,10-15,100-130k,-0.856528580840338
Chrysler Pacifica,2019,65484,22990,26151.657142857144,35,4,2-4,60-80k,0.15224355001378106
Nissan Altima,2021,41297,21098,19293.97340425532,188,2,0-2,40-60k,-0.08633105893321807
Jeep Renegade,2015,65071,16990,20176.3661971831,71,8,6-8,60-80k,-0.6043355481268082
Nissan Versa Note,2016,54402,14590,14502.5,16,7,6-8,40-60k,-0.9069671873830439
Toyota Yaris,2019,26366,19990,16685.238095238095,21,4,2-4,20-40k,-0.22604599905651357
Honda Accord,2017,36579,21990,20338.34351145038,131,6,4-6,20-40k,0.026147033657016195
Toyota Sienna,2012,97874,17990,31905.78947368421,38,11,10-15,80-100k,-0.47823903177004334
Honda CR-V,2014,72379,17590,21022.757009345794,107,9,8-10,60-80k,-0.5286776383127493
Volkswagen Jetta,2014,80705,15590,17068.442477876106,113,9,8-10,80-100k,-0.780870671026279
Hyundai Veloster,2013,27104,18590,17090.3125,32,10,8-10,20-40k,-0.4025811219559844
Buick Encore,2018,88200,17990,18820.149425287356,87,5,4-6,80-100k,-0.47823903177004334
MINI Countryman,2012,93574,14590,19147.14285714286,42,11,10-15,80-100k,-0.9069671873830439
Nissan Rogue,2016,65926,17590,20382.880165289258,242,7,6-8,60-80k,-0.5286776383127493
Toyota Highlander,2012,80954,22990,26813.875,24,11,10-15,80-100k,0.15224355001378106
MAZDA MX- Miata,2012,29231,20990,22241.28205128205,39,11,10-15,20-40k,-0.09994948269974868
Hyundai Elantra,2016,67066,14990,17041.33846153846,195,7,6-8,60-80k,-0.856528580840338
Mitsubishi Outlander Sport,2014,73484,15990,18771.48148148148,54,9,8-10,60-80k,-0.7304320644835731
Nissan Versa,2017,53902,14990,15995.263157894737,95,6,4-6,40-60k,-0.856528580840338
MINI Convertible,2016,37762,23990,21253.157894736843,19,7,6-8,20-40k,0.278340066370546
Toyota Camry,2017,12380,22990,20721.41134751773,141,6,4-6,0-20k,0.15224355001378106
Hyundai Sonata Hybrid,2017,40804,23990,20218.571428571428,7,6,4-6,40-60k,0.278340066370546
Toyota Corolla,2016,63116,16990,18560.486988847584,269,7,6-8,60-80k,-0.6043355481268082
Ford Fusion,2017,94872,15990,18113.032,125,6,4-6,80-100k,-0.7304320644835731
Chevrolet Volt,2015,55036,18990,18150.0,25,8,6-8,40-60k,-0.35214251541327846
Kia Sorento,2017,96719,16590,21217.59405940594,101,6,4-6,80-100k,-0.6547741546695142
Nissan Rogue,2021,25713,25475,20382.880165289258,242,2,0-2,20-40k,0.4655933931603418
Kia Soul,2019,59233,16990,17106.064516129034,124,4,2-4,40-60k,-0.6043355481268082
Chevrolet Blazer,2020,51966,29274,27322.36842105263,19,3,2-4,40-60k,0.9446340587996915
Honda Civic,2020,20917,23990,18925.32380952381,210,3,2-4,20-40k,0.278340066370546
Toyota Sienna,2013,78466,22990,31905.78947368421,38,10,8-10,60-80k,0.15224355001378106
MAZDA MAZDA,2016,58044,21990,17840.6338028169,142,7,6-8,40-60k,0.026147033657016195
Ford Focus,2017,72787,13990,14996.451612903225,93,6,4-6,60-80k,-0.9826250971971029
Chevrolet Traverse,2021,47072,31157,27964.304347826088,46,2,0-2,40-60k,1.1820737990994798
Dodge Grand Caravan Passenger,2014,97202,14990,18365.342465753423,73,9,8-10,80-100k,-0.856528580840338
Chrysler,2021,39219,25548,20993.80612244898,98,2,0-2,20-40k,0.47479843885438566
Honda HR-V,2018,12138,22990,22338.0,43,5,4-6,0-20k,0.15224355001378106
Nissan Murano,2016,35380,22590,23491.560606060608,66,7,6-8,20-40k,0.10180494347107512
Honda Civic,2012,77810,14590,18925.32380952381,210,11,10-15,60-80k,-0.9069671873830439
Mitsubishi Outlander Sport,2018,37352,19990,18771.48148148148,54,5,4-6,20-40k,-0.22604599905651357
Ford Mustang,2013,85029,17990,25856.117647058825,102,10,8-10,80-100k,-0.47823903177004334
Kia Optima,2015,87374,16590,17867.048076923078,104,8,6-8,80-100k,-0.6547741546695142
BMW i,2015,43500,19990,20447.894736842107,38,8,6-8,40-60k,-0.22604599905651357
Honda Civic,2017,47924,20590,18925.32380952381,210,6,4-6,40-60k,-0.15038808924245464
Nissan Sentra,2019,14616,19990,17151.21551724138,116,4,2-4,0-20k,-0.22604599905651357
Ford Fusion,2015,96092,14990,18113.032,125,8,6-8,80-100k,-0.856528580840338
Toyota Corolla,2009,84841,13590,18560.486988847584,269,14,10-15,80-100k,-1.0330637037398087
Nissan Altima,2014,31807,16990,19293.97340425532,188,9,8-10,20-40k,-0.6043355481268082
Honda Civic,2010,85214,13590,18925.32380952381,210,13,10-15,80-100k,-1.0330637037398087
Toyota Corolla,2019,32043,20990,18560.486988847584,269,4,2-4,20-40k,-0.09994948269974868
Hyundai Veloster,2019,41332,23590,17090.3125,32,4,2-4,40-60k,0.22790145982784
Ford Mustang,2020,48553,30413,25856.117647058825,102,3,2-4,40-60k,1.0882579909300467
Ford Focus,2014,70350,13590,14996.451612903225,93,9,8-10,60-80k,-1.0330637037398087
Ford Fusion,2018,64369,22990,18113.032,125,5,4-6,60-80k,0.15224355001378106
Honda HR-V,2017,39352,22990,22338.0,43,6,4-6,20-40k,0.15224355001378106
Toyota Camry,2015,63932,20990,20721.41134751773,141,8,6-8,60-80k,-0.09994948269974868
Ford Edge,2011,80799,14990,20629.243243243243,74,12,10-15,80-100k,-0.856528580840338
Mercedes-Benz M-Class,2015,69865,24590,24550.0,5,8,6-8,60-80k,0.3539979761846049
Volkswagen e-Golf,2016,33013,18990,19099.090909090908,11,7,6-8,20-40k,-0.35214251541327846
Mitsubishi Outlander,2019,37558,21990,20020.0,20,4,2-4,20-40k,0.026147033657016195
Ford Edge,2020,52233,25203,20629.243243243243,74,3,2-4,40-60k,0.43129514071130176
MAZDA MX- Miata,2014,42702,20990,22241.28205128205,39,9,8-10,40-60k,-0.09994948269974868
Mercedes-Benz A-Class,2019,32692,28990,31390.0,7,4,2-4,20-40k,0.9088226481543704
Ford Explorer,2013,70211,19590,24112.425531914894,47,10,8-10,60-80k,-0.2764846055992195
Ford Fusion,2015,63838,16990,18113.032,125,8,6-8,60-80k,-0.6043355481268082
Lexus ES,2012,86661,18590,26148.61111111111,36,11,10-15,80-100k,-0.4025811219559844
Lexus RX,2012,87954,19990,27399.52380952381,21,11,10-15,80-100k,-0.22604599905651357
Ford Fiesta,2017,54988,15590,14645.737704918032,61,6,4-6,40-60k,-0.780870671026279
Volkswagen Jetta SportWagen,2014,71966,16990,16603.333333333332,15,9,8-10,60-80k,-0.6043355481268082
Toyota Prius v,2014,91175,17590,19140.0,12,9,8-10,80-100k,-0.5286776383127493
MINI Hardtop  Door,2019,51173,24590,20638.64864864865,37,4,2-4,40-60k,0.3539979761846049
Jeep Wrangler Unlimited,2021,44006,34983,35153.86666666667,15,2,0-2,40-60k,1.6645190706804622
Honda Fit,2010,83124,13590,17112.222222222223,54,13,10-15,80-100k,-1.0330637037398087
Volkswagen Passat,2013,70930,14990,18311.052631578947,76,10,8-10,60-80k,-0.856528580840338
Ford Edge,2013,53865,18990,20629.243243243243,74,10,8-10,40-60k,-0.35214251541327846
Chevrolet Traverse,2020,51881,28203,27964.304347826088,46,3,2-4,40-60k,0.8095846897815964
Buick LaCrosse,2014,67121,17990,18705.78947368421,19,9,8-10,60-80k,-0.47823903177004334
Chevrolet Sonic,2015,65789,13990,14630.90909090909,44,8,6-8,60-80k,-0.9826250971971029
Kia Soul,2016,25417,17990,17106.064516129034,124,7,6-8,20-40k,-0.47823903177004334
Subaru Outback,2017,71266,21990,25362.21153846154,52,6,4-6,60-80k,0.026147033657016195
Honda CR-V,2020,48753,26103,21022.757009345794,107,3,2-4,40-60k,0.5447820054323902
Nissan Altima,2016,72466,16990,19293.97340425532,188,7,6-8,60-80k,-0.6043355481268082
Honda HR-V,2016,57017,19990,22338.0,43,7,6-8,40-60k,-0.22604599905651357
Toyota Tundra Double Cab,2019,40922,36803,30193.25,4,4,2-4,40-60k,1.8940147304497743
Chrysler,2018,39000,23990,20993.80612244898,98,5,4-6,20-40k,0.278340066370546
Kia Optima,2015,82380,15590,17867.048076923078,104,8,6-8,80-100k,-0.780870671026279
MAZDA MX- Miata,2010,25415,19990,22241.28205128205,39,13,10-15,20-40k,-0.22604599905651357
Kia Soul,2015,33500,15990,17106.064516129034,124,8,6-8,20-40k,-0.7304320644835731
Hyundai Elantra GT,2019,45415,19990,16761.428571428572,7,4,2-4,40-60k,-0.22604599905651357
Hyundai Sonata,2016,89366,15990,16759.738562091505,153,7,6-8,80-100k,-0.7304320644835731
Dodge Charger,2016,90917,19990,27191.571428571428,35,7,6-8,80-100k,-0.22604599905651357
Jeep Gladiator,2020,53823,40651,42513.0,7,3,2-4,40-60k,2.3792341253906057
Toyota Corolla,2020,61509,19990,18560.486988847584,269,3,2-4,60-80k,-0.22604599905651357
Honda CR-V,2019,51434,26993,21022.757009345794,107,4,2-4,40-60k,0.6570079049899109
Hyundai Sonata,2016,5579,21590,16759.738562091505,153,7,6-8,0-20k,-0.02429157288568976
Subaru Outback,2021,47055,26865,25362.21153846154,52,2,0-2,40-60k,0.640867550896245
Pontiac Solstice,2009,43927,19590,20290.0,2,14,10-15,40-60k,-0.2764846055992195
Chevrolet Cruze,2014,52365,15990,15992.5,80,9,8-10,40-60k,-0.7304320644835731
Chevrolet Equinox,2015,90962,15590,19319.105263157893,171,8,6-8,80-100k,-0.780870671026279
Hyundai Elantra,2015,65759,14990,17041.33846153846,195,8,6-8,60-80k,-0.856528580840338
Ford Edge,2021,42144,27993,20629.243243243243,74,2,0-2,40-60k,0.7831044213466758
Buick Verano,2016,61593,15990,16710.0,15,7,6-8,60-80k,-0.7304320644835731
Volkswagen Jetta,2014,85380,14590,17068.442477876106,113,9,8-10,80-100k,-0.9069671873830439
Chevrolet Camaro,2020,44930,37993,26673.675324675325,77,3,2-4,40-60k,2.0440695849143244
Volkswagen Jetta,2021,38515,19990,17068.442477876106,113,2,0-2,20-40k,-0.22604599905651357
Hyundai Sonata,2012,74612,14590,16759.738562091505,153,11,10-15,60-80k,-0.9069671873830439
Toyota Corolla,2015,80267,15990,18560.486988847584,269,8,6-8,80-100k,-0.7304320644835731
Jeep Cherokee,2017,66806,20990,21467.63829787234,141,6,4-6,60-80k,-0.09994948269974868
Honda Civic,2014,92333,14990,18925.32380952381,210,9,8-10,80-100k,-0.856528580840338
Chrysler,2020,48332,27303,20993.80612244898,98,3,2-4,40-60k,0.696097825060508
Volkswagen Golf,2017,101484,15990,17881.666666666668,24,6,4-6,100-130k,-0.7304320644835731
Jeep Cherokee,2021,40661,27293,21467.63829787234,141,2,0-2,40-60k,0.6948368598969403
Toyota Corolla,2018,32642,19990,18560.486988847584,269,5,4-6,20-40k,-0.22604599905651357
Jeep Compass,2018,69500,21590,20590.543103448275,116,5,4-6,60-80k,-0.02429157288568976
Ford Fusion,2018,100568,19990,18113.032,125,5,4-6,100-130k,-0.22604599905651357
MAZDA CX-,2017,90768,19590,23001.7,140,6,4-6,80-100k,-0.2764846055992195
Nissan Murano,2020,48523,29993,23491.560606060608,66,3,2-4,40-60k,1.0352974540602056
Jeep Cherokee,2019,76998,20990,21467.63829787234,141,4,2-4,60-80k,-0.09994948269974868
Honda Fit,2019,43116,20990,17112.222222222223,54,4,2-4,40-60k,-0.09994948269974868
Hyundai Accent,2018,59978,15990,15905.254237288136,59,5,4-6,40-60k,-0.7304320644835731
Jeep Cherokee,2014,39673,18990,21467.63829787234,141,9,8-10,20-40k,-0.35214251541327846
Chevrolet Camaro,2011,51405,24990,26673.675324675325,77,12,10-15,40-60k,0.4044365827273108
MINI Convertible,2016,52320,22990,21253.157894736843,19,7,6-8,40-60k,0.15224355001378106
Honda CR-V,2020,49432,25899,21022.757009345794,107,3,2-4,40-60k,0.5190583160956102
Honda Civic,2019,41448,23590,18925.32380952381,210,4,2-4,40-60k,0.22790145982784
Dodge Grand Caravan Passenger,2018,84605,17990,18365.342465753423,73,5,4-6,80-100k,-0.47823903177004334
Mitsubishi Mirage,2014,67035,12990,15890.0,22,9,8-10,60-80k,-1.1087216135538678
Honda Accord,2014,97516,17590,20338.34351145038,131,9,8-10,80-100k,-0.5286776383127493
Nissan Versa,2016,57458,14990,15995.263157894737,95,7,6-8,40-60k,-0.856528580840338
Toyota Corolla,2022,4316,24990,18560.486988847584,269,1,0-2,0-20k,0.4044365827273108
Chrysler,2021,40313,25928,20993.80612244898,98,2,0-2,40-60k,0.5227151150699563
Jeep Cherokee,2016,67600,18590,21467.63829787234,141,7,6-8,60-80k,-0.4025811219559844
Honda Civic,2013,101224,14590,18925.32380952381,210,10,8-10,100-130k,-0.9069671873830439
Hyundai Elantra,2020,60413,19590,17041.33846153846,195,3,2-4,60-80k,-0.2764846055992195
Ford Fusion,2018,42292,19590,18113.032,125,5,4-6,40-60k,-0.2764846055992195
Honda Civic,2013,74873,15590,18925.32380952381,210,10,8-10,60-80k,-0.780870671026279
Toyota Corolla Hatchback,2021,21867,26700,24646.666666666668,9,2,0-2,20-40k,0.6200616256973788
Lexus IS,2015,69247,24590,23340.0,28,8,6-8,60-80k,0.3539979761846049
Hyundai Accent,2016,59690,14590,15905.254237288136,59,7,6-8,40-60k,-0.9069671873830439
Volkswagen Jetta SportWagen,2013,98401,15590,16603.333333333332,15,10,8-10,80-100k,-0.780870671026279
Honda Pilot,2019,52482,31155,25763.433333333334,30,4,2-4,40-60k,1.1818216060667663
Toyota Corolla,2019,27565,20590,18560.486988847584,269,4,2-4,20-40k,-0.15038808924245464
Chevrolet Spark,2019,70098,14990,15980.290909090909,55,4,2-4,60-80k,-0.856528580840338
GMC Terrain,2017,57505,20990,21643.57627118644,59,6,4-6,40-60k,-0.09994948269974868
MINI Roadster,2013,41782,21590,18030.0,5,10,8-10,40-60k,-0.02429157288568976
Toyota Corolla,2011,99520,13590,18560.486988847584,269,12,10-15,80-100k,-1.0330637037398087
Chrysler,2021,46612,25589,20993.80612244898,98,2,0-2,40-60k,0.479968396025013
Dodge Charger,2018,91762,21990,27191.571428571428,35,5,4-6,80-100k,0.026147033657016195
Toyota Avalon,2010,42843,18990,23526.363636363636,22,13,10-15,40-60k,-0.35214251541327846
BMW  Series,2014,65044,23590,25277.301587301587,126,9,8-10,60-80k,0.22790145982784
Kia Forte,2017,47475,14990,17017.92156862745,102,6,4-6,40-60k,-0.856528580840338
Nissan Murano,2018,53666,21990,23491.560606060608,66,5,4-6,40-60k,0.026147033657016195
INFINITI Q,2017,63732,24590,25347.133333333335,30,6,4-6,60-80k,0.3539979761846049
Jeep Wrangler,2012,82387,22590,26477.5,32,11,10-15,80-100k,0.10180494347107512
BMW i,2014,56888,17990,20447.894736842107,38,9,8-10,40-60k,-0.47823903177004334
Jeep Wrangler,2015,83486,24590,26477.5,32,8,6-8,80-100k,0.3539979761846049
BMW X,2017,46431,24990,28257.918032786885,61,6,4-6,40-60k,0.4044365827273108
Chevrolet Spark EV,2015,31252,15990,15332.857142857143,14,8,6-8,20-40k,-0.7304320644835731
Ford Focus,2014,33519,15590,14996.451612903225,93,9,8-10,20-40k,-0.780870671026279
Honda CR-V,2013,101441,16590,21022.757009345794,107,10,8-10,100-130k,-0.6547741546695142
Chevrolet Trax,2020,26923,19990,18076.951219512193,82,3,2-4,20-40k,-0.22604599905651357
Ford Focus,2014,47650,14990,14996.451612903225,93,9,8-10,40-60k,-0.856528580840338
Chrysler Pacifica,2019,68394,27228,26151.657142857144,35,4,2-4,60-80k,0.6866405863337507
Volkswagen Tiguan,2012,62459,15990,20451.456140350878,57,11,10-15,60-80k,-0.7304320644835731
Cadillac SRX,2012,50730,19990,20345.555555555555,9,11,10-15,40-60k,-0.22604599905651357
Toyota Camry Hybrid,2019,40442,28989,29523.222222222223,9,4,2-4,40-60k,0.9086965516380135
Ford Fusion,2014,90303,15590,18113.032,125,9,8-10,80-100k,-0.780870671026279
Ford Taurus,2012,52278,16990,17145.555555555555,18,11,10-15,40-60k,-0.6043355481268082
Chevrolet Traverse,2021,41113,33598,27964.304347826088,46,2,0-2,40-60k,1.4898753955263428
Volvo S,2015,73180,17990,22542.380952380954,21,8,6-8,60-80k,-0.47823903177004334
Nissan Altima,2016,86131,15990,19293.97340425532,188,7,6-8,80-100k,-0.7304320644835731
Subaru Outback,2021,45596,26347,25362.21153846154,52,2,0-2,40-60k,0.5755495554234408
Toyota Camry,2017,84557,17990,20721.41134751773,141,6,4-6,80-100k,-0.47823903177004334
MINI Hardtop,2013,52141,16990,16547.14285714286,14,10,8-10,40-60k,-0.6043355481268082
MAZDA MX- Miata RF,2017,50939,24990,25140.0,4,6,4-6,40-60k,0.4044365827273108
Honda Civic,2013,54904,16590,18925.32380952381,210,10,8-10,40-60k,-0.6547741546695142
Volkswagen Beetle,2012,50708,18590,20275.0,40,11,10-15,40-60k,-0.4025811219559844
Volkswagen Golf GTI,2017,59647,21990,23106.129032258064,31,6,4-6,40-60k,0.026147033657016195
Nissan Rogue,2017,102989,18590,20382.880165289258,242,6,4-6,100-130k,-0.4025811219559844
MINI Hardtop,2013,75298,14590,16547.14285714286,14,10,8-10,60-80k,-0.9069671873830439
Toyota Camry,2017,50621,20990,20721.41134751773,141,6,4-6,40-60k,-0.09994948269974868
Volkswagen Jetta,2016,59944,20590,17068.442477876106,113,7,6-8,40-60k,-0.15038808924245464
Honda Civic,2012,59637,14990,18925.32380952381,210,11,10-15,40-60k,-0.856528580840338
MAZDA CX-,2016,93876,18590,23001.7,140,7,6-8,80-100k,-0.4025811219559844
Kia Optima,2013,57604,15990,17867.048076923078,104,10,8-10,40-60k,-0.7304320644835731
Toyota Corolla,2012,63248,16590,18560.486988847584,269,11,10-15,60-80k,-0.6547741546695142
Jeep Renegade,2018,23242,21990,20176.3661971831,71,5,4-6,20-40k,0.026147033657016195
Volkswagen Passat,2015,80908,14990,18311.052631578947,76,8,6-8,80-100k,-0.856528580840338
Volkswagen Golf SportWagen,2015,55278,17990,20065.0,8,8,6-8,40-60k,-0.47823903177004334
Volkswagen Jetta,2013,83288,15990,17068.442477876106,113,10,8-10,80-100k,-0.7304320644835731
Nissan Rogue,2020,40095,25688,20382.880165289258,242,3,2-4,40-60k,0.4924519511443327
Toyota Camry,2019,36186,23990,20721.41134751773,141,4,2-4,20-40k,0.278340066370546
Kia Soul,2014,55256,14990,17106.064516129034,124,9,8-10,40-60k,-0.856528580840338
Chevrolet Equinox,2015,104141,15990,19319.105263157893,171,8,6-8,100-130k,-0.7304320644835731
Ford EcoSport,2019,5995,21990,19908.256756756757,74,4,2-4,0-20k,0.026147033657016195
Chevrolet Trax,2016,62066,17590,18076.951219512193,82,7,6-8,60-80k,-0.5286776383127493
Nissan Versa,2014,45770,13990,15995.263157894737,95,9,8-10,40-60k,-0.9826250971971029
Chevrolet Traverse,2021,38255,33775,27964.304347826088,46,2,0-2,20-40k,1.5121944789214903
Kia Forte,2016,66781,13990,17017.92156862745,102,7,6-8,60-80k,-0.9826250971971029
Mercedes-Benz B-Class,2017,29078,23590,23290.0,2,6,4-6,20-40k,0.22790145982784
Chevrolet Spark,2021,3862,19590,15980.290909090909,55,2,0-2,0-20k,-0.2764846055992195
Chevrolet Malibu,2018,71458,18590,19288.927536231884,69,5,4-6,60-80k,-0.4025811219559844
Jeep Wrangler Unlimited,2020,46230,33645,35153.86666666667,15,3,2-4,40-60k,1.4958019317951108
Nissan Versa,2018,54877,15990,15995.263157894737,95,5,4-6,40-60k,-0.7304320644835731
MAZDA MX- Miata,2014,14359,23590,22241.28205128205,39,9,8-10,0-20k,0.22790145982784
GMC Sierra  Regular Cab,2014,79522,23990,23523.333333333332,3,9,8-10,60-80k,0.278340066370546
Cadillac ATS,2015,24000,22590,22034.444444444445,18,8,6-8,20-40k,0.10180494347107512
Toyota RAV,2017,29947,24990,23160.708333333332,72,6,4-6,20-40k,0.4044365827273108
Buick Encore,2019,41152,20590,18820.149425287356,87,4,2-4,40-60k,-0.15038808924245464
Honda Accord,2019,39322,24990,20338.34351145038,131,4,2-4,20-40k,0.4044365827273108
Hyundai Genesis,2016,97463,20590,21735.454545454544,11,7,6-8,80-100k,-0.15038808924245464
Volkswagen Jetta,2014,46119,18590,17068.442477876106,113,9,8-10,40-60k,-0.4025811219559844
Hyundai Veloster,2013,95153,14990,17090.3125,32,10,8-10,80-100k,-0.856528580840338
Nissan Rogue Select,2015,41665,17990,16376.666666666666,15,8,6-8,40-60k,-0.47823903177004334
Nissan Versa Note,2016,51528,15590,14502.5,16,7,6-8,40-60k,-0.780870671026279
Honda Odyssey,2015,100700,22590,26213.423076923078,26,8,6-8,100-130k,0.10180494347107512
Ford Focus,2018,64566,14990,14996.451612903225,93,5,4-6,60-80k,-0.856528580840338
MAZDA CX-,2018,29594,24990,23001.7,140,5,4-6,20-40k,0.4044365827273108
Chevrolet Cruze,2017,34880,18990,15992.5,80,6,4-6,20-40k,-0.35214251541327846
Hyundai Elantra,2013,37314,16590,17041.33846153846,195,10,8-10,20-40k,-0.6547741546695142
Chevrolet Cruze,2017,39794,18590,15992.5,80,6,4-6,20-40k,-0.4025811219559844
Honda Fit,2015,52927,16990,17112.222222222223,54,8,6-8,40-60k,-0.6043355481268082
Volkswagen Jetta,2012,82738,13590,17068.442477876106,113,11,10-15,80-100k,-1.0330637037398087
MAZDA MX- Miata,2016,4922,23990,22241.28205128205,39,7,6-8,0-20k,0.278340066370546
Volkswagen CC,2012,93813,13590,16275.714285714286,14,11,10-15,80-100k,-1.0330637037398087
Honda Accord,2011,60639,15990,20338.34351145038,131,12,10-15,60-80k,-0.7304320644835731
Honda Accord,2013,73819,17990,20338.34351145038,131,10,8-10,60-80k,-0.47823903177004334
Chrysler,2017,83703,16590,20993.80612244898,98,6,4-6,80-100k,-0.6547741546695142
Ford Focus,2014,15917,15990,14996.451612903225,93,9,8-10,0-20k,-0.7304320644835731
Toyota Yaris,2014,96630,13990,16685.238095238095,21,9,8-10,80-100k,-0.9826250971971029
Nissan Pathfinder,2016,99280,16590,22727.11111111111,36,7,6-8,80-100k,-0.6547741546695142
Chevrolet Trax,2020,16479,21590,18076.951219512193,82,3,2-4,0-20k,-0.02429157288568976
Hyundai Elantra,2013,24694,17590,17041.33846153846,195,10,8-10,20-40k,-0.5286776383127493
Kia Soul,2013,48511,14990,17106.064516129034,124,10,8-10,40-60k,-0.856528580840338
Nissan Altima,2020,42191,25468,19293.97340425532,188,3,2-4,40-60k,0.4647107175458445
Buick LaCrosse,2016,14872,23990,18705.78947368421,19,7,6-8,0-20k,0.278340066370546
Nissan Altima,2021,47215,27603,19293.97340425532,188,2,0-2,40-60k,0.7339267799675375
Honda Accord,2011,87648,14990,20338.34351145038,131,12,10-15,80-100k,-0.856528580840338
Kia Forte,2020,21177,21990,17017.92156862745,102,3,2-4,20-40k,0.026147033657016195
MAZDA CX-,2016,14356,22590,23001.7,140,7,6-8,0-20k,0.10180494347107512
Kia Forte,2016,100375,13590,17017.92156862745,102,7,6-8,100-130k,-1.0330637037398087
Toyota Corolla,2014,47387,16990,18560.486988847584,269,9,8-10,40-60k,-0.6043355481268082
Honda Accord,2012,72716,16590,20338.34351145038,131,11,10-15,60-80k,-0.6547741546695142
MAZDA CX-,2021,41814,29149,23001.7,140,2,0-2,40-60k,0.9288719942550959
Hyundai Elantra,2014,88880,13590,17041.33846153846,195,9,8-10,80-100k,-1.0330637037398087
MAZDA CX-,2021,49858,27635,23001.7,140,2,0-2,40-60k,0.7379618684909539
FIAT L,2018,25541,18990,16690.0,12,5,4-6,20-40k,-0.35214251541327846
Hyundai Tucson,2016,67346,19990,20007.2,70,7,6-8,60-80k,-0.22604599905651357
Nissan Murano,2019,32607,24590,23491.560606060608,66,4,2-4,20-40k,0.3539979761846049
Volkswagen Eos,2014,25639,23590,18390.0,4,9,8-10,20-40k,0.22790145982784
Nissan Rogue Sport,2017,45618,19590,20399.048387096773,62,6,4-6,40-60k,-0.2764846055992195
Scion FR-S,2016,91871,20990,21732.85714285714,7,7,6-8,80-100k,-0.09994948269974868
Chevrolet Camaro,2020,51805,35589,26673.675324675325,77,3,2-4,40-60k,1.7409335595926618
Hyundai Venue,2022,9410,23990,21417.8,20,1,0-2,0-20k,0.278340066370546
Honda Civic,2014,39268,18990,18925.32380952381,210,9,8-10,20-40k,-0.35214251541327846
Nissan Murano,2020,60997,25503,23491.560606060608,66,3,2-4,60-80k,0.46912409561833124
Kia Soul,2013,5979,17990,17106.064516129034,124,10,8-10,0-20k,-0.47823903177004334
MAZDA MAZDA,2018,36975,21990,17840.6338028169,142,5,4-6,20-40k,0.026147033657016195
Kia Rio,2016,51895,14590,16682.0,35,7,6-8,40-60k,-0.9069671873830439
Mercedes-Benz E-Class,2012,39526,24990,24882.30769230769,26,11,10-15,20-40k,0.4044365827273108
Ford Edge,2020,94326,22990,20629.243243243243,74,3,2-4,80-100k,0.15224355001378106
Subaru Crosstrek,2018,79327,24590,24538.548387096773,31,5,4-6,60-80k,0.3539979761846049
Kia Optima,2016,85838,15590,17867.048076923078,104,7,6-8,80-100k,-0.780870671026279
Nissan Altima,2015,24933,17990,19293.97340425532,188,8,6-8,20-40k,-0.47823903177004334
Toyota Corolla Hatchback,2019,70587,23590,24646.666666666668,9,4,2-4,60-80k,0.22790145982784
Hyundai Sonata,2018,46462,18590,16759.738562091505,153,5,4-6,40-60k,-0.4025811219559844
Volkswagen Golf GTI,2015,79031,19590,23106.129032258064,31,8,6-8,60-80k,-0.2764846055992195
Kia Optima,2016,83827,18590,17867.048076923078,104,7,6-8,80-100k,-0.4025811219559844
Ford Fusion,2019,46901,22990,18113.032,125,4,2-4,40-60k,0.15224355001378106
Chrysler,2015,57520,20990,20993.80612244898,98,8,6-8,40-60k,-0.09994948269974868
Chevrolet Trax,2019,53983,17990,18076.951219512193,82,4,2-4,40-60k,-0.47823903177004334
Subaru Outback,2015,55476,21590,25362.21153846154,52,8,6-8,40-60k,-0.02429157288568976
Hyundai Sonata,2018,57841,17990,16759.738562091505,153,5,4-6,40-60k,-0.47823903177004334
Honda Pilot,2016,89312,24590,25763.433333333334,30,7,6-8,80-100k,0.3539979761846049
Nissan Versa,2017,95320,12990,15995.263157894737,95,6,4-6,80-100k,-1.1087216135538678
Hyundai Elantra,2013,68776,13590,17041.33846153846,195,10,8-10,60-80k,-1.0330637037398087
Hyundai Elantra,2018,21446,18590,17041.33846153846,195,5,4-6,20-40k,-0.4025811219559844
Jeep Cherokee,2018,100916,16990,21467.63829787234,141,5,4-6,100-130k,-0.6043355481268082
Honda Pilot,2015,75441,22590,25763.433333333334,30,8,6-8,60-80k,0.10180494347107512
Chevrolet Spark,2014,53955,14590,15980.290909090909,55,9,8-10,40-60k,-0.9069671873830439
Hyundai Kona,2018,56620,22590,22149.1,30,5,4-6,40-60k,0.10180494347107512
Honda Civic,2019,36510,23590,18925.32380952381,210,4,2-4,20-40k,0.22790145982784
Toyota Prius,2013,80161,16990,19496.666666666668,60,10,8-10,80-100k,-0.6043355481268082
Chrysler,2016,57044,16590,20993.80612244898,98,7,6-8,40-60k,-0.6547741546695142
Toyota C-HR,2018,86134,19990,23407.366666666665,30,5,4-6,80-100k,-0.22604599905651357
Chevrolet Sonic,2015,66231,13990,14630.90909090909,44,8,6-8,60-80k,-0.9826250971971029
Volkswagen Jetta SportWagen,2013,84054,15990,16603.333333333332,15,10,8-10,80-100k,-0.7304320644835731
Jeep Compass,2014,70829,14990,20590.543103448275,116,9,8-10,60-80k,-0.856528580840338
Jeep Compass,2015,105122,14590,20590.543103448275,116,8,6-8,100-130k,-0.9069671873830439
Chevrolet Sonic,2016,87982,14590,14630.90909090909,44,7,6-8,80-100k,-0.9069671873830439
MAZDA MAZDA,2011,92644,12990,17840.6338028169,142,12,10-15,80-100k,-1.1087216135538678
Honda CR-V,2015,101771,17990,21022.757009345794,107,8,6-8,100-130k,-0.47823903177004334
Honda CR-V,2016,36043,22990,21022.757009345794,107,7,6-8,20-40k,0.15224355001378106
Honda CR-V,2014,70442,17990,21022.757009345794,107,9,8-10,60-80k,-0.47823903177004334
Honda Accord,2010,77277,15590,20338.34351145038,131,13,10-15,60-80k,-0.780870671026279
Chevrolet Cruze,2017,75196,16990,15992.5,80,6,4-6,60-80k,-0.6043355481268082
Nissan Rogue,2014,93965,15590,20382.880165289258,242,9,8-10,80-100k,-0.780870671026279
Ford Fiesta,2017,41064,14990,14645.737704918032,61,6,4-6,40-60k,-0.856528580840338
Ford Fusion,2010,72864,13990,18113.032,125,13,10-15,60-80k,-0.9826250971971029
Hyundai Elantra,2017,81182,14990,17041.33846153846,195,6,4-6,80-100k,-0.856528580840338
Hyundai Sonata,2018,87457,18990,16759.738562091505,153,5,4-6,80-100k,-0.35214251541327846
FIAT,2012,73444,11990,14531.935483870968,31,11,10-15,60-80k,-1.2348181299106327
Volkswagen Jetta,2015,66975,14990,17068.442477876106,113,8,6-8,60-80k,-0.856528580840338
MAZDA CX-,2016,50161,19990,23001.7,140,7,6-8,40-60k,-0.22604599905651357
Volkswagen Golf GTI,2015,49615,21990,23106.129032258064,31,8,6-8,40-60k,0.026147033657016195
Volkswagen Jetta,2021,37750,20990,17068.442477876106,113,2,0-2,20-40k,-0.09994948269974868
Hyundai Tucson,2015,73396,15990,20007.2,70,8,6-8,60-80k,-0.7304320644835731
Hyundai Sonata,2019,37060,20590,16759.738562091505,153,4,2-4,20-40k,-0.15038808924245464
Jeep Renegade,2016,91423,16990,20176.3661971831,71,7,6-8,80-100k,-0.6043355481268082
Ford Escape,2020,20009,24590,19376.448,125,3,2-4,20-40k,0.3539979761846049
MAZDA MX- Miata,2013,40622,20990,22241.28205128205,39,10,8-10,40-60k,-0.09994948269974868
FIAT,2012,35802,15590,14531.935483870968,31,11,10-15,20-40k,-0.780870671026279
BMW X,2012,44974,22590,28257.918032786885,61,11,10-15,40-60k,0.10180494347107512
Nissan Rogue,2018,52750,19990,20382.880165289258,242,5,4-6,40-60k,-0.22604599905651357
Chevrolet Cruze,2014,61225,14590,15992.5,80,9,8-10,60-80k,-0.9069671873830439
Chevrolet Cruze,2014,99151,12990,15992.5,80,9,8-10,80-100k,-1.1087216135538678
Kia Optima,2013,97933,14590,17867.048076923078,104,10,8-10,80-100k,-0.9069671873830439
MINI Hardtop  Door,2015,62893,18990,20638.64864864865,37,8,6-8,60-80k,-0.35214251541327846
Volkswagen Golf,2017,43376,20590,17881.666666666668,24,6,4-6,40-60k,-0.15038808924245464
Chrysler,2017,80547,20990,20993.80612244898,98,6,4-6,80-100k,-0.09994948269974868
Volkswagen Jetta,2013,99292,15590,17068.442477876106,113,10,8-10,80-100k,-0.780870671026279
Ford Escape,2012,73638,14990,19376.448,125,11,10-15,60-80k,-0.856528580840338
Dodge Grand Caravan Passenger,2020,76953,20990,18365.342465753423,73,3,2-4,60-80k,-0.09994948269974868
Jeep Renegade,2017,73976,16990,20176.3661971831,71,6,4-6,60-80k,-0.6043355481268082
MAZDA MAZDA,2013,24224,16990,17840.6338028169,142,10,8-10,20-40k,-0.6043355481268082
Nissan Sentra,2018,25038,17990,17151.21551724138,116,5,4-6,20-40k,-0.47823903177004334
Kia Sportage,2019,34213,21990,20804.091954022988,87,4,2-4,20-40k,0.026147033657016195
Honda Civic,2020,37605,24990,18925.32380952381,210,3,2-4,20-40k,0.4044365827273108
Jeep Cherokee,2017,94711,16990,21467.63829787234,141,6,4-6,80-100k,-0.6043355481268082
Chrysler Town & Country,2014,77821,17990,17956.666666666668,24,9,8-10,60-80k,-0.47823903177004334
Lexus ES,2015,90184,21590,26148.61111111111,36,8,6-8,80-100k,-0.02429157288568976
Chevrolet Trax,2017,41345,17990,18076.951219512193,82,6,4-6,40-60k,-0.47823903177004334
Toyota Corolla,2018,73351,17990,18560.486988847584,269,5,4-6,60-80k,-0.47823903177004334
Jeep Renegade,2015,89294,16990,20176.3661971831,71,8,6-8,80-100k,-0.6043355481268082
Toyota Highlander,2013,103863,20590,26813.875,24,10,8-10,100-130k,-0.15038808924245464
Toyota Camry,2015,38510,19590,20721.41134751773,141,8,6-8,20-40k,-0.2764846055992195
Nissan LEAF,2019,28067,23990,19142.63157894737,38,4,2-4,20-40k,0.278340066370546
MAZDA MAZDA,2017,56236,20990,17840.6338028169,142,6,4-6,40-60k,-0.09994948269974868
Scion xD,2013,103836,13590,13750.0,5,10,8-10,100-130k,-1.0330637037398087
Chevrolet Cruze,2014,74121,14590,15992.5,80,9,8-10,60-80k,-0.9069671873830439
Honda Civic,2010,89506,12990,18925.32380952381,210,13,10-15,80-100k,-1.1087216135538678
Toyota Corolla,2018,45478,20990,18560.486988847584,269,5,4-6,40-60k,-0.09994948269974868
Hyundai Elantra,2021,20091,24990,17041.33846153846,195,2,0-2,20-40k,0.4044365827273108
Ford Fiesta,2019,65938,14990,14645.737704918032,61,4,2-4,60-80k,-0.856528580840338
Volkswagen Golf SportWagen,2017,60870,19990,20065.0,8,6,4-6,60-80k,-0.22604599905651357
Subaru Forester,2013,91566,17990,20446.25,32,10,8-10,80-100k,-0.47823903177004334
Jeep Renegade,2016,66890,19990,20176.3661971831,71,7,6-8,60-80k,-0.22604599905651357
Volkswagen New Beetle,2009,71001,13590,13590.0,1,14,10-15,60-80k,-1.0330637037398087
Honda Accord,2012,85390,16590,20338.34351145038,131,11,10-15,80-100k,-0.6547741546695142
Ford Explorer,2016,96479,21990,24112.425531914894,47,7,6-8,80-100k,0.026147033657016195
Volkswagen Golf GTI,2016,98565,19590,23106.129032258064,31,7,6-8,80-100k,-0.2764846055992195
Subaru Crosstrek,2016,65474,20990,24538.548387096773,31,7,6-8,60-80k,-0.09994948269974868
Volkswagen Tiguan,2019,38066,22990,20451.456140350878,57,4,2-4,20-40k,0.15224355001378106
Kia Optima,2015,75666,15590,17867.048076923078,104,8,6-8,60-80k,-0.780870671026279
Ford Focus,2018,68896,14990,14996.451612903225,93,5,4-6,60-80k,-0.856528580840338
Toyota Sienna,2014,31608,24990,31905.78947368421,38,9,8-10,20-40k,0.4044365827273108
MAZDA CX-,2017,47989,24590,23001.7,140,6,4-6,40-60k,0.3539979761846049
Toyota Corolla,2016,63548,17990,18560.486988847584,269,7,6-8,60-80k,-0.47823903177004334
Honda Accord,2009,98307,13590,20338.34351145038,131,14,10-15,80-100k,-1.0330637037398087
Nissan Rogue Sport,2017,58833,18990,20399.048387096773,62,6,4-6,40-60k,-0.35214251541327846
Nissan Altima,2020,37238,22990,19293.97340425532,188,3,2-4,20-40k,0.15224355001378106
Hyundai Santa Fe Sport,2016,78675,17590,18512.222222222223,36,7,6-8,60-80k,-0.5286776383127493
Mercedes-Benz CLA,2016,61571,23990,25608.18181818182,11,7,6-8,60-80k,0.278340066370546
Hyundai Elantra,2021,8320,23590,17041.33846153846,195,2,0-2,0-20k,0.22790145982784
Toyota Corolla,2020,30041,22990,18560.486988847584,269,3,2-4,20-40k,0.15224355001378106
Toyota Prius,2014,93541,16990,19496.666666666668,60,9,8-10,80-100k,-0.6043355481268082
Ford Focus,2017,34516,17590,14996.451612903225,93,6,4-6,20-40k,-0.5286776383127493
Ford Fusion,2013,102546,13990,18113.032,125,10,8-10,100-130k,-0.9826250971971029
Jeep Renegade,2015,86698,16990,20176.3661971831,71,8,6-8,80-100k,-0.6043355481268082
Buick Encore,2015,98541,14990,18820.149425287356,87,8,6-8,80-100k,-0.856528580840338
Honda Accord,2014,28027,19590,20338.34351145038,131,9,8-10,20-40k,-0.2764846055992195
Hyundai Santa Fe,2016,80169,21990,23761.17391304348,46,7,6-8,80-100k,0.026147033657016195
Hyundai Tucson,2012,72035,14990,20007.2,70,11,10-15,60-80k,-0.856528580840338
Acura TSX,2010,98885,14590,15950.0,10,13,10-15,80-100k,-0.9069671873830439
Toyota Corolla,2022,26302,24990,18560.486988847584,269,1,0-2,20-40k,0.4044365827273108
MAZDA MX- Miata,2013,49735,20590,22241.28205128205,39,10,8-10,40-60k,-0.15038808924245464
Kia Forte,2021,17486,23990,17017.92156862745,102,2,0-2,0-20k,0.278340066370546
Kia Optima,2020,46774,23990,17867.048076923078,104,3,2-4,40-60k,0.278340066370546
Honda Civic,2015,60165,16990,18925.32380952381,210,8,6-8,60-80k,-0.6043355481268082
Honda Civic,2013,102953,15590,18925.32380952381,210,10,8-10,100-130k,-0.780870671026279
Mitsubishi Mirage G,2021,22454,16590,16790.0,16,2,0-2,20-40k,-0.6547741546695142
Ford Fiesta,2018,59912,14590,14645.737704918032,61,5,4-6,40-60k,-0.9069671873830439
Kia Soul,2015,51860,15590,17106.064516129034,124,8,6-8,40-60k,-0.780870671026279
Chevrolet Impala,2017,75210,21990,20195.8,40,6,4-6,60-80k,0.026147033657016195
Nissan Rogue Sport,2017,29008,23990,20399.048387096773,62,6,4-6,20-40k,0.278340066370546
Subaru XV Crosstrek,2013,84227,17590,18790.0,8,10,8-10,80-100k,-0.5286776383127493
Chevrolet Impala,2017,12859,22590,20195.8,40,6,4-6,0-20k,0.10180494347107512
Kia Sportage,2011,21894,17990,20804.091954022988,87,12,10-15,20-40k,-0.47823903177004334
Dodge Dart,2015,86171,13990,15032.105263157895,19,8,6-8,80-100k,-0.9826250971971029
Kia Optima,2014,35146,16990,17867.048076923078,104,9,8-10,20-40k,-0.6043355481268082
Volkswagen CC,2011,79911,14590,16275.714285714286,14,12,10-15,60-80k,-0.9069671873830439
Lexus RX,2015,62315,24590,27399.52380952381,21,8,6-8,60-80k,0.3539979761846049
Honda Civic,2014,62340,15990,18925.32380952381,210,9,8-10,60-80k,-0.7304320644835731
Toyota RAV,2019,64609,23990,23160.708333333332,72,4,2-4,60-80k,0.278340066370546
Honda Accord,2014,77730,18990,20338.34351145038,131,9,8-10,60-80k,-0.35214251541327846
GMC Terrain,2017,39671,21590,21643.57627118644,59,6,4-6,20-40k,-0.02429157288568976
Toyota Matrix,2009,102964,12990,13790.0,2,14,10-15,100-130k,-1.1087216135538678
Mercedes-Benz E-Class,2011,72967,21590,24882.30769230769,26,12,10-15,60-80k,-0.02429157288568976
FIAT,2012,60482,12990,14531.935483870968,31,11,10-15,60-80k,-1.1087216135538678
Nissan JUKE,2014,45428,16990,16066.190476190477,21,9,8-10,40-60k,-0.6043355481268082
Volkswagen Golf GTI,2016,90802,19590,23106.129032258064,31,7,6-8,80-100k,-0.2764846055992195
Ford Explorer,2013,103566,17990,24112.425531914894,47,10,8-10,100-130k,-0.47823903177004334
Nissan LEAF,2015,18402,16990,19142.63157894737,38,8,6-8,0-20k,-0.6043355481268082
Nissan Versa,2016,47619,13990,15995.263157894737,95,7,6-8,40-60k,-0.9826250971971029
Nissan Altima,2014,76626,14590,19293.97340425532,188,9,8-10,60-80k,-0.9069671873830439
Lincoln MKC,2015,58200,21590,23724.125,24,8,6-8,40-60k,-0.02429157288568976
Chevrolet Sonic,2015,48176,14990,14630.90909090909,44,8,6-8,40-60k,-0.856528580840338
Dodge Durango,2015,89558,24990,29047.85714285714,14,8,6-8,80-100k,0.4044365827273108
MAZDA CX-,2020,16508,23990,23001.7,140,3,2-4,0-20k,0.278340066370546
Mitsubishi Outlander Sport,2017,43634,17590,18771.48148148148,54,6,4-6,40-60k,-0.5286776383127493
Toyota Corolla,2014,67397,16590,18560.486988847584,269,9,8-10,60-80k,-0.6547741546695142
Volkswagen Jetta,2019,56094,18990,17068.442477876106,113,4,2-4,40-60k,-0.35214251541327846
MAZDA CX-,2017,50324,24590,23001.7,140,6,4-6,40-60k,0.3539979761846049
Honda CR-V,2012,68249,17990,21022.757009345794,107,11,10-15,60-80k,-0.47823903177004334
Nissan Versa,2018,59294,13990,15995.263157894737,95,5,4-6,40-60k,-0.9826250971971029
Ford Mustang,2014,63308,19590,25856.117647058825,102,9,8-10,60-80k,-0.2764846055992195
Nissan Altima,2017,41619,20990,19293.97340425532,188,6,4-6,40-60k,-0.09994948269974868
Jeep Grand Cherokee,2017,85321,24990,23092.367346938776,49,6,4-6,80-100k,0.4044365827273108
Nissan Sentra,2019,59850,16990,17151.21551724138,116,4,2-4,40-60k,-0.6043355481268082
Volkswagen e-Golf,2016,37653,18990,19099.090909090908,11,7,6-8,20-40k,-0.35214251541327846
GMC Acadia,2014,100813,18990,26526.174603174604,63,9,8-10,100-130k,-0.35214251541327846
Toyota Corolla,2010,55748,14590,18560.486988847584,269,13,10-15,40-60k,-0.9069671873830439
Hyundai Accent,2013,46485,13990,15905.254237288136,59,10,8-10,40-60k,-0.9826250971971029
Kia Sportage,2019,57956,19990,20804.091954022988,87,4,2-4,40-60k,-0.22604599905651357
Audi Q,2016,66303,24590,25158.42105263158,19,7,6-8,60-80k,0.3539979761846049
Nissan Rogue Select,2014,84316,14990,16376.666666666666,15,9,8-10,80-100k,-0.856528580840338
Honda HR-V,2016,95177,17990,22338.0,43,7,6-8,80-100k,-0.47823903177004334
Volkswagen Beetle,2013,72623,19590,20275.0,40,10,8-10,60-80k,-0.2764846055992195
Hyundai Sonata,2016,55431,16990,16759.738562091505,153,7,6-8,40-60k,-0.6043355481268082
Subaru Legacy,2009,94095,12590,20081.428571428572,21,14,10-15,80-100k,-1.1591602200965736
MINI Convertible,2014,45894,20990,21253.157894736843,19,9,8-10,40-60k,-0.09994948269974868
MAZDA MAZDA,2017,71850,20990,17840.6338028169,142,6,4-6,60-80k,-0.09994948269974868
Jeep Cherokee,2020,63361,24990,21467.63829787234,141,3,2-4,60-80k,0.4044365827273108
Nissan Rogue Sport,2017,41982,19990,20399.048387096773,62,6,4-6,40-60k,-0.22604599905651357
Volkswagen Passat,2018,70668,18990,18311.052631578947,76,5,4-6,60-80k,-0.35214251541327846
Nissan Rogue,2015,69002,17990,20382.880165289258,242,8,6-8,60-80k,-0.47823903177004334
Nissan Rogue,2015,50608,18590,20382.880165289258,242,8,6-8,40-60k,-0.4025811219559844
Buick Encore,2016,35050,18590,18820.149425287356,87,7,6-8,20-40k,-0.4025811219559844
Hyundai Elantra,2015,6849,17990,17041.33846153846,195,8,6-8,0-20k,-0.47823903177004334
Kia Optima,2018,48506,19990,17867.048076923078,104,5,4-6,40-60k,-0.22604599905651357
Audi A,2012,63332,21990,24272.608695652172,46,11,10-15,60-80k,0.026147033657016195
Chevrolet Malibu Limited,2016,33029,19590,19590.0,1,7,6-8,20-40k,-0.2764846055992195
Dodge Grand Caravan Passenger,2017,62788,19990,18365.342465753423,73,6,4-6,60-80k,-0.22604599905651357
Hyundai Accent,2015,87843,13590,15905.254237288136,59,8,6-8,80-100k,-1.0330637037398087
Toyota Corolla,2020,41402,21990,18560.486988847584,269,3,2-4,40-60k,0.026147033657016195
Hyundai Accent,2022,11494,20590,15905.254237288136,59,1,0-2,0-20k,-0.15038808924245464
Honda Accord,2014,24177,23590,20338.34351145038,131,9,8-10,20-40k,0.22790145982784
Subaru Impreza,2014,94429,14990,19643.23076923077,26,9,8-10,80-100k,-0.856528580840338
Honda CR-V,2019,90367,22590,21022.757009345794,107,4,2-4,80-100k,0.10180494347107512
Volkswagen Jetta,2019,44989,19990,17068.442477876106,113,4,2-4,40-60k,-0.22604599905651357
Hyundai Sonata,2014,87711,13590,16759.738562091505,153,9,8-10,80-100k,-1.0330637037398087
Honda Fit,2010,60715,14990,17112.222222222223,54,13,10-15,60-80k,-0.856528580840338
INFINITI QX,2017,43206,23990,26679.234375,64,6,4-6,40-60k,0.278340066370546
Lincoln MKX,2016,72221,20990,22950.0,10,7,6-8,60-80k,-0.09994948269974868
Honda Clarity Plug-in Hybrid,2018,67315,24590,26590.0,3,5,4-6,60-80k,0.3539979761846049
INFINITI G,2010,71431,16590,18252.5,16,13,10-15,60-80k,-0.6547741546695142
Hyundai Accent,2014,22962,18990,15905.254237288136,59,9,8-10,20-40k,-0.35214251541327846
Nissan Rogue,2017,52009,19990,20382.880165289258,242,6,4-6,40-60k,-0.22604599905651357
BMW i,2015,69469,17990,20447.894736842107,38,8,6-8,60-80k,-0.47823903177004334
Toyota Camry,2014,45408,18990,20721.41134751773,141,9,8-10,40-60k,-0.35214251541327846
Toyota Yaris,2012,67274,14590,16685.238095238095,21,11,10-15,60-80k,-0.9069671873830439
Chevrolet Malibu,2016,49201,18990,19288.927536231884,69,7,6-8,40-60k,-0.35214251541327846
BMW Z,2009,51165,23590,28390.0,6,14,10-15,40-60k,0.22790145982784
BMW i,2015,37875,19990,20447.894736842107,38,8,6-8,20-40k,-0.22604599905651357
Volkswagen Jetta,2014,35819,16590,17068.442477876106,113,9,8-10,20-40k,-0.6547741546695142
Nissan Frontier Crew Cab,2016,60805,24590,26840.0,16,7,6-8,60-80k,0.3539979761846049
Volkswagen Tiguan,2017,97674,17590,20451.456140350878,57,6,4-6,80-100k,-0.5286776383127493
Toyota Corolla,2016,99949,15590,18560.486988847584,269,7,6-8,80-100k,-0.780870671026279
Ford Fiesta,2011,100172,11990,14645.737704918032,61,12,10-15,100-130k,-1.2348181299106327
Ford Mustang,2012,83568,16590,25856.117647058825,102,11,10-15,80-100k,-0.6547741546695142
Chevrolet Cruze,2015,71272,13990,15992.5,80,8,6-8,60-80k,-0.9826250971971029
Chevrolet Camaro,2014,42010,22990,26673.675324675325,77,9,8-10,40-60k,0.15224355001378106
Kia Optima,2018,74973,17590,17867.048076923078,104,5,4-6,60-80k,-0.5286776383127493
Honda Civic,2014,41916,18590,18925.32380952381,210,9,8-10,40-60k,-0.4025811219559844
Chevrolet Trax,2020,38832,19590,18076.951219512193,82,3,2-4,20-40k,-0.2764846055992195
Honda Civic,2015,81725,16590,18925.32380952381,210,8,6-8,80-100k,-0.6547741546695142
Nissan Sentra,2017,52630,15590,17151.21551724138,116,6,4-6,40-60k,-0.780870671026279
Ford Fiesta,2018,17963,16990,14645.737704918032,61,5,4-6,0-20k,-0.6043355481268082
Hyundai Elantra,2018,78620,17590,17041.33846153846,195,5,4-6,60-80k,-0.5286776383127493
Volkswagen Touareg,2013,50624,22590,21456.666666666668,6,10,8-10,40-60k,0.10180494347107512
Scion iM,2016,61880,16990,16440.0,8,7,6-8,60-80k,-0.6043355481268082
Lincoln MKC,2015,31732,22590,23724.125,24,8,6-8,20-40k,0.10180494347107512
Volkswagen Beetle,2015,52648,23990,20275.0,40,8,6-8,40-60k,0.278340066370546
Honda HR-V,2020,42252,24590,22338.0,43,3,2-4,40-60k,0.3539979761846049
Kia Sportage,2017,65860,17990,20804.091954022988,87,6,4-6,60-80k,-0.47823903177004334
Toyota Corolla,2017,30084,21990,18560.486988847584,269,6,4-6,20-40k,0.026147033657016195
Chrysler Town & Country,2013,57507,18990,17956.666666666668,24,10,8-10,40-60k,-0.35214251541327846
Hyundai Sonata,2019,6702,21990,16759.738562091505,153,4,2-4,0-20k,0.026147033657016195
Volkswagen Golf,2013,75405,16590,17881.666666666668,24,10,8-10,60-80k,-0.6547741546695142
Nissan Rogue,2015,72879,19990,20382.880165289258,242,8,6-8,60-80k,-0.22604599905651357
Nissan Versa Note,2016,98363,12990,14502.5,16,7,6-8,80-100k,-1.1087216135538678
Honda CR-Z,2014,96788,15990,15230.0,5,9,8-10,80-100k,-0.7304320644835731
Nissan Altima,2014,60983,16590,19293.97340425532,188,9,8-10,60-80k,-0.6547741546695142
MINI Countryman,2015,57286,18990,19147.14285714286,42,8,6-8,40-60k,-0.35214251541327846
FIAT c Abarth,2017,21541,22590,22590.0,1,6,4-6,20-40k,0.10180494347107512
Cadillac SRX,2012,57368,19590,20345.555555555555,9,11,10-15,40-60k,-0.2764846055992195
Buick Envision,2017,61759,21990,24501.2,20,6,4-6,60-80k,0.026147033657016195
Toyota Avalon,2014,83532,19990,23526.363636363636,22,9,8-10,80-100k,-0.22604599905651357
Mitsubishi Outlander Sport,2019,43315,18990,18771.48148148148,54,4,2-4,40-60k,-0.35214251541327846
Honda Civic,2012,67787,16590,18925.32380952381,210,11,10-15,60-80k,-0.6547741546695142
Chevrolet Trax,2016,21635,17990,18076.951219512193,82,7,6-8,20-40k,-0.47823903177004334
Jeep Grand Cherokee,2017,54964,23590,23092.367346938776,49,6,4-6,40-60k,0.22790145982784
smart fortwo,2013,84344,12990,13970.0,10,10,8-10,80-100k,-1.1087216135538678
Chevrolet Traverse,2015,78115,19590,27964.304347826088,46,8,6-8,60-80k,-0.2764846055992195
Kia Soul,2022,5306,23990,17106.064516129034,124,1,0-2,0-20k,0.278340066370546
Toyota Corolla,2015,61726,16590,18560.486988847584,269,8,6-8,60-80k,-0.6547741546695142
Nissan LEAF,2015,22692,15590,19142.63157894737,38,8,6-8,20-40k,-0.780870671026279
Kia Forte,2016,77360,13990,17017.92156862745,102,7,6-8,60-80k,-0.9826250971971029
MAZDA MAZDA,2016,68061,18990,17840.6338028169,142,7,6-8,60-80k,-0.35214251541327846
Toyota Camry,2016,59534,18990,20721.41134751773,141,7,6-8,40-60k,-0.35214251541327846
Chevrolet Equinox,2013,94669,14990,19319.105263157893,171,10,8-10,80-100k,-0.856528580840338
Nissan Rogue,2018,43026,20990,20382.880165289258,242,5,4-6,40-60k,-0.09994948269974868
Chevrolet Volt,2013,74302,14990,18150.0,25,10,8-10,60-80k,-0.856528580840338
Dodge Dart,2016,27477,16990,15032.105263157895,19,7,6-8,20-40k,-0.6043355481268082
Volkswagen Jetta,2019,31437,22590,17068.442477876106,113,4,2-4,20-40k,0.10180494347107512
Volkswagen Atlas,2018,71627,24590,31290.0,10,5,4-6,60-80k,0.3539979761846049
Ford Mustang,2014,36725,20590,25856.117647058825,102,9,8-10,20-40k,-0.15038808924245464
Subaru Forester,2014,39292,19590,20446.25,32,9,8-10,20-40k,-0.2764846055992195
Hyundai Elantra,2018,51300,16990,17041.33846153846,195,5,4-6,40-60k,-0.6043355481268082
Hyundai Elantra,2013,74253,15590,17041.33846153846,195,10,8-10,60-80k,-0.780870671026279
Dodge Grand Caravan Passenger,2019,84293,18990,18365.342465753423,73,4,2-4,80-100k,-0.35214251541327846
Jeep Compass,2017,85278,16990,20590.543103448275,116,6,4-6,80-100k,-0.6043355481268082
Honda Crosstour,2013,92127,17990,18723.333333333332,3,10,8-10,80-100k,-0.47823903177004334
Nissan Sentra,2018,85667,14990,17151.21551724138,116,5,4-6,80-100k,-0.856528580840338
Hyundai Elantra GT,2016,88724,14590,16761.428571428572,7,7,6-8,80-100k,-0.9069671873830439
MAZDA MAZDA,2012,42208,15590,17840.6338028169,142,11,10-15,40-60k,-0.780870671026279
Acura MDX,2016,73115,24990,23334.444444444445,18,7,6-8,60-80k,0.4044365827273108
Honda CR-V,2017,57198,22990,21022.757009345794,107,6,4-6,40-60k,0.15224355001378106
Nissan Sentra,2018,62804,15990,17151.21551724138,116,5,4-6,60-80k,-0.7304320644835731
Ford Escape,2015,100337,15990,19376.448,125,8,6-8,100-130k,-0.7304320644835731
Volkswagen Tiguan,2019,57140,24590,20451.456140350878,57,4,2-4,40-60k,0.3539979761846049
Honda Civic,2012,65125,14990,18925.32380952381,210,11,10-15,60-80k,-0.856528580840338
Mercedes-Benz GLK-Class,2012,78633,19990,20656.666666666668,3,11,10-15,60-80k,-0.22604599905651357
Nissan Rogue Select,2014,32249,16990,16376.666666666666,15,9,8-10,20-40k,-0.6043355481268082
Jeep Cherokee,2018,86570,18590,21467.63829787234,141,5,4-6,80-100k,-0.4025811219559844
FIAT,2012,77979,13590,14531.935483870968,31,11,10-15,60-80k,-1.0330637037398087
Volkswagen GTI,2013,68316,17990,17104.285714285714,7,10,8-10,60-80k,-0.47823903177004334
Hyundai Sonata,2010,80261,12590,16759.738562091505,153,13,10-15,80-100k,-1.1591602200965736
Honda Accord,2011,97927,15990,20338.34351145038,131,12,10-15,80-100k,-0.7304320644835731
Kia Sedona,2016,94137,17590,19804.285714285714,14,7,6-8,80-100k,-0.5286776383127493
Toyota Corolla,2009,44793,14590,18560.486988847584,269,14,10-15,40-60k,-0.9069671873830439
Hyundai Santa Fe Sport,2016,87283,16990,18512.222222222223,36,7,6-8,80-100k,-0.6043355481268082
FIAT L,2014,60558,14990,16690.0,12,9,8-10,60-80k,-0.856528580840338
Hyundai Sonata,2013,56053,15990,16759.738562091505,153,10,8-10,40-60k,-0.7304320644835731
Chrysler,2013,46644,15990,20993.80612244898,98,10,8-10,40-60k,-0.7304320644835731
Ford Fusion,2014,71499,15590,18113.032,125,9,8-10,60-80k,-0.780870671026279
BMW  Series,2014,63878,20590,25277.301587301587,126,9,8-10,60-80k,-0.15038808924245464
Chevrolet Spark,2021,18260,17990,15980.290909090909,55,2,0-2,0-20k,-0.47823903177004334
Ford Focus,2017,54095,14990,14996.451612903225,93,6,4-6,40-60k,-0.856528580840338
Nissan Rogue,2012,99825,13590,20382.880165289258,242,11,10-15,80-100k,-1.0330637037398087
GMC Terrain,2019,74507,22990,21643.57627118644,59,4,2-4,60-80k,0.15224355001378106
MAZDA CX-,2014,67355,16590,23001.7,140,9,8-10,60-80k,-0.6547741546695142
MAZDA MAZDA,2020,31832,24590,17840.6338028169,142,3,2-4,20-40k,0.3539979761846049
Chevrolet Malibu,2012,81054,13990,19288.927536231884,69,11,10-15,80-100k,-0.9826250971971029
Subaru Crosstrek,2019,45736,24590,24538.548387096773,31,4,2-4,40-60k,0.3539979761846049
Hyundai Accent,2019,56537,17590,15905.254237288136,59,4,2-4,40-60k,-0.5286776383127493
Hyundai Sonata,2013,96653,12990,16759.738562091505,153,10,8-10,80-100k,-1.1087216135538678
Lexus ES,2011,59812,18990,26148.61111111111,36,12,10-15,40-60k,-0.35214251541327846
Chevrolet Equinox,2019,31459,22990,19319.105263157893,171,4,2-4,20-40k,0.15224355001378106
Chrysler,2017,62049,22590,20993.80612244898,98,6,4-6,60-80k,0.10180494347107512
Dodge Journey,2016,17071,20590,19075.328125,64,7,6-8,0-20k,-0.15038808924245464
Toyota Corolla,2012,90004,13990,18560.486988847584,269,11,10-15,80-100k,-0.9826250971971029
Toyota Yaris,2016,30085,17990,16685.238095238095,21,7,6-8,20-40k,-0.47823903177004334
Ford Mustang,2012,93738,16590,25856.117647058825,102,11,10-15,80-100k,-0.6547741546695142
Hyundai Santa Fe,2019,44910,24990,23761.17391304348,46,4,2-4,40-60k,0.4044365827273108
Chevrolet Equinox,2018,101570,17590,19319.105263157893,171,5,4-6,100-130k,-0.5286776383127493
Mitsubishi Outlander Sport,2015,73985,14990,18771.48148148148,54,8,6-8,60-80k,-0.856528580840338
GMC Terrain,2019,104802,20590,21643.57627118644,59,4,2-4,100-130k,-0.15038808924245464
Ford Mustang,2012,45356,18990,25856.117647058825,102,11,10-15,40-60k,-0.35214251541327846
Nissan Sentra,2017,93906,13590,17151.21551724138,116,6,4-6,80-100k,-1.0330637037398087
Kia Soul,2019,55723,17990,17106.064516129034,124,4,2-4,40-60k,-0.47823903177004334
Honda Accord,2016,60157,21590,20338.34351145038,131,7,6-8,60-80k,-0.02429157288568976
Honda Accord,2009,90937,13990,20338.34351145038,131,14,10-15,80-100k,-0.9826250971971029
Toyota Corolla,2013,97568,13990,18560.486988847584,269,10,8-10,80-100k,-0.9826250971971029
Buick Regal,2014,65804,16990,18630.0,10,9,8-10,60-80k,-0.6043355481268082
GMC Sierra  Regular Cab,2017,70896,22990,23523.333333333332,3,6,4-6,60-80k,0.15224355001378106
Kia Forte,2016,89050,13590,17017.92156862745,102,7,6-8,80-100k,-1.0330637037398087
Nissan Sentra,2016,32583,16590,17151.21551724138,116,7,6-8,20-40k,-0.6547741546695142
Toyota Corolla,2016,60729,16990,18560.486988847584,269,7,6-8,60-80k,-0.6043355481268082
Nissan Altima,2014,101100,13990,19293.97340425532,188,9,8-10,100-130k,-0.9826250971971029
Mercedes-Benz C-Class,2014,47322,19990,25064.074074074073,27,9,8-10,40-60k,-0.22604599905651357
Lexus CT,2013,86767,18590,19990.0,8,10,8-10,80-100k,-0.4025811219559844
Chevrolet Sonic,2015,65742,13590,14630.90909090909,44,8,6-8,60-80k,-1.0330637037398087
Subaru Impreza,2015,92696,15590,19643.23076923077,26,8,6-8,80-100k,-0.780870671026279
Ford Fiesta,2013,53723,12990,14645.737704918032,61,10,8-10,40-60k,-1.1087216135538678
MAZDA MAZDA,2012,99134,12990,17840.6338028169,142,11,10-15,80-100k,-1.1087216135538678
Mitsubishi Mirage G,2018,48827,14590,16790.0,16,5,4-6,40-60k,-0.9069671873830439
Ford Focus,2015,80488,12590,14996.451612903225,93,8,6-8,80-100k,-1.1591602200965736
Honda Odyssey,2015,81993,22590,26213.423076923078,26,8,6-8,80-100k,0.10180494347107512
Toyota Camry,2015,44696,19590,20721.41134751773,141,8,6-8,40-60k,-0.2764846055992195
Honda Civic,2012,86497,13990,18925.32380952381,210,11,10-15,80-100k,-0.9826250971971029
Toyota Corolla,2020,39799,20590,18560.486988847584,269,3,2-4,20-40k,-0.15038808924245464
Chevrolet Spark,2017,72288,14590,15980.290909090909,55,6,4-6,60-80k,-0.9069671873830439
Volkswagen Golf,2014,89331,14990,17881.666666666668,24,9,8-10,80-100k,-0.856528580840338
Hyundai Azera,2012,95156,14590,19023.333333333332,6,11,10-15,80-100k,-0.9069671873830439
Kia Soul,2017,82301,14990,17106.064516129034,124,6,4-6,80-100k,-0.856528580840338
Toyota Corolla,2015,35929,17990,18560.486988847584,269,8,6-8,20-40k,-0.47823903177004334
INFINITI QX,2015,58742,23990,26679.234375,64,8,6-8,40-60k,0.278340066370546
Chevrolet Malibu,2016,99679,16590,19288.927536231884,69,7,6-8,80-100k,-0.6547741546695142
MAZDA MX- Miata,2014,30250,21590,22241.28205128205,39,9,8-10,20-40k,-0.02429157288568976
Ford Fusion,2017,51125,18990,18113.032,125,6,4-6,40-60k,-0.35214251541327846
Toyota Corolla,2022,6769,23990,18560.486988847584,269,1,0-2,0-20k,0.278340066370546
Subaru Forester,2014,85011,20990,20446.25,32,9,8-10,80-100k,-0.09994948269974868
Jeep Renegade,2017,58121,19590,20176.3661971831,71,6,4-6,40-60k,-0.2764846055992195
Kia Forte,2014,36076,14990,17017.92156862745,102,9,8-10,20-40k,-0.856528580840338
Hyundai Elantra,2017,83079,14990,17041.33846153846,195,6,4-6,80-100k,-0.856528580840338
Chevrolet Cruze,2017,46765,16990,15992.5,80,6,4-6,40-60k,-0.6043355481268082
Jeep Grand Cherokee,2016,97916,18990,23092.367346938776,49,7,6-8,80-100k,-0.35214251541327846
Nissan Kicks,2019,37608,20990,19809.626373626375,91,4,2-4,20-40k,-0.09994948269974868
Nissan Altima,2017,40866,19990,19293.97340425532,188,6,4-6,40-60k,-0.22604599905651357
Toyota Camry,2012,53462,17990,20721.41134751773,141,11,10-15,40-60k,-0.47823903177004334
Toyota Corolla,2015,82553,15590,18560.486988847584,269,8,6-8,80-100k,-0.780870671026279
Ford Focus,2018,51691,15590,14996.451612903225,93,5,4-6,40-60k,-0.780870671026279
Toyota Prius c,2013,64933,16990,17890.0,16,10,8-10,60-80k,-0.6043355481268082
MAZDA CX-,2014,65456,18590,23001.7,140,9,8-10,60-80k,-0.4025811219559844
Jeep Renegade,2017,68681,20590,20176.3661971831,71,6,4-6,60-80k,-0.15038808924245464
Kia Sportage,2013,86105,16590,20804.091954022988,87,10,8-10,80-100k,-0.6547741546695142
Buick Verano,2012,68392,14990,16710.0,15,11,10-15,60-80k,-0.856528580840338
Honda Civic,2013,76172,15990,18925.32380952381,210,10,8-10,60-80k,-0.7304320644835731
Toyota Camry,2019,34186,23990,20721.41134751773,141,4,2-4,20-40k,0.278340066370546
Kia Forte,2016,23746,15990,17017.92156862745,102,7,6-8,20-40k,-0.7304320644835731
MAZDA CX-,2021,51393,20590,23001.7,140,2,0-2,40-60k,-0.15038808924245464
Audi Q,2013,69077,20590,25158.42105263158,19,10,8-10,60-80k,-0.15038808924245464
Kia Soul,2015,85881,14590,17106.064516129034,124,8,6-8,80-100k,-0.9069671873830439
Hyundai Elantra,2020,22544,19990,17041.33846153846,195,3,2-4,20-40k,-0.22604599905651357
Honda Fit,2012,36622,16590,17112.222222222223,54,11,10-15,20-40k,-0.6547741546695142
Honda HR-V,2016,41177,20590,22338.0,43,7,6-8,40-60k,-0.15038808924245464
Volvo XC,2013,41216,20990,27782.0,25,10,8-10,40-60k,-0.09994948269974868
MINI Hardtop  Door,2016,22216,19990,20638.64864864865,37,7,6-8,20-40k,-0.22604599905651357
Chrysler Town & Country,2013,101776,14590,17956.666666666668,24,10,8-10,100-130k,-0.9069671873830439
Honda Civic,2013,70072,15590,18925.32380952381,210,10,8-10,60-80k,-0.780870671026279
Nissan Pathfinder,2015,51492,19590,22727.11111111111,36,8,6-8,40-60k,-0.2764846055992195
Toyota Prius,2013,92533,15990,19496.666666666668,60,10,8-10,80-100k,-0.7304320644835731
Nissan Altima,2013,62195,16590,19293.97340425532,188,10,8-10,60-80k,-0.6547741546695142
Hyundai Elantra,2016,50146,16990,17041.33846153846,195,7,6-8,40-60k,-0.6043355481268082
Toyota Corolla,2010,68728,13590,18560.486988847584,269,13,10-15,60-80k,-1.0330637037398087
Hyundai Sonata,2011,81009,12590,16759.738562091505,153,12,10-15,80-100k,-1.1591602200965736
Toyota Corolla,2021,49016,21590,18560.486988847584,269,2,0-2,40-60k,-0.02429157288568976
Toyota C-HR,2019,37248,23590,23407.366666666665,30,4,2-4,20-40k,0.22790145982784
Jeep Compass,2018,60082,18990,20590.543103448275,116,5,4-6,60-80k,-0.35214251541327846
Toyota Prius,2018,100003,21590,19496.666666666668,60,5,4-6,100-130k,-0.02429157288568976
MAZDA MAZDA,2016,92094,15990,17840.6338028169,142,7,6-8,80-100k,-0.7304320644835731
Nissan Altima,2013,75978,15590,19293.97340425532,188,10,8-10,60-80k,-0.780870671026279
Kia Sorento,2017,99685,16990,21217.59405940594,101,6,4-6,80-100k,-0.6043355481268082
Jeep Wrangler,2014,51825,24990,26477.5,32,9,8-10,40-60k,0.4044365827273108
Jeep Grand Cherokee,2012,83902,17590,23092.367346938776,49,11,10-15,80-100k,-0.5286776383127493
Kia Sorento,2018,55366,20990,21217.59405940594,101,5,4-6,40-60k,-0.09994948269974868
Kia Sportage,2018,54998,23590,20804.091954022988,87,5,4-6,40-60k,0.22790145982784
Chrysler,2011,71322,12590,20993.80612244898,98,12,10-15,60-80k,-1.1591602200965736
Kia Sorento,2016,84338,19990,21217.59405940594,101,7,6-8,80-100k,-0.22604599905651357
Kia Sorento,2019,81570,19990,21217.59405940594,101,4,2-4,80-100k,-0.22604599905651357
Kia Sportage,2017,35492,22990,20804.091954022988,87,6,4-6,20-40k,0.15224355001378106
Kia Sportage,2017,73404,17990,20804.091954022988,87,6,4-6,60-80k,-0.47823903177004334
Kia Sportage,2019,36305,21990,20804.091954022988,87,4,2-4,20-40k,0.026147033657016195
Kia Sportage,2019,26373,22590,20804.091954022988,87,4,2-4,20-40k,0.10180494347107512
Jeep Cherokee,2015,64979,16990,21467.63829787234,141,8,6-8,60-80k,-0.6043355481268082
Kia Sorento,2020,51776,24590,21217.59405940594,101,3,2-4,40-60k,0.3539979761846049
Chrysler,2012,52651,15990,20993.80612244898,98,11,10-15,40-60k,-0.7304320644835731
Kia Sportage,2020,22406,22990,20804.091954022988,87,3,2-4,20-40k,0.15224355001378106
Chrysler,2015,73320,17990,20993.80612244898,98,8,6-8,60-80k,-0.47823903177004334
Kia Sorento,2020,55843,22990,21217.59405940594,101,3,2-4,40-60k,0.15224355001378106
Chrysler,2015,64927,16590,20993.80612244898,98,8,6-8,60-80k,-0.6547741546695142
Kia Sorento,2017,96753,16590,21217.59405940594,101,6,4-6,80-100k,-0.6547741546695142
Kia Sportage,2018,56913,18990,20804.091954022988,87,5,4-6,40-60k,-0.35214251541327846
MINI Countryman,2012,73781,15990,19147.14285714286,42,11,10-15,60-80k,-0.7304320644835731
MAZDA CX-,2016,73203,19990,23001.7,140,7,6-8,60-80k,-0.22604599905651357
Hyundai Accent,2016,93126,12990,15905.254237288136,59,7,6-8,80-100k,-1.1087216135538678
Nissan Altima,2017,36802,19990,19293.97340425532,188,6,4-6,20-40k,-0.22604599905651357
Jeep Cherokee,2016,61165,18990,21467.63829787234,141,7,6-8,60-80k,-0.35214251541327846
Buick LaCrosse,2012,64459,14990,18705.78947368421,19,11,10-15,60-80k,-0.856528580840338
Honda Accord Crosstour,2011,85736,16590,16790.0,2,12,10-15,80-100k,-0.6547741546695142
Subaru Forester,2014,62395,20990,20446.25,32,9,8-10,60-80k,-0.09994948269974868
MINI Paceman,2015,81278,16590,16110.0,5,8,6-8,80-100k,-0.6547741546695142
Toyota C-HR,2019,44702,22590,23407.366666666665,30,4,2-4,40-60k,0.10180494347107512
Kia Soul,2019,45761,17990,17106.064516129034,124,4,2-4,40-60k,-0.47823903177004334
Dodge Charger,2014,93359,16990,27191.571428571428,35,9,8-10,80-100k,-0.6043355481268082
Kia Rio,2022,2122,22590,16682.0,35,1,0-2,0-20k,0.10180494347107512
Ford Flex,2015,75571,20590,23264.36,25,8,6-8,60-80k,-0.15038808924245464
Toyota Prius,2013,80977,17990,19496.666666666668,60,10,8-10,80-100k,-0.47823903177004334
Chevrolet Impala,2014,33133,20990,20195.8,40,9,8-10,20-40k,-0.09994948269974868
Nissan Maxima,2017,71504,19990,24153.521739130436,23,6,4-6,60-80k,-0.22604599905651357
Chevrolet Cruze,2017,32745,18590,15992.5,80,6,4-6,20-40k,-0.4025811219559844
MAZDA MAZDA,2015,86290,15990,17840.6338028169,142,8,6-8,80-100k,-0.7304320644835731
Dodge Journey,2015,83506,15990,19075.328125,64,8,6-8,80-100k,-0.7304320644835731
Jeep Cherokee,2014,43646,17590,21467.63829787234,141,9,8-10,40-60k,-0.5286776383127493
Dodge Journey,2016,70401,16590,19075.328125,64,7,6-8,60-80k,-0.6547741546695142
Kia Optima,2013,24608,17590,17867.048076923078,104,10,8-10,20-40k,-0.5286776383127493
Kia Sorento,2017,34583,24590,21217.59405940594,101,6,4-6,20-40k,0.3539979761846049
Kia Optima,2013,74090,16590,17867.048076923078,104,10,8-10,60-80k,-0.6547741546695142
Kia Sorento,2017,91269,16590,21217.59405940594,101,6,4-6,80-100k,-0.6547741546695142
BMW  Series,2013,61447,21990,25277.301587301587,126,10,8-10,60-80k,0.026147033657016195
Kia Sportage,2014,56475,16990,20804.091954022988,87,9,8-10,40-60k,-0.6043355481268082
Kia Optima,2013,51004,16590,17867.048076923078,104,10,8-10,40-60k,-0.6547741546695142
Kia Sportage,2016,70760,17590,20804.091954022988,87,7,6-8,60-80k,-0.5286776383127493
Kia Sportage,2015,55654,16990,20804.091954022988,87,8,6-8,40-60k,-0.6043355481268082
Kia Sportage,2015,16263,20990,20804.091954022988,87,8,6-8,0-20k,-0.09994948269974868
Hyundai Sonata,2013,80591,14990,16759.738562091505,153,10,8-10,80-100k,-0.856528580840338
BMW  Series,2011,16837,24990,25277.301587301587,126,12,10-15,0-20k,0.4044365827273108
Kia Optima,2013,93057,13990,17867.048076923078,104,10,8-10,80-100k,-0.9826250971971029
Kia Sportage,2015,74326,18990,20804.091954022988,87,8,6-8,60-80k,-0.35214251541327846
Jeep Cherokee,2017,79427,18990,21467.63829787234,141,6,4-6,60-80k,-0.35214251541327846
Kia Sportage,2016,30308,21590,20804.091954022988,87,7,6-8,20-40k,-0.02429157288568976
Dodge Journey,2016,87902,17990,19075.328125,64,7,6-8,80-100k,-0.47823903177004334
Kia Sportage,2016,91091,16590,20804.091954022988,87,7,6-8,80-100k,-0.6547741546695142
Chevrolet Silverado  Regular Cab,2013,94311,16990,20656.666666666668,3,10,8-10,80-100k,-0.6043355481268082
Jeep Renegade,2017,61905,18990,20176.3661971831,71,6,4-6,60-80k,-0.35214251541327846
Chevrolet Cruze,2018,73916,16990,15992.5,80,5,4-6,60-80k,-0.6043355481268082
Lexus RX,2013,84884,22590,27399.52380952381,21,10,8-10,80-100k,0.10180494347107512
Toyota Corolla,2018,59751,18590,18560.486988847584,269,5,4-6,40-60k,-0.4025811219559844
Hyundai Elantra,2017,71790,16990,17041.33846153846,195,6,4-6,60-80k,-0.6043355481268082
Lexus CT,2016,52920,24990,19990.0,8,7,6-8,40-60k,0.4044365827273108
Hyundai Elantra,2018,46550,19990,17041.33846153846,195,5,4-6,40-60k,-0.22604599905651357
Nissan Versa,2018,82519,13990,15995.263157894737,95,5,4-6,80-100k,-0.9826250971971029
Ford Mustang,2010,78599,16990,25856.117647058825,102,13,10-15,60-80k,-0.6043355481268082
Ford Explorer,2011,96481,16990,24112.425531914894,47,12,10-15,80-100k,-0.6043355481268082
Volkswagen Passat,2017,54222,21590,18311.052631578947,76,6,4-6,40-60k,-0.02429157288568976
Ford Focus,2013,92509,12990,14996.451612903225,93,10,8-10,80-100k,-1.1087216135538678
Chevrolet Impala,2018,55159,21590,20195.8,40,5,4-6,40-60k,-0.02429157288568976
Honda Civic,2020,15552,22990,18925.32380952381,210,3,2-4,0-20k,0.15224355001378106
Buick Encore,2017,37711,19590,18820.149425287356,87,6,4-6,20-40k,-0.2764846055992195
Ford Edge,2012,53479,15990,20629.243243243243,74,11,10-15,40-60k,-0.7304320644835731
Ford Escape,2014,102703,13990,19376.448,125,9,8-10,100-130k,-0.9826250971971029
Toyota Corolla,2022,1584,24990,18560.486988847584,269,1,0-2,0-20k,0.4044365827273108
Hyundai Veloster,2013,77611,14990,17090.3125,32,10,8-10,60-80k,-0.856528580840338
Nissan Sentra,2019,37145,17990,17151.21551724138,116,4,2-4,20-40k,-0.47823903177004334
Volkswagen Passat,2016,18230,21990,18311.052631578947,76,7,6-8,0-20k,0.026147033657016195
Chevrolet Spark EV,2016,52647,15590,15332.857142857143,14,7,6-8,40-60k,-0.780870671026279
Dodge Grand Caravan Passenger,2019,64757,22590,18365.342465753423,73,4,2-4,60-80k,0.10180494347107512
MAZDA CX-,2019,23303,23590,23001.7,140,4,2-4,20-40k,0.22790145982784
Nissan LEAF,2015,48036,15990,19142.63157894737,38,8,6-8,40-60k,-0.7304320644835731
Honda Fit,2015,61257,16990,17112.222222222223,54,8,6-8,60-80k,-0.6043355481268082
GMC Acadia,2014,87322,19590,26526.174603174604,63,9,8-10,80-100k,-0.2764846055992195
Hyundai Elantra,2013,11661,15590,17041.33846153846,195,10,8-10,0-20k,-0.780870671026279
Dodge Grand Caravan Passenger,2019,57915,21990,18365.342465753423,73,4,2-4,40-60k,0.026147033657016195
Toyota Prius,2014,65144,19990,19496.666666666668,60,9,8-10,60-80k,-0.22604599905651357
Kia Soul,2020,13174,19990,17106.064516129034,124,3,2-4,0-20k,-0.22604599905651357
Ram  Classic Regular Cab,2019,27562,24990,24990.0,1,4,2-4,20-40k,0.4044365827273108
Nissan Murano,2012,48883,18990,23491.560606060608,66,11,10-15,40-60k,-0.35214251541327846
Chevrolet Impala,2019,15888,24990,20195.8,40,4,2-4,0-20k,0.4044365827273108
Nissan Versa,2017,91344,14590,15995.263157894737,95,6,4-6,80-100k,-0.9069671873830439
MINI Coupe,2012,86172,14990,16523.333333333332,3,11,10-15,80-100k,-0.856528580840338
Hyundai Sonata,2013,70664,14590,16759.738562091505,153,10,8-10,60-80k,-0.9069671873830439
Dodge Grand Caravan Passenger,2017,83199,17990,18365.342465753423,73,6,4-6,80-100k,-0.47823903177004334
Chevrolet Camaro,2014,74981,19590,26673.675324675325,77,9,8-10,60-80k,-0.2764846055992195
Toyota Venza,2014,90620,19990,24836.1,10,9,8-10,80-100k,-0.22604599905651357
BMW i,2015,55627,19590,20447.894736842107,38,8,6-8,40-60k,-0.2764846055992195
MAZDA CX-,2016,72885,19990,23001.7,140,7,6-8,60-80k,-0.22604599905651357
Chrysler Town & Country,2014,98899,15590,17956.666666666668,24,9,8-10,80-100k,-0.780870671026279
Toyota Corolla,2015,71637,16990,18560.486988847584,269,8,6-8,60-80k,-0.6043355481268082
Hyundai Santa Fe Sport,2013,52282,19990,18512.222222222223,36,10,8-10,40-60k,-0.22604599905651357
Dodge Charger,2016,86489,19990,27191.571428571428,35,7,6-8,80-100k,-0.22604599905651357
Mitsubishi Mirage,2022,6774,21590,15890.0,22,1,0-2,0-20k,-0.02429157288568976
MAZDA MAZDA,2017,49187,18590,17840.6338028169,142,6,4-6,40-60k,-0.4025811219559844
Toyota Corolla,2017,50312,17990,18560.486988847584,269,6,4-6,40-60k,-0.47823903177004334
Toyota Camry,2013,103143,15590,20721.41134751773,141,10,8-10,100-130k,-0.780870671026279
Scion FR-S,2014,29391,24990,21732.85714285714,7,9,8-10,20-40k,0.4044365827273108
Chrysler,2019,73129,23590,20993.80612244898,98,4,2-4,60-80k,0.22790145982784
Honda Accord,2016,92234,17990,20338.34351145038,131,7,6-8,80-100k,-0.47823903177004334
Honda Civic,2013,74367,15590,18925.32380952381,210,10,8-10,60-80k,-0.780870671026279
smart fortwo,2016,23996,16590,13970.0,10,7,6-8,20-40k,-0.6547741546695142
MAZDA CX-,2017,38667,23990,23001.7,140,6,4-6,20-40k,0.278340066370546
Chevrolet Sonic,2019,9163,19590,14630.90909090909,44,4,2-4,0-20k,-0.2764846055992195
Dodge Grand Caravan Passenger,2017,100787,16590,18365.342465753423,73,6,4-6,100-130k,-0.6547741546695142
Honda Odyssey,2010,85006,15990,26213.423076923078,26,13,10-15,80-100k,-0.7304320644835731
Nissan Rogue,2017,82173,17990,20382.880165289258,242,6,4-6,80-100k,-0.47823903177004334
Honda Civic,2012,78918,15990,18925.32380952381,210,11,10-15,60-80k,-0.7304320644835731
BMW X,2016,42693,24990,28257.918032786885,61,7,6-8,40-60k,0.4044365827273108
Honda Civic,2011,95934,13990,18925.32380952381,210,12,10-15,80-100k,-0.9826250971971029
Hyundai Venue,2020,8879,21990,21417.8,20,3,2-4,0-20k,0.026147033657016195
Volvo S,2010,49335,13990,22542.380952380954,21,13,10-15,40-60k,-0.9826250971971029
Honda Civic,2016,49238,22990,18925.32380952381,210,7,6-8,40-60k,0.15224355001378106
Hyundai Elantra,2020,17573,20590,17041.33846153846,195,3,2-4,0-20k,-0.15038808924245464
MAZDA MAZDA,2018,48137,20990,17840.6338028169,142,5,4-6,40-60k,-0.09994948269974868
MAZDA MAZDA,2010,83742,13590,17840.6338028169,142,13,10-15,80-100k,-1.0330637037398087
FIAT,2014,61176,12990,14531.935483870968,31,9,8-10,60-80k,-1.1087216135538678
Toyota Corolla,2018,57886,19990,18560.486988847584,269,5,4-6,40-60k,-0.22604599905651357
Honda Civic,2020,45380,24990,18925.32380952381,210,3,2-4,40-60k,0.4044365827273108
Hyundai Elantra,2012,26885,17990,17041.33846153846,195,11,10-15,20-40k,-0.47823903177004334
Volkswagen Golf GTI,2015,60239,20990,23106.129032258064,31,8,6-8,60-80k,-0.09994948269974868
Volkswagen Passat,2016,90157,14590,18311.052631578947,76,7,6-8,80-100k,-0.9069671873830439
BMW  Series,2011,43698,19990,25277.301587301587,126,12,10-15,40-60k,-0.22604599905651357
Ford Focus,2017,70398,14990,14996.451612903225,93,6,4-6,60-80k,-0.856528580840338
Toyota Corolla,2017,39176,18990,18560.486988847584,269,6,4-6,20-40k,-0.35214251541327846
Ford Focus,2015,104499,12590,14996.451612903225,93,8,6-8,100-130k,-1.1591602200965736
Kia Optima,2015,21039,18990,17867.048076923078,104,8,6-8,20-40k,-0.35214251541327846
GMC Acadia,2017,98451,24590,26526.174603174604,63,6,4-6,80-100k,0.3539979761846049
Dodge Grand Caravan Passenger,2019,54735,21990,18365.342465753423,73,4,2-4,40-60k,0.026147033657016195
Toyota Prius,2015,88346,18990,19496.666666666668,60,8,6-8,80-100k,-0.35214251541327846
Honda Pilot,2015,57480,22590,25763.433333333334,30,8,6-8,40-60k,0.10180494347107512
Chevrolet Trax,2019,10807,19590,18076.951219512193,82,4,2-4,0-20k,-0.2764846055992195
Honda CR-V,2016,46644,23990,21022.757009345794,107,7,6-8,40-60k,0.278340066370546
Chevrolet Impala,2011,103334,12990,20195.8,40,12,10-15,100-130k,-1.1087216135538678
Lexus ES,2011,60799,18990,26148.61111111111,36,12,10-15,60-80k,-0.35214251541327846
Toyota RAV,2016,56772,23990,23160.708333333332,72,7,6-8,40-60k,0.278340066370546
Nissan Versa,2018,29806,16990,15995.263157894737,95,5,4-6,20-40k,-0.6043355481268082
Mitsubishi Mirage,2014,103833,10990,15890.0,22,9,8-10,100-130k,-1.3609146462673976
Cadillac ATS,2014,70745,16990,22034.444444444445,18,9,8-10,60-80k,-0.6043355481268082
Acura MDX,2012,62768,21990,23334.444444444445,18,11,10-15,60-80k,0.026147033657016195
Honda Odyssey,2014,70739,22990,26213.423076923078,26,9,8-10,60-80k,0.15224355001378106
BMW  Series,2011,58800,15990,25277.301587301587,126,12,10-15,40-60k,-0.7304320644835731
Audi A,2017,42068,24590,24272.608695652172,46,6,4-6,40-60k,0.3539979761846049
BMW  Series,2014,44840,24590,25277.301587301587,126,9,8-10,40-60k,0.3539979761846049
Toyota RAV,2018,61814,23590,23160.708333333332,72,5,4-6,60-80k,0.22790145982784
Honda Odyssey,2012,63574,18590,26213.423076923078,26,11,10-15,60-80k,-0.4025811219559844
Kia Rio,2020,1235,20990,16682.0,35,3,2-4,0-20k,-0.09994948269974868
MAZDA CX-,2018,44267,20590,23001.7,140,5,4-6,40-60k,-0.15038808924245464
Kia Forte,2019,41161,18590,17017.92156862745,102,4,2-4,40-60k,-0.4025811219559844
Volkswagen GTI,2012,82059,16590,17104.285714285714,7,11,10-15,80-100k,-0.6547741546695142
Toyota Corolla,2021,19754,22590,18560.486988847584,269,2,0-2,0-20k,0.10180494347107512
Volkswagen Golf GTI,2015,81072,19990,23106.129032258064,31,8,6-8,80-100k,-0.22604599905651357
BMW  Series,2016,38174,21990,25277.301587301587,126,7,6-8,20-40k,0.026147033657016195
Lincoln MKZ,2012,49391,15990,21467.777777777777,18,11,10-15,40-60k,-0.7304320644835731
MAZDA CX-,2019,41117,22590,23001.7,140,4,2-4,40-60k,0.10180494347107512
GMC Terrain,2016,19971,21990,21643.57627118644,59,7,6-8,0-20k,0.026147033657016195
Chevrolet Trax,2016,68115,16590,18076.951219512193,82,7,6-8,60-80k,-0.6547741546695142
Toyota RAV,2012,89749,16590,23160.708333333332,72,11,10-15,80-100k,-0.6547741546695142
Buick LaCrosse,2014,101029,14990,18705.78947368421,19,9,8-10,100-130k,-0.856528580840338
Hyundai Sonata,2012,58935,14590,16759.738562091505,153,11,10-15,40-60k,-0.9069671873830439
Chrysler Pacifica,2017,93003,19990,26151.657142857144,35,6,4-6,80-100k,-0.22604599905651357
Volkswagen Passat,2014,89211,15590,18311.052631578947,76,9,8-10,80-100k,-0.780870671026279
Nissan Altima,2020,53627,20990,19293.97340425532,188,3,2-4,40-60k,-0.09994948269974868
Chevrolet Spark,2020,32683,16990,15980.290909090909,55,3,2-4,20-40k,-0.6043355481268082
Nissan Rogue,2015,57065,18590,20382.880165289258,242,8,6-8,40-60k,-0.4025811219559844
Jeep Cherokee,2016,47787,20990,21467.63829787234,141,7,6-8,40-60k,-0.09994948269974868
Hyundai Sonata,2015,74844,15990,16759.738562091505,153,8,6-8,60-80k,-0.7304320644835731
Toyota Camry,2019,51587,24590,20721.41134751773,141,4,2-4,40-60k,0.3539979761846049
Ford Fiesta,2017,78647,14590,14645.737704918032,61,6,4-6,60-80k,-0.9069671873830439
Honda Civic,2010,43383,14590,18925.32380952381,210,13,10-15,40-60k,-0.9069671873830439
Volkswagen CC,2012,93732,13590,16275.714285714286,14,11,10-15,80-100k,-1.0330637037398087
Lexus GS,2014,94118,23990,26690.0,6,9,8-10,80-100k,0.278340066370546
Kia Sedona,2017,97959,17990,19804.285714285714,14,6,4-6,80-100k,-0.47823903177004334
Nissan Kicks,2018,54713,19590,19809.626373626375,91,5,4-6,40-60k,-0.2764846055992195
Nissan Kicks,2018,32526,19590,19809.626373626375,91,5,4-6,20-40k,-0.2764846055992195
Jeep Grand Cherokee,2015,69140,21990,23092.367346938776,49,8,6-8,60-80k,0.026147033657016195
Honda Civic,2020,47970,21990,18925.32380952381,210,3,2-4,40-60k,0.026147033657016195
Hyundai Veloster,2014,68541,14990,17090.3125,32,9,8-10,60-80k,-0.856528580840338
FIAT,2015,33153,14590,14531.935483870968,31,8,6-8,20-40k,-0.9069671873830439
Toyota Prius c,2016,42427,21590,17890.0,16,7,6-8,40-60k,-0.02429157288568976
Cadillac ATS,2013,60580,19990,22034.444444444445,18,10,8-10,60-80k,-0.22604599905651357
MINI Countryman,2016,54470,20990,19147.14285714286,42,7,6-8,40-60k,-0.09994948269974868
Chevrolet Trax,2017,60040,16990,18076.951219512193,82,6,4-6,60-80k,-0.6043355481268082
Jeep Cherokee,2016,100698,16990,21467.63829787234,141,7,6-8,100-130k,-0.6043355481268082
Acura ILX,2018,32516,23990,19567.777777777777,9,5,4-6,20-40k,0.278340066370546
Kia Rio,2016,61745,13990,16682.0,35,7,6-8,60-80k,-0.9826250971971029
Honda CR-V,2015,45488,21990,21022.757009345794,107,8,6-8,40-60k,0.026147033657016195
Honda Civic,2012,52455,15590,18925.32380952381,210,11,10-15,40-60k,-0.780870671026279
Nissan Versa Note,2017,54975,14990,14502.5,16,6,4-6,40-60k,-0.856528580840338
Nissan Sentra,2017,86128,13990,17151.21551724138,116,6,4-6,80-100k,-0.9826250971971029
Mercedes-Benz CLA-Class,2014,42114,23990,23256.666666666668,6,9,8-10,40-60k,0.278340066370546
Chevrolet Trax,2015,18431,17990,18076.951219512193,82,8,6-8,0-20k,-0.47823903177004334
FIAT  Abarth,2015,80176,15990,18890.0,4,8,6-8,80-100k,-0.7304320644835731
Kia Forte,2018,51670,17590,17017.92156862745,102,5,4-6,40-60k,-0.5286776383127493
Nissan Altima,2017,68814,16990,19293.97340425532,188,6,4-6,60-80k,-0.6043355481268082
Honda HR-V,2019,33130,24590,22338.0,43,4,2-4,20-40k,0.3539979761846049
Hyundai Elantra,2016,89226,13590,17041.33846153846,195,7,6-8,80-100k,-1.0330637037398087
Jeep Cherokee,2017,86963,17590,21467.63829787234,141,6,4-6,80-100k,-0.5286776383127493
Volkswagen Beetle,2018,97387,17590,20275.0,40,5,4-6,80-100k,-0.5286776383127493
Ram  Regular Cab,2016,63826,24990,24630.0,5,7,6-8,60-80k,0.4044365827273108
Kia Forte,2017,76268,14990,17017.92156862745,102,6,4-6,60-80k,-0.856528580840338
Kia Sportage,2020,24213,24990,20804.091954022988,87,3,2-4,20-40k,0.4044365827273108
Chevrolet Equinox,2015,71712,16990,19319.105263157893,171,8,6-8,60-80k,-0.6043355481268082
Audi allroad,2013,60244,23590,23590.0,1,10,8-10,60-80k,0.22790145982784
Ford Focus,2014,100951,12590,14996.451612903225,93,9,8-10,100-130k,-1.1591602200965736
Nissan Versa,2017,56977,13990,15995.263157894737,95,6,4-6,40-60k,-0.9826250971971029
Jeep Compass,2019,30723,22990,20590.543103448275,116,4,2-4,20-40k,0.15224355001378106
Honda Civic,2014,29118,17990,18925.32380952381,210,9,8-10,20-40k,-0.47823903177004334
Hyundai Elantra,2014,89924,12990,17041.33846153846,195,9,8-10,80-100k,-1.1087216135538678
Chevrolet Traverse,2015,93162,20990,27964.304347826088,46,8,6-8,80-100k,-0.09994948269974868
BMW X,2014,57186,21590,28257.918032786885,61,9,8-10,40-60k,-0.02429157288568976
Chevrolet Captiva Sport,2013,54393,15590,15123.333333333334,6,10,8-10,40-60k,-0.780870671026279
Hyundai Elantra,2015,80241,13990,17041.33846153846,195,8,6-8,80-100k,-0.9826250971971029
Honda HR-V,2016,75918,18590,22338.0,43,7,6-8,60-80k,-0.4025811219559844
Chevrolet Cruze,2017,74378,16590,15992.5,80,6,4-6,60-80k,-0.6547741546695142
Toyota Prius,2015,84300,18990,19496.666666666668,60,8,6-8,80-100k,-0.35214251541327846
Nissan Murano,2012,41529,18990,23491.560606060608,66,11,10-15,40-60k,-0.35214251541327846
Hyundai Elantra,2017,71643,15990,17041.33846153846,195,6,4-6,60-80k,-0.7304320644835731
Honda Fit,2016,59892,16990,17112.222222222223,54,7,6-8,40-60k,-0.6043355481268082
Cadillac DTS,2010,65864,14990,14990.0,1,13,10-15,60-80k,-0.856528580840338
MAZDA MAZDA,2012,63863,15590,17840.6338028169,142,11,10-15,60-80k,-0.780870671026279
Nissan Versa,2016,78247,13590,15995.263157894737,95,7,6-8,60-80k,-1.0330637037398087
Hyundai Elantra,2018,100836,14590,17041.33846153846,195,5,4-6,100-130k,-0.9069671873830439
Chevrolet Equinox,2016,36734,19590,19319.105263157893,171,7,6-8,20-40k,-0.2764846055992195
Toyota Prius v,2012,36199,19990,19140.0,12,11,10-15,20-40k,-0.22604599905651357
Audi A,2013,56610,21990,24272.608695652172,46,10,8-10,40-60k,0.026147033657016195
Ford Focus,2014,30441,14990,14996.451612903225,93,9,8-10,20-40k,-0.856528580840338
Chrysler,2016,37702,17990,20993.80612244898,98,7,6-8,20-40k,-0.47823903177004334
Kia Soul,2021,13883,21990,17106.064516129034,124,2,0-2,0-20k,0.026147033657016195
Dodge Grand Caravan Passenger,2015,56549,16990,18365.342465753423,73,8,6-8,40-60k,-0.6043355481268082
Kia Soul,2010,84791,12590,17106.064516129034,124,13,10-15,80-100k,-1.1591602200965736
Volkswagen Beetle,2017,92417,22990,20275.0,40,6,4-6,80-100k,0.15224355001378106
Chrysler Pacifica,2017,90842,21590,26151.657142857144,35,6,4-6,80-100k,-0.02429157288568976
MAZDA MX- Miata,2009,67507,16990,22241.28205128205,39,14,10-15,60-80k,-0.6043355481268082
BMW Z,2011,54530,24590,28390.0,6,12,10-15,40-60k,0.3539979761846049
Toyota Prius,2013,100547,15990,19496.666666666668,60,10,8-10,100-130k,-0.7304320644835731
Mitsubishi Mirage,2015,18093,14590,15890.0,22,8,6-8,0-20k,-0.9069671873830439
Toyota Camry,2012,42630,18990,20721.41134751773,141,11,10-15,40-60k,-0.35214251541327846
Ford Fusion,2018,65847,18590,18113.032,125,5,4-6,60-80k,-0.4025811219559844
Jeep Renegade,2017,47268,17990,20176.3661971831,71,6,4-6,40-60k,-0.47823903177004334
Kia Forte,2019,18888,19990,17017.92156862745,102,4,2-4,0-20k,-0.22604599905651357
Toyota Corolla,2012,90680,14590,18560.486988847584,269,11,10-15,80-100k,-0.9069671873830439
Chevrolet Camaro,2016,68586,23990,26673.675324675325,77,7,6-8,60-80k,0.278340066370546
Volkswagen Beetle,2013,18635,21990,20275.0,40,10,8-10,0-20k,0.026147033657016195
Nissan JUKE,2015,84246,15990,16066.190476190477,21,8,6-8,80-100k,-0.7304320644835731
MAZDA MAZDA,2014,61691,17990,17840.6338028169,142,9,8-10,60-80k,-0.47823903177004334
MAZDA MAZDA,2016,21167,21990,17840.6338028169,142,7,6-8,20-40k,0.026147033657016195
BMW  Series,2011,59542,17590,25277.301587301587,126,12,10-15,40-60k,-0.5286776383127493
MAZDA MAZDA,2015,87905,15590,17840.6338028169,142,8,6-8,80-100k,-0.780870671026279
Ford Escape,2011,51890,14990,19376.448,125,12,10-15,40-60k,-0.856528580840338
Chrysler,2014,66842,18990,20993.80612244898,98,9,8-10,60-80k,-0.35214251541327846
Mercedes-Benz E-Class,2010,60343,17990,24882.30769230769,26,13,10-15,60-80k,-0.47823903177004334
Hyundai Santa Fe Sport,2015,76103,16990,18512.222222222223,36,8,6-8,60-80k,-0.6043355481268082
Cadillac ATS,2017,35883,23990,22034.444444444445,18,6,4-6,20-40k,0.278340066370546
Chevrolet Captiva Sport,2012,54786,14590,15123.333333333334,6,11,10-15,40-60k,-0.9069671873830439
Ford Fiesta,2019,53896,15990,14645.737704918032,61,4,2-4,40-60k,-0.7304320644835731
Volkswagen Beetle,2013,23627,19990,20275.0,40,10,8-10,20-40k,-0.22604599905651357
GMC Terrain,2013,90882,16990,21643.57627118644,59,10,8-10,80-100k,-0.6043355481268082
Hyundai Sonata,2012,17445,18990,16759.738562091505,153,11,10-15,0-20k,-0.35214251541327846
Toyota Corolla,2013,65266,16590,18560.486988847584,269,10,8-10,60-80k,-0.6547741546695142
Nissan Altima,2017,100954,15990,19293.97340425532,188,6,4-6,100-130k,-0.7304320644835731
Chevrolet Spark,2021,9216,17990,15980.290909090909,55,2,0-2,0-20k,-0.47823903177004334
Nissan JUKE,2013,91168,14990,16066.190476190477,21,10,8-10,80-100k,-0.856528580840338
Toyota Corolla,2017,57566,18590,18560.486988847584,269,6,4-6,40-60k,-0.4025811219559844
Jeep Compass,2019,32089,22990,20590.543103448275,116,4,2-4,20-40k,0.15224355001378106
BMW X,2014,44867,21590,28257.918032786885,61,9,8-10,40-60k,-0.02429157288568976
Chevrolet Camaro,2016,67084,22590,26673.675324675325,77,7,6-8,60-80k,0.10180494347107512
Honda Accord,2010,44091,16990,20338.34351145038,131,13,10-15,40-60k,-0.6043355481268082
Nissan JUKE,2016,53121,16990,16066.190476190477,21,7,6-8,40-60k,-0.6043355481268082
Ford EcoSport,2019,11545,20590,19908.256756756757,74,4,2-4,0-20k,-0.15038808924245464
MAZDA CX-,2016,27827,21590,23001.7,140,7,6-8,20-40k,-0.02429157288568976
Chevrolet Camaro,2012,70890,16990,26673.675324675325,77,11,10-15,60-80k,-0.6043355481268082
Nissan Pathfinder,2015,95702,15990,22727.11111111111,36,8,6-8,80-100k,-0.7304320644835731
Chevrolet Spark,2016,9623,16990,15980.290909090909,55,7,6-8,0-20k,-0.6043355481268082
Ford Fusion,2016,67157,16990,18113.032,125,7,6-8,60-80k,-0.6043355481268082
Toyota Corolla,2017,40252,18590,18560.486988847584,269,6,4-6,40-60k,-0.4025811219559844
Mitsubishi Mirage,2018,35377,14590,15890.0,22,5,4-6,20-40k,-0.9069671873830439
Ford Escape,2012,43499,17990,19376.448,125,11,10-15,40-60k,-0.47823903177004334
Dodge Charger,2015,86783,21990,27191.571428571428,35,8,6-8,80-100k,0.026147033657016195
Toyota Yaris Hatchback,2020,24255,20590,20590.0,1,3,2-4,20-40k,-0.15038808924245464
Hyundai Sonata,2017,8270,21590,16759.738562091505,153,6,4-6,0-20k,-0.02429157288568976
Nissan Sentra,2018,19971,19990,17151.21551724138,116,5,4-6,0-20k,-0.22604599905651357
Ford Mustang,2016,65691,22990,25856.117647058825,102,7,6-8,60-80k,0.15224355001378106
Buick Cascada,2017,41972,24590,24790.0,4,6,4-6,40-60k,0.3539979761846049
Hyundai Elantra,2020,23315,20990,17041.33846153846,195,3,2-4,20-40k,-0.09994948269974868
Honda Fit,2016,72060,16590,17112.222222222223,54,7,6-8,60-80k,-0.6547741546695142
Buick Verano,2016,46981,17590,16710.0,15,7,6-8,40-60k,-0.5286776383127493
Lincoln MKZ,2017,89669,20990,21467.777777777777,18,6,4-6,80-100k,-0.09994948269974868
Toyota Camry,2011,63522,15590,20721.41134751773,141,12,10-15,60-80k,-0.780870671026279
Ford Flex,2018,48222,22590,23264.36,25,5,4-6,40-60k,0.10180494347107512
FIAT X,2016,54245,16590,17755.217391304348,23,7,6-8,40-60k,-0.6547741546695142
Chevrolet Camaro,2011,41709,20990,26673.675324675325,77,12,10-15,40-60k,-0.09994948269974868
Toyota Yaris iA,2018,41535,17590,17540.0,4,5,4-6,40-60k,-0.5286776383127493
Toyota Corolla,2016,46571,19590,18560.486988847584,269,7,6-8,40-60k,-0.2764846055992195
Volvo V,2016,77319,19590,22390.0,3,7,6-8,60-80k,-0.2764846055992195
Ford F Regular Cab,2016,53512,23990,27190.0,7,7,6-8,40-60k,0.278340066370546
FIAT X,2017,62586,15990,17755.217391304348,23,6,4-6,60-80k,-0.7304320644835731
FIAT L,2015,50733,15990,16690.0,12,8,6-8,40-60k,-0.7304320644835731
Chevrolet Impala,2018,65653,22590,20195.8,40,5,4-6,60-80k,0.10180494347107512
Honda Civic,2016,23584,20990,18925.32380952381,210,7,6-8,20-40k,-0.09994948269974868
Honda Fit,2015,62065,16990,17112.222222222223,54,8,6-8,60-80k,-0.6043355481268082
Mercedes-Benz E-Class,2011,60442,24590,24882.30769230769,26,12,10-15,60-80k,0.3539979761846049
Acura TSX,2012,86386,16590,15950.0,10,11,10-15,80-100k,-0.6547741546695142
Toyota RAV,2013,101024,17990,23160.708333333332,72,10,8-10,100-130k,-0.47823903177004334
BMW  Series,2012,31285,23590,25277.301587301587,126,11,10-15,20-40k,0.22790145982784
Honda Civic,2012,65398,15590,18925.32380952381,210,11,10-15,60-80k,-0.780870671026279
Audi A,2015,76130,17990,24272.608695652172,46,8,6-8,60-80k,-0.47823903177004334
Audi Q,2015,75837,19990,25158.42105263158,19,8,6-8,60-80k,-0.22604599905651357
Honda CR-V,2015,60948,21590,21022.757009345794,107,8,6-8,60-80k,-0.02429157288568976
Saturn SKY,2009,71721,15590,15590.0,1,14,10-15,60-80k,-0.780870671026279
Hyundai Sonata,2012,46084,14990,16759.738562091505,153,11,10-15,40-60k,-0.856528580840338
Toyota Corolla,2009,89001,12990,18560.486988847584,269,14,10-15,80-100k,-1.1087216135538678
Hyundai Veloster,2013,80895,14590,17090.3125,32,10,8-10,80-100k,-0.9069671873830439
BMW i,2015,55284,19590,20447.894736842107,38,8,6-8,40-60k,-0.2764846055992195
Volkswagen Tiguan,2018,50991,20990,20451.456140350878,57,5,4-6,40-60k,-0.09994948269974868
Toyota Corolla,2017,104019,17990,18560.486988847584,269,6,4-6,100-130k,-0.47823903177004334
Land Rover Range Rover Evoque,2014,70241,23590,30034.444444444445,9,9,8-10,60-80k,0.22790145982784
Toyota Corolla,2017,75349,18990,18560.486988847584,269,6,4-6,60-80k,-0.35214251541327846
Honda Civic,2020,29543,24990,18925.32380952381,210,3,2-4,20-40k,0.4044365827273108
Kia K,2015,62898,23590,26990.0,8,8,6-8,60-80k,0.22790145982784
Toyota Corolla,2018,43656,19590,18560.486988847584,269,5,4-6,40-60k,-0.2764846055992195
Jeep Compass,2019,30841,22990,20590.543103448275,116,4,2-4,20-40k,0.15224355001378106
FIAT X,2016,69138,16590,17755.217391304348,23,7,6-8,60-80k,-0.6547741546695142
Ford Mustang,2016,49833,22990,25856.117647058825,102,7,6-8,40-60k,0.15224355001378106
Hyundai Santa Fe,2012,58326,16990,23761.17391304348,46,11,10-15,40-60k,-0.6043355481268082
FIAT X,2016,54566,17990,17755.217391304348,23,7,6-8,40-60k,-0.47823903177004334
Subaru Forester,2013,69849,18990,20446.25,32,10,8-10,60-80k,-0.35214251541327846
Volkswagen Jetta,2014,80005,12990,17068.442477876106,113,9,8-10,80-100k,-1.1087216135538678
Toyota Corolla,2020,54772,20990,18560.486988847584,269,3,2-4,40-60k,-0.09994948269974868
Hyundai Elantra,2020,14261,21590,17041.33846153846,195,3,2-4,0-20k,-0.02429157288568976
Ford Focus,2014,49334,13990,14996.451612903225,93,9,8-10,40-60k,-0.9826250971971029
Ford Focus,2016,32404,14990,14996.451612903225,93,7,6-8,20-40k,-0.856528580840338
MAZDA MAZDA,2019,26394,23590,17840.6338028169,142,4,2-4,20-40k,0.22790145982784
Mercedes-Benz E-Class,2011,64489,21590,24882.30769230769,26,12,10-15,60-80k,-0.02429157288568976
Honda Civic,2020,24391,23590,18925.32380952381,210,3,2-4,20-40k,0.22790145982784
Dodge Journey,2018,14825,20990,19075.328125,64,5,4-6,0-20k,-0.09994948269974868
Chevrolet Cruze,2017,49688,17590,15992.5,80,6,4-6,40-60k,-0.5286776383127493
Jeep Cherokee,2019,34192,24990,21467.63829787234,141,4,2-4,20-40k,0.4044365827273108
Honda Civic,2016,73864,19990,18925.32380952381,210,7,6-8,60-80k,-0.22604599905651357
Chevrolet Cruze,2014,41268,14590,15992.5,80,9,8-10,40-60k,-0.9069671873830439
Nissan Altima,2013,72302,14590,19293.97340425532,188,10,8-10,60-80k,-0.9069671873830439
Toyota Camry,2016,21314,21590,20721.41134751773,141,7,6-8,20-40k,-0.02429157288568976
Nissan Maxima,2014,61244,17590,24153.521739130436,23,9,8-10,60-80k,-0.5286776383127493
Honda CR-V,2009,56906,15590,21022.757009345794,107,14,10-15,40-60k,-0.780870671026279
Hyundai Elantra,2014,66429,13990,17041.33846153846,195,9,8-10,60-80k,-0.9826250971971029
Ford Mustang,2014,83320,17990,25856.117647058825,102,9,8-10,80-100k,-0.47823903177004334
Ford Focus,2014,32157,13990,14996.451612903225,93,9,8-10,20-40k,-0.9826250971971029
Mercedes-Benz CLA,2016,61774,22990,25608.18181818182,11,7,6-8,60-80k,0.15224355001378106
GMC Acadia,2017,67879,23990,26526.174603174604,63,6,4-6,60-80k,0.278340066370546
Honda Crosstour,2012,40057,19590,18723.333333333332,3,11,10-15,40-60k,-0.2764846055992195
Nissan Altima,2019,82914,19990,19293.97340425532,188,4,2-4,80-100k,-0.22604599905651357
Hyundai Elantra,2017,74658,15590,17041.33846153846,195,6,4-6,60-80k,-0.780870671026279
Hyundai Sonata,2016,98711,14590,16759.738562091505,153,7,6-8,80-100k,-0.9069671873830439
Toyota Sienna,2015,92495,24590,31905.78947368421,38,8,6-8,80-100k,0.3539979761846049
Honda Civic,2014,93049,14990,18925.32380952381,210,9,8-10,80-100k,-0.856528580840338
Kia Soul,2012,29465,14990,17106.064516129034,124,11,10-15,20-40k,-0.856528580840338
Hyundai Sonata,2016,98794,13990,16759.738562091505,153,7,6-8,80-100k,-0.9826250971971029
Nissan Rogue,2019,43289,22590,20382.880165289258,242,4,2-4,40-60k,0.10180494347107512
Toyota Sienna,2011,97881,17590,31905.78947368421,38,12,10-15,80-100k,-0.5286776383127493
Chevrolet Malibu,2015,71570,16590,19288.927536231884,69,8,6-8,60-80k,-0.6547741546695142
Kia Optima,2012,84317,14990,17867.048076923078,104,11,10-15,80-100k,-0.856528580840338
Toyota Corolla iM,2017,81990,17990,20550.0,5,6,4-6,80-100k,-0.47823903177004334
Volkswagen Tiguan,2019,46834,24990,20451.456140350878,57,4,2-4,40-60k,0.4044365827273108
Volkswagen Beetle,2013,19581,24590,20275.0,40,10,8-10,0-20k,0.3539979761846049
Jeep Cherokee,2019,30611,22590,21467.63829787234,141,4,2-4,20-40k,0.10180494347107512
Chevrolet Trax,2017,65656,15990,18076.951219512193,82,6,4-6,60-80k,-0.7304320644835731
Honda Accord,2012,87989,15990,20338.34351145038,131,11,10-15,80-100k,-0.7304320644835731
Lexus HS,2010,57674,18590,17590.0,3,13,10-15,40-60k,-0.4025811219559844
Chevrolet Colorado Crew Cab,2015,72511,23990,29220.76923076923,13,8,6-8,60-80k,0.278340066370546
Honda CR-V,2017,58094,23990,21022.757009345794,107,6,4-6,40-60k,0.278340066370546
Kia Soul,2018,50505,16990,17106.064516129034,124,5,4-6,40-60k,-0.6043355481268082
Jeep Cherokee,2016,79712,18990,21467.63829787234,141,7,6-8,60-80k,-0.35214251541327846
Hyundai Elantra,2017,8208,21990,17041.33846153846,195,6,4-6,0-20k,0.026147033657016195
INFINITI Q,2014,31579,23990,25347.133333333335,30,9,8-10,20-40k,0.278340066370546
Toyota Corolla,2014,46698,18590,18560.486988847584,269,9,8-10,40-60k,-0.4025811219559844
Mercedes-Benz SLK-Class,2009,37714,23590,23634.444444444445,9,14,10-15,20-40k,0.22790145982784
Toyota Camry,2012,34693,17990,20721.41134751773,141,11,10-15,20-40k,-0.47823903177004334
BMW  Series,2012,24167,22990,25277.301587301587,126,11,10-15,20-40k,0.15224355001378106
Kia Forte,2016,93805,13590,17017.92156862745,102,7,6-8,80-100k,-1.0330637037398087
MAZDA CX-,2015,45679,21990,23001.7,140,8,6-8,40-60k,0.026147033657016195
Dodge Grand Caravan Passenger,2016,74475,17590,18365.342465753423,73,7,6-8,60-80k,-0.5286776383127493
Hyundai Accent,2017,61313,14990,15905.254237288136,59,6,4-6,60-80k,-0.856528580840338
Kia Optima,2017,70306,16990,17867.048076923078,104,6,4-6,60-80k,-0.6043355481268082
Toyota Prius,2014,104337,15990,19496.666666666668,60,9,8-10,100-130k,-0.7304320644835731
Volkswagen Passat,2014,99902,13990,18311.052631578947,76,9,8-10,80-100k,-0.9826250971971029
Ford Fiesta,2017,30247,14990,14645.737704918032,61,6,4-6,20-40k,-0.856528580840338
BMW  Series,2017,50005,23990,25277.301587301587,126,6,4-6,40-60k,0.278340066370546
Toyota Camry,2016,73439,17990,20721.41134751773,141,7,6-8,60-80k,-0.47823903177004334
Hyundai Accent,2017,63565,14590,15905.254237288136,59,6,4-6,60-80k,-0.9069671873830439
Volkswagen Jetta,2016,50613,15990,17068.442477876106,113,7,6-8,40-60k,-0.7304320644835731
Mercedes-Benz E-Class,2012,52122,24590,24882.30769230769,26,11,10-15,40-60k,0.3539979761846049
Nissan Rogue,2017,87029,17990,20382.880165289258,242,6,4-6,80-100k,-0.47823903177004334
Chevrolet Equinox,2015,63570,16990,19319.105263157893,171,8,6-8,60-80k,-0.6043355481268082
BMW  Series,2015,36061,23990,25277.301587301587,126,8,6-8,20-40k,0.278340066370546
Subaru Legacy,2016,103863,15990,20081.428571428572,21,7,6-8,100-130k,-0.7304320644835731
Chrysler,2016,25717,19990,20993.80612244898,98,7,6-8,20-40k,-0.22604599905651357
Chrysler Town & Country,2014,73182,16990,17956.666666666668,24,9,8-10,60-80k,-0.6043355481268082
Volkswagen Passat,2017,62159,19990,18311.052631578947,76,6,4-6,60-80k,-0.22604599905651357
Ford Escape,2015,97583,15990,19376.448,125,8,6-8,80-100k,-0.7304320644835731
Chevrolet Malibu,2017,70406,18590,19288.927536231884,69,6,4-6,60-80k,-0.4025811219559844
Chevrolet Impala,2012,67060,13990,20195.8,40,11,10-15,60-80k,-0.9826250971971029
Volkswagen Jetta,2016,53838,18590,17068.442477876106,113,7,6-8,40-60k,-0.4025811219559844
Hyundai Accent,2014,24515,14990,15905.254237288136,59,9,8-10,20-40k,-0.856528580840338
Kia Soul,2016,46205,15990,17106.064516129034,124,7,6-8,40-60k,-0.7304320644835731
Ford Edge,2019,46983,24590,20629.243243243243,74,4,2-4,40-60k,0.3539979761846049
Volkswagen Jetta,2015,49357,15590,17068.442477876106,113,8,6-8,40-60k,-0.780870671026279
Hyundai Santa Fe Sport,2016,90250,15990,18512.222222222223,36,7,6-8,80-100k,-0.7304320644835731
Hyundai Santa Fe Sport,2013,75238,14990,18512.222222222223,36,10,8-10,60-80k,-0.856528580840338
Jeep Renegade,2015,57191,17590,20176.3661971831,71,8,6-8,40-60k,-0.5286776383127493
Toyota Camry,2019,42069,24990,20721.41134751773,141,4,2-4,40-60k,0.4044365827273108
Toyota Avalon,2014,68746,18990,23526.363636363636,22,9,8-10,60-80k,-0.35214251541327846
Nissan Sentra,2015,63028,14990,17151.21551724138,116,8,6-8,60-80k,-0.856528580840338
Hyundai Veloster,2015,99020,15990,17090.3125,32,8,6-8,80-100k,-0.7304320644835731
Toyota Corolla,2015,46432,18590,18560.486988847584,269,8,6-8,40-60k,-0.4025811219559844
Toyota Corolla,2014,84366,15590,18560.486988847584,269,9,8-10,80-100k,-0.780870671026279
Dodge Grand Caravan Passenger,2019,84264,18990,18365.342465753423,73,4,2-4,80-100k,-0.35214251541327846
Nissan Altima,2016,64484,17990,19293.97340425532,188,7,6-8,60-80k,-0.47823903177004334
Dodge Charger,2018,100230,21590,27191.571428571428,35,5,4-6,100-130k,-0.02429157288568976
Honda CR-V,2009,37765,16990,21022.757009345794,107,14,10-15,20-40k,-0.6043355481268082
Nissan Kicks,2022,2812,24990,19809.626373626375,91,1,0-2,0-20k,0.4044365827273108
Chevrolet Equinox,2016,80369,15990,19319.105263157893,171,7,6-8,80-100k,-0.7304320644835731
Chrysler,2016,73290,15590,20993.80612244898,98,7,6-8,60-80k,-0.780870671026279
MAZDA CX-,2014,70365,17990,23001.7,140,9,8-10,60-80k,-0.47823903177004334
Honda Civic,2015,61650,16590,18925.32380952381,210,8,6-8,60-80k,-0.6547741546695142
Kia Sedona,2014,20694,18990,19804.285714285714,14,9,8-10,20-40k,-0.35214251541327846
Volkswagen Golf,2012,96270,15590,17881.666666666668,24,11,10-15,80-100k,-0.780870671026279
Kia Rio,2019,18373,18990,16682.0,35,4,2-4,0-20k,-0.35214251541327846
Honda CR-V,2018,63054,22990,21022.757009345794,107,5,4-6,60-80k,0.15224355001378106
Toyota Corolla,2015,30405,18590,18560.486988847584,269,8,6-8,20-40k,-0.4025811219559844
FIAT  Spider,2017,43545,23990,24176.666666666668,15,6,4-6,40-60k,0.278340066370546
Ford Escape,2019,38530,20590,19376.448,125,4,2-4,20-40k,-0.15038808924245464
Toyota Yaris iA,2017,33188,17590,17540.0,4,6,4-6,20-40k,-0.5286776383127493
Ford Fiesta,2016,70444,12990,14645.737704918032,61,7,6-8,60-80k,-1.1087216135538678
Chevrolet Equinox,2019,46368,22590,19319.105263157893,171,4,2-4,40-60k,0.10180494347107512
MAZDA MAZDA,2012,79385,14990,17840.6338028169,142,11,10-15,60-80k,-0.856528580840338
Chrysler,2016,47475,16590,20993.80612244898,98,7,6-8,40-60k,-0.6547741546695142
Kia Rio,2018,83989,14990,16682.0,35,5,4-6,80-100k,-0.856528580840338
Jeep Compass,2019,21025,24590,20590.543103448275,116,4,2-4,20-40k,0.3539979761846049
Hyundai Elantra,2022,24120,24590,17041.33846153846,195,1,0-2,20-40k,0.3539979761846049
Volkswagen Golf,2013,96987,15990,17881.666666666668,24,10,8-10,80-100k,-0.7304320644835731
Honda Pilot,2014,97680,19990,25763.433333333334,30,9,8-10,80-100k,-0.22604599905651357
Genesis G,2017,66567,24590,34966.555555555555,9,6,4-6,60-80k,0.3539979761846049
Ford Taurus,2012,76533,13990,17145.555555555555,18,11,10-15,60-80k,-0.9826250971971029
Chevrolet Equinox,2013,75747,15590,19319.105263157893,171,10,8-10,60-80k,-0.780870671026279
Chevrolet Sonic,2014,89452,12590,14630.90909090909,44,9,8-10,80-100k,-1.1591602200965736
Acura TSX,2011,100986,14590,15950.0,10,12,10-15,100-130k,-0.9069671873830439
Nissan Rogue Sport,2018,68591,18590,20399.048387096773,62,5,4-6,60-80k,-0.4025811219559844
Dodge Grand Caravan Passenger,2013,70885,15590,18365.342465753423,73,10,8-10,60-80k,-0.780870671026279
Hyundai Santa Fe Sport,2016,82276,16590,18512.222222222223,36,7,6-8,80-100k,-0.6547741546695142
Hyundai Elantra,2018,71524,16990,17041.33846153846,195,5,4-6,60-80k,-0.6043355481268082
Hyundai Tucson,2017,99415,16990,20007.2,70,6,4-6,80-100k,-0.6043355481268082
Nissan Rogue,2018,30745,22590,20382.880165289258,242,5,4-6,20-40k,0.10180494347107512
Nissan Pathfinder,2014,97684,18590,22727.11111111111,36,9,8-10,80-100k,-0.4025811219559844
Chrysler Pacifica,2017,86434,19990,26151.657142857144,35,6,4-6,80-100k,-0.22604599905651357
Toyota Corolla,2015,72301,15990,18560.486988847584,269,8,6-8,60-80k,-0.7304320644835731
Nissan Sentra,2019,22211,18990,17151.21551724138,116,4,2-4,20-40k,-0.35214251541327846
Toyota Prius,2015,90676,17990,19496.666666666668,60,8,6-8,80-100k,-0.47823903177004334
Ford Fusion,2015,25984,19990,18113.032,125,8,6-8,20-40k,-0.22604599905651357
Honda Civic,2019,40007,23590,18925.32380952381,210,4,2-4,40-60k,0.22790145982784
Scion xB,2014,20937,19990,18040.0,4,9,8-10,20-40k,-0.22604599905651357
Hyundai Elantra,2015,18824,18590,17041.33846153846,195,8,6-8,0-20k,-0.4025811219559844
Hyundai Elantra,2017,101783,13590,17041.33846153846,195,6,4-6,100-130k,-1.0330637037398087
Jeep Compass,2021,26095,24590,20590.543103448275,116,2,0-2,20-40k,0.3539979761846049
Chevrolet Sonic,2017,58706,14990,14630.90909090909,44,6,4-6,40-60k,-0.856528580840338
Toyota Prius,2013,42316,19990,19496.666666666668,60,10,8-10,40-60k,-0.22604599905651357
Chevrolet Camaro,2015,51070,21590,26673.675324675325,77,8,6-8,40-60k,-0.02429157288568976
Toyota Corolla,2010,64589,13990,18560.486988847584,269,13,10-15,60-80k,-0.9826250971971029
Honda Civic,2012,94874,13990,18925.32380952381,210,11,10-15,80-100k,-0.9826250971971029
Lincoln MKC,2016,30794,24990,23724.125,24,7,6-8,20-40k,0.4044365827273108
Honda CR-V,2014,64396,19590,21022.757009345794,107,9,8-10,60-80k,-0.2764846055992195
Lexus RX,2010,91861,17990,27399.52380952381,21,13,10-15,80-100k,-0.47823903177004334
BMW  Series,2013,65343,21990,25277.301587301587,126,10,8-10,60-80k,0.026147033657016195
Toyota Corolla,2014,49009,16590,18560.486988847584,269,9,8-10,40-60k,-0.6547741546695142
Toyota Corolla,2015,80359,15990,18560.486988847584,269,8,6-8,80-100k,-0.7304320644835731
Chevrolet Camaro,2015,17628,21990,26673.675324675325,77,8,6-8,0-20k,0.026147033657016195
Honda Accord,2014,64770,17990,20338.34351145038,131,9,8-10,60-80k,-0.47823903177004334
Toyota Prius,2012,44096,18990,19496.666666666668,60,11,10-15,40-60k,-0.35214251541327846
Toyota Corolla,2018,49327,18590,18560.486988847584,269,5,4-6,40-60k,-0.4025811219559844
Toyota C-HR,2019,34323,22990,23407.366666666665,30,4,2-4,20-40k,0.15224355001378106
Kia Optima,2019,34276,21590,17867.048076923078,104,4,2-4,20-40k,-0.02429157288568976
Chrysler,2013,48464,19990,20993.80612244898,98,10,8-10,40-60k,-0.22604599905651357
Toyota Camry,2013,63219,16590,20721.41134751773,141,10,8-10,60-80k,-0.6547741546695142
Toyota RAV,2018,79583,21990,23160.708333333332,72,5,4-6,60-80k,0.026147033657016195
Nissan Maxima,2017,38377,23990,24153.521739130436,23,6,4-6,20-40k,0.278340066370546
Toyota Yaris,2015,51140,15990,16685.238095238095,21,8,6-8,40-60k,-0.7304320644835731
Volkswagen Beetle,2017,17937,24990,20275.0,40,6,4-6,0-20k,0.4044365827273108
Jeep Cherokee,2019,50952,23990,21467.63829787234,141,4,2-4,40-60k,0.278340066370546
Chrysler,2017,47407,18990,20993.80612244898,98,6,4-6,40-60k,-0.35214251541327846
Nissan Versa Note,2016,71430,13990,14502.5,16,7,6-8,60-80k,-0.9826250971971029
Toyota Corolla,2016,85699,16990,18560.486988847584,269,7,6-8,80-100k,-0.6043355481268082
Buick Regal,2016,93015,16590,18630.0,10,7,6-8,80-100k,-0.6547741546695142
Toyota Avalon,2014,73257,19590,23526.363636363636,22,9,8-10,60-80k,-0.2764846055992195
Honda Civic,2020,38958,24990,18925.32380952381,210,3,2-4,20-40k,0.4044365827273108
Hyundai Sonata,2017,83642,16990,16759.738562091505,153,6,4-6,80-100k,-0.6043355481268082
Buick Enclave,2016,89034,19990,25804.4,25,7,6-8,80-100k,-0.22604599905651357
Volkswagen Beetle,2013,50652,20590,20275.0,40,10,8-10,40-60k,-0.15038808924245464
Nissan Sentra,2014,55179,13990,17151.21551724138,116,9,8-10,40-60k,-0.9826250971971029
MAZDA MAZDA,2015,87746,16990,17840.6338028169,142,8,6-8,80-100k,-0.6043355481268082
Hyundai Elantra,2015,95927,12990,17041.33846153846,195,8,6-8,80-100k,-1.1087216135538678
FIAT L,2017,30315,18590,16690.0,12,6,4-6,20-40k,-0.4025811219559844
Volkswagen Tiguan,2016,48996,17990,20451.456140350878,57,7,6-8,40-60k,-0.47823903177004334
Volkswagen Tiguan,2016,43991,18590,20451.456140350878,57,7,6-8,40-60k,-0.4025811219559844
Jeep Renegade,2018,25227,21990,20176.3661971831,71,5,4-6,20-40k,0.026147033657016195
Chevrolet Sonic,2015,53265,14590,14630.90909090909,44,8,6-8,40-60k,-0.9069671873830439
MAZDA MAZDA,2010,66623,12990,17840.6338028169,142,13,10-15,60-80k,-1.1087216135538678
Toyota Corolla iM,2017,52541,19590,20550.0,5,6,4-6,40-60k,-0.2764846055992195
Chevrolet Equinox,2018,27634,22990,19319.105263157893,171,5,4-6,20-40k,0.15224355001378106
MINI Hardtop  Door,2015,85077,15990,20638.64864864865,37,8,6-8,80-100k,-0.7304320644835731
Honda Civic,2013,83687,15990,18925.32380952381,210,10,8-10,80-100k,-0.7304320644835731
Chevrolet Sonic,2017,29178,17590,14630.90909090909,44,6,4-6,20-40k,-0.5286776383127493
Kia Sportage,2017,42250,22590,20804.091954022988,87,6,4-6,40-60k,0.10180494347107512
Mitsubishi Mirage G,2019,45100,15590,16790.0,16,4,2-4,40-60k,-0.780870671026279
Honda Civic,2012,91858,14590,18925.32380952381,210,11,10-15,80-100k,-0.9069671873830439
Toyota Corolla,2016,48553,17990,18560.486988847584,269,7,6-8,40-60k,-0.47823903177004334
MINI Hardtop  Door,2015,66233,15590,20638.64864864865,37,8,6-8,60-80k,-0.780870671026279
Scion FR-S,2015,33321,24590,21732.85714285714,7,8,6-8,20-40k,0.3539979761846049
Dodge Avenger,2013,104129,12590,13670.0,5,10,8-10,100-130k,-1.1591602200965736
Ford Taurus,2014,102449,15590,17145.555555555555,18,9,8-10,100-130k,-0.780870671026279
Honda Odyssey,2014,87364,21990,26213.423076923078,26,9,8-10,80-100k,0.026147033657016195
Ford Flex,2016,51202,22590,23264.36,25,7,6-8,40-60k,0.10180494347107512
GMC Canyon Crew Cab,2016,83317,24990,33861.875,8,7,6-8,80-100k,0.4044365827273108
Mitsubishi Mirage G,2020,16964,17590,16790.0,16,3,2-4,0-20k,-0.5286776383127493
Chevrolet Spark,2019,27146,17590,15980.290909090909,55,4,2-4,20-40k,-0.5286776383127493
Honda Civic,2019,57744,20990,18925.32380952381,210,4,2-4,40-60k,-0.09994948269974868
Mercedes-Benz E-Class,2011,75458,22990,24882.30769230769,26,12,10-15,60-80k,0.15224355001378106
Jeep Compass,2017,82699,20590,20590.543103448275,116,6,4-6,80-100k,-0.15038808924245464
Chevrolet Cruze,2014,84665,12990,15992.5,80,9,8-10,80-100k,-1.1087216135538678
Honda Pilot,2013,93802,19990,25763.433333333334,30,10,8-10,80-100k,-0.22604599905651357
Honda Civic,2012,66890,15990,18925.32380952381,210,11,10-15,60-80k,-0.7304320644835731
Audi A,2017,32887,24990,24272.608695652172,46,6,4-6,20-40k,0.4044365827273108
Kia Soul,2015,49037,14990,17106.064516129034,124,8,6-8,40-60k,-0.856528580840338
Nissan Sentra,2017,92927,13590,17151.21551724138,116,6,4-6,80-100k,-1.0330637037398087
Honda Civic,2016,72251,19990,18925.32380952381,210,7,6-8,60-80k,-0.22604599905651357
Honda Civic,2020,35812,24990,18925.32380952381,210,3,2-4,20-40k,0.4044365827273108
Nissan Rogue,2018,49074,21590,20382.880165289258,242,5,4-6,40-60k,-0.02429157288568976
BMW  Series,2013,65494,22590,25277.301587301587,126,10,8-10,60-80k,0.10180494347107512
MAZDA CX-,2016,34203,22590,23001.7,140,7,6-8,20-40k,0.10180494347107512
Chevrolet Camaro,2018,72410,23990,26673.675324675325,77,5,4-6,60-80k,0.278340066370546
Hyundai Sonata Hybrid,2016,62723,17990,20218.571428571428,7,7,6-8,60-80k,-0.47823903177004334
Volkswagen Beetle,2012,60450,17990,20275.0,40,11,10-15,60-80k,-0.47823903177004334
Toyota Prius v,2013,74307,18990,19140.0,12,10,8-10,60-80k,-0.35214251541327846
Hyundai Accent,2016,55567,14590,15905.254237288136,59,7,6-8,40-60k,-0.9069671873830439
Chevrolet Cruze,2019,32463,18990,15992.5,80,4,2-4,20-40k,-0.35214251541327846
Volkswagen Eos,2014,82297,17990,18390.0,4,9,8-10,80-100k,-0.47823903177004334
GMC Acadia,2015,96543,18590,26526.174603174604,63,8,6-8,80-100k,-0.4025811219559844
Nissan LEAF,2013,28551,13990,19142.63157894737,38,10,8-10,20-40k,-0.9826250971971029
Hyundai Azera,2017,31193,21990,19023.333333333332,6,6,4-6,20-40k,0.026147033657016195
Nissan Sentra,2016,39448,19590,17151.21551724138,116,7,6-8,20-40k,-0.2764846055992195
Hyundai Elantra,2013,101695,12590,17041.33846153846,195,10,8-10,100-130k,-1.1591602200965736
Hyundai Accent,2012,59903,12990,15905.254237288136,59,11,10-15,40-60k,-1.1087216135538678
Volkswagen Passat,2014,57797,17590,18311.052631578947,76,9,8-10,40-60k,-0.5286776383127493
Mercedes-Benz E-Class,2012,69349,18590,24882.30769230769,26,11,10-15,60-80k,-0.4025811219559844
Nissan Rogue,2018,85300,19990,20382.880165289258,242,5,4-6,80-100k,-0.22604599905651357
Honda Accord,2011,62455,16590,20338.34351145038,131,12,10-15,60-80k,-0.6547741546695142
Hyundai Venue,2020,28047,20990,21417.8,20,3,2-4,20-40k,-0.09994948269974868
Nissan Sentra,2017,37996,16590,17151.21551724138,116,6,4-6,20-40k,-0.6547741546695142
Toyota Corolla,2018,73868,17590,18560.486988847584,269,5,4-6,60-80k,-0.5286776383127493
Audi A,2013,59879,21990,24272.608695652172,46,10,8-10,40-60k,0.026147033657016195
Nissan Sentra,2017,60785,14990,17151.21551724138,116,6,4-6,60-80k,-0.856528580840338
Nissan Altima,2017,51477,18590,19293.97340425532,188,6,4-6,40-60k,-0.4025811219559844
Kia Niro,2017,89734,18990,23530.0,10,6,4-6,80-100k,-0.35214251541327846
GMC Terrain,2017,71349,17990,21643.57627118644,59,6,4-6,60-80k,-0.47823903177004334
Jeep Cherokee,2018,53465,19990,21467.63829787234,141,5,4-6,40-60k,-0.22604599905651357
Honda Accord,2010,69603,15990,20338.34351145038,131,13,10-15,60-80k,-0.7304320644835731
Hyundai Elantra,2017,90570,14990,17041.33846153846,195,6,4-6,80-100k,-0.856528580840338
Volvo S,2015,51621,18990,22542.380952380954,21,8,6-8,40-60k,-0.35214251541327846
Dodge Grand Caravan Passenger,2016,94948,16590,18365.342465753423,73,7,6-8,80-100k,-0.6547741546695142
Chevrolet Impala,2018,38104,23990,20195.8,40,5,4-6,20-40k,0.278340066370546
Lincoln MKC,2017,75779,20990,23724.125,24,6,4-6,60-80k,-0.09994948269974868
MAZDA MAZDA,2018,35955,20990,17840.6338028169,142,5,4-6,20-40k,-0.09994948269974868
Honda Accord,2014,104474,16990,20338.34351145038,131,9,8-10,100-130k,-0.6043355481268082
Jeep Cherokee,2018,39225,20990,21467.63829787234,141,5,4-6,20-40k,-0.09994948269974868
Honda HR-V,2016,12403,21990,22338.0,43,7,6-8,0-20k,0.026147033657016195
Ford Escape,2017,68062,16990,19376.448,125,6,4-6,60-80k,-0.6043355481268082
Nissan Altima,2017,23588,19990,19293.97340425532,188,6,4-6,20-40k,-0.22604599905651357
Nissan Versa,2015,85549,13590,15995.263157894737,95,8,6-8,80-100k,-1.0330637037398087
Hyundai Sonata,2013,20875,16590,16759.738562091505,153,10,8-10,20-40k,-0.6547741546695142
Buick Encore,2019,33259,20590,18820.149425287356,87,4,2-4,20-40k,-0.15038808924245464
FIAT  Spider,2017,24212,22990,24176.666666666668,15,6,4-6,20-40k,0.15224355001378106
Volkswagen Passat,2017,70741,18990,18311.052631578947,76,6,4-6,60-80k,-0.35214251541327846
Acura RDX,2011,97867,14990,24947.275862068964,29,12,10-15,80-100k,-0.856528580840338
Honda Accord,2012,29536,18990,20338.34351145038,131,11,10-15,20-40k,-0.35214251541327846
Chevrolet Cruze Limited,2016,57721,14990,14818.57142857143,14,7,6-8,40-60k,-0.856528580840338
Hyundai Sonata,2017,87628,15990,16759.738562091505,153,6,4-6,80-100k,-0.7304320644835731
Chevrolet Camaro,2011,25110,19990,26673.675324675325,77,12,10-15,20-40k,-0.22604599905651357
Lexus ES,2013,96339,19590,26148.61111111111,36,10,8-10,80-100k,-0.2764846055992195
Nissan Frontier Crew Cab,2016,57642,22990,26840.0,16,7,6-8,40-60k,0.15224355001378106
Hyundai Accent,2012,98373,12590,15905.254237288136,59,11,10-15,80-100k,-1.1591602200965736
Honda Civic,2015,96684,16590,18925.32380952381,210,8,6-8,80-100k,-0.6547741546695142
Toyota Camry,2018,45770,21990,20721.41134751773,141,5,4-6,40-60k,0.026147033657016195
Kia Optima,2017,48412,17990,17867.048076923078,104,6,4-6,40-60k,-0.47823903177004334
BMW  Series,2011,42869,24590,25277.301587301587,126,12,10-15,40-60k,0.3539979761846049
Honda HR-V,2021,9286,24990,22338.0,43,2,0-2,0-20k,0.4044365827273108
Acura MDX,2010,98825,16590,23334.444444444445,18,13,10-15,80-100k,-0.6547741546695142
Kia Sorento,2011,90805,14590,21217.59405940594,101,12,10-15,80-100k,-0.9069671873830439
Toyota Prius c,2014,60901,17990,17890.0,16,9,8-10,60-80k,-0.47823903177004334
Nissan Rogue Sport,2019,37208,20990,20399.048387096773,62,4,2-4,20-40k,-0.09994948269974868
Acura RDX,2012,48897,19990,24947.275862068964,29,11,10-15,40-60k,-0.22604599905651357
Honda Accord,2014,66197,18990,20338.34351145038,131,9,8-10,60-80k,-0.35214251541327846
FIAT L,2014,21077,16590,16690.0,12,9,8-10,20-40k,-0.6547741546695142
Toyota Camry,2019,19796,24590,20721.41134751773,141,4,2-4,0-20k,0.3539979761846049
Kia Niro,2019,27189,24990,23530.0,10,4,2-4,20-40k,0.4044365827273108
Ford Explorer,2015,105432,17590,24112.425531914894,47,8,6-8,100-130k,-0.5286776383127493
Toyota Prius,2012,83690,16590,19496.666666666668,60,11,10-15,80-100k,-0.6547741546695142
Kia Forte,2017,62588,15990,17017.92156862745,102,6,4-6,60-80k,-0.7304320644835731
BMW  Series,2012,51742,21990,25277.301587301587,126,11,10-15,40-60k,0.026147033657016195
Hyundai Sonata,2010,51793,13990,16759.738562091505,153,13,10-15,40-60k,-0.9826250971971029
Lincoln MKS,2013,69324,16990,17230.0,5,10,8-10,60-80k,-0.6043355481268082
Honda Civic,2015,78451,16590,18925.32380952381,210,8,6-8,60-80k,-0.6547741546695142
Hyundai Accent,2017,45424,14990,15905.254237288136,59,6,4-6,40-60k,-0.856528580840338
Nissan Altima,2015,23794,18990,19293.97340425532,188,8,6-8,20-40k,-0.35214251541327846
Nissan Altima,2015,31618,17590,19293.97340425532,188,8,6-8,20-40k,-0.5286776383127493
Chevrolet Cruze,2017,39976,17990,15992.5,80,6,4-6,20-40k,-0.47823903177004334
Nissan Sentra,2017,59223,14990,17151.21551724138,116,6,4-6,40-60k,-0.856528580840338
Hyundai Elantra,2012,67040,13990,17041.33846153846,195,11,10-15,60-80k,-0.9826250971971029
Nissan Rogue,2018,34701,20990,20382.880165289258,242,5,4-6,20-40k,-0.09994948269974868
Jeep Compass,2019,21544,23590,20590.543103448275,116,4,2-4,20-40k,0.22790145982784
Volkswagen Golf,2011,87853,13990,17881.666666666668,24,12,10-15,80-100k,-0.9826250971971029
BMW  Series,2016,58030,23590,25277.301587301587,126,7,6-8,40-60k,0.22790145982784
Ford C-MAX Hybrid,2015,101819,14990,14990.0,1,8,6-8,100-130k,-0.856528580840338
Ford Fusion,2018,59585,18990,18113.032,125,5,4-6,40-60k,-0.35214251541327846
Chevrolet Sonic,2012,30876,13990,14630.90909090909,44,11,10-15,20-40k,-0.9826250971971029
Hyundai Sonata,2016,85754,15990,16759.738562091505,153,7,6-8,80-100k,-0.7304320644835731
Nissan Quest,2014,101285,15990,16390.0,3,9,8-10,100-130k,-0.7304320644835731
Chevrolet Equinox,2011,89368,14590,19319.105263157893,171,12,10-15,80-100k,-0.9069671873830439
Honda CR-V,2012,69993,17990,21022.757009345794,107,11,10-15,60-80k,-0.47823903177004334
Dodge Avenger,2013,95419,13590,13670.0,5,10,8-10,80-100k,-1.0330637037398087
Honda Accord,2015,30047,20990,20338.34351145038,131,8,6-8,20-40k,-0.09994948269974868
Nissan Armada,2015,85994,21990,30834.555555555555,9,8,6-8,80-100k,0.026147033657016195
Chevrolet Captiva Sport,2012,64133,15990,15123.333333333334,6,11,10-15,60-80k,-0.7304320644835731
Lincoln MKS,2013,44932,17990,17230.0,5,10,8-10,40-60k,-0.47823903177004334
MAZDA CX-,2013,104772,15590,23001.7,140,10,8-10,100-130k,-0.780870671026279
MAZDA MAZDA,2016,20594,20990,17840.6338028169,142,7,6-8,20-40k,-0.09994948269974868
Ford Fusion,2014,93893,14990,18113.032,125,9,8-10,80-100k,-0.856528580840338
Chevrolet Equinox,2015,74520,16990,19319.105263157893,171,8,6-8,60-80k,-0.6043355481268082
Jeep Cherokee,2019,34222,23590,21467.63829787234,141,4,2-4,20-40k,0.22790145982784
Nissan Rogue Sport,2017,57914,18590,20399.048387096773,62,6,4-6,40-60k,-0.4025811219559844
Chevrolet Camaro,2014,26965,24590,26673.675324675325,77,9,8-10,20-40k,0.3539979761846049
Buick Enclave,2016,66472,23590,25804.4,25,7,6-8,60-80k,0.22790145982784
Hyundai Elantra,2017,46508,17590,17041.33846153846,195,6,4-6,40-60k,-0.5286776383127493
Volkswagen Jetta,2018,50369,17590,17068.442477876106,113,5,4-6,40-60k,-0.5286776383127493
Honda Civic,2012,62617,14990,18925.32380952381,210,11,10-15,60-80k,-0.856528580840338
Chevrolet Impala,2014,76966,17590,20195.8,40,9,8-10,60-80k,-0.5286776383127493
Kia Soul,2016,92885,14990,17106.064516129034,124,7,6-8,80-100k,-0.856528580840338
Hyundai Santa Fe Sport,2013,101602,15990,18512.222222222223,36,10,8-10,100-130k,-0.7304320644835731
Buick Encore,2016,56418,16590,18820.149425287356,87,7,6-8,40-60k,-0.6547741546695142
Volkswagen Golf,2015,88289,14990,17881.666666666668,24,8,6-8,80-100k,-0.856528580840338
Ford Escape,2017,93424,14990,19376.448,125,6,4-6,80-100k,-0.856528580840338
Honda Civic,2018,41104,20990,18925.32380952381,210,5,4-6,40-60k,-0.09994948269974868
BMW Z,2009,75714,21990,28390.0,6,14,10-15,60-80k,0.026147033657016195
Audi S,2011,51654,24590,26030.0,5,12,10-15,40-60k,0.3539979761846049
Acura MDX,2015,83298,24990,23334.444444444445,18,8,6-8,80-100k,0.4044365827273108
BMW X,2016,65274,22990,28257.918032786885,61,7,6-8,60-80k,0.15224355001378106
Chrysler Sebring,2010,61229,11990,11990.0,2,13,10-15,60-80k,-1.2348181299106327
Honda Civic,2012,68050,14990,18925.32380952381,210,11,10-15,60-80k,-0.856528580840338
Honda HR-V,2016,4637,23990,22338.0,43,7,6-8,0-20k,0.278340066370546
Honda Civic,2010,95307,12990,18925.32380952381,210,13,10-15,80-100k,-1.1087216135538678
Honda Civic,2014,60468,15990,18925.32380952381,210,9,8-10,60-80k,-0.7304320644835731
Honda Civic,2015,96039,16990,18925.32380952381,210,8,6-8,80-100k,-0.6043355481268082
Ford Edge,2014,74924,17590,20629.243243243243,74,9,8-10,60-80k,-0.5286776383127493
Ford Fusion,2014,77363,15990,18113.032,125,9,8-10,60-80k,-0.7304320644835731
Buick Encore,2016,54070,16990,18820.149425287356,87,7,6-8,40-60k,-0.6043355481268082
Toyota Camry,2014,74587,16990,20721.41134751773,141,9,8-10,60-80k,-0.6043355481268082
Ford Fusion,2016,57819,16990,18113.032,125,7,6-8,40-60k,-0.6043355481268082
Jeep Renegade,2019,39343,21990,20176.3661971831,71,4,2-4,20-40k,0.026147033657016195
Toyota RAV,2010,64653,15990,23160.708333333332,72,13,10-15,60-80k,-0.7304320644835731
Kia Optima,2018,37993,24590,17867.048076923078,104,5,4-6,20-40k,0.3539979761846049
Honda Accord,2013,57944,19990,20338.34351145038,131,10,8-10,40-60k,-0.22604599905651357
Ford Focus,2014,45812,13990,14996.451612903225,93,9,8-10,40-60k,-0.9826250971971029
Hyundai Azera,2014,85475,16990,19023.333333333332,6,9,8-10,80-100k,-0.6043355481268082
Chevrolet Equinox,2018,90230,17590,19319.105263157893,171,5,4-6,80-100k,-0.5286776383127493
Buick Encore,2017,37747,20990,18820.149425287356,87,6,4-6,20-40k,-0.09994948269974868
Kia Sportage,2017,45245,18990,20804.091954022988,87,6,4-6,40-60k,-0.35214251541327846
Hyundai Elantra,2018,58100,17590,17041.33846153846,195,5,4-6,40-60k,-0.5286776383127493
Chevrolet Cruze,2015,92977,14590,15992.5,80,8,6-8,80-100k,-0.9069671873830439
Hyundai Elantra,2017,77379,14990,17041.33846153846,195,6,4-6,60-80k,-0.856528580840338
Hyundai Santa Fe Sport,2018,25477,22990,18512.222222222223,36,5,4-6,20-40k,0.15224355001378106
Chrysler,2016,17738,23990,20993.80612244898,98,7,6-8,0-20k,0.278340066370546
Chevrolet Equinox,2016,20109,20990,19319.105263157893,171,7,6-8,20-40k,-0.09994948269974868
Cadillac CTS,2011,45191,16990,22603.333333333332,15,12,10-15,40-60k,-0.6043355481268082
Acura RDX,2017,49495,24990,24947.275862068964,29,6,4-6,40-60k,0.4044365827273108
Honda CR-V,2016,52037,20990,21022.757009345794,107,7,6-8,40-60k,-0.09994948269974868
Hyundai Elantra,2014,92167,12590,17041.33846153846,195,9,8-10,80-100k,-1.1591602200965736
Honda Civic,2013,25589,17590,18925.32380952381,210,10,8-10,20-40k,-0.5286776383127493
MAZDA CX-,2015,23595,22590,23001.7,140,8,6-8,20-40k,0.10180494347107512
Buick Verano,2012,86259,13990,16710.0,15,11,10-15,80-100k,-0.9826250971971029
Lincoln MKX,2012,89251,16990,22950.0,10,11,10-15,80-100k,-0.6043355481268082
MINI Convertible,2015,41200,20990,21253.157894736843,19,8,6-8,40-60k,-0.09994948269974868
Honda Civic,2011,93876,13590,18925.32380952381,210,12,10-15,80-100k,-1.0330637037398087
Nissan Altima,2015,39423,17590,19293.97340425532,188,8,6-8,20-40k,-0.5286776383127493
Toyota Prius v,2012,33744,21990,19140.0,12,11,10-15,20-40k,0.026147033657016195
Acura RDX,2013,74000,18990,24947.275862068964,29,10,8-10,60-80k,-0.35214251541327846
Nissan Maxima,2016,67191,22990,24153.521739130436,23,7,6-8,60-80k,0.15224355001378106
Volvo S,2018,109429,19590,22542.380952380954,21,5,4-6,100-130k,-0.2764846055992195
Kia Optima,2009,58503,12990,17867.048076923078,104,14,10-15,40-60k,-1.1087216135538678
Toyota Corolla,2012,47428,16590,18560.486988847584,269,11,10-15,40-60k,-0.6547741546695142
Toyota Corolla,2019,31244,20590,18560.486988847584,269,4,2-4,20-40k,-0.15038808924245464
Dodge Grand Caravan Passenger,2018,79111,19990,18365.342465753423,73,5,4-6,60-80k,-0.22604599905651357
Nissan Rogue,2017,31799,21590,20382.880165289258,242,6,4-6,20-40k,-0.02429157288568976
Kia Soul,2013,50033,14990,17106.064516129034,124,10,8-10,40-60k,-0.856528580840338
Hyundai Santa Fe Sport,2013,67190,16990,18512.222222222223,36,10,8-10,60-80k,-0.6043355481268082
Hyundai Sonata,2013,51140,14590,16759.738562091505,153,10,8-10,40-60k,-0.9069671873830439
Hyundai Elantra,2017,11065,18990,17041.33846153846,195,6,4-6,0-20k,-0.35214251541327846
MAZDA MAZDA,2015,84856,16590,17840.6338028169,142,8,6-8,80-100k,-0.6547741546695142
Toyota Corolla,2022,2029,24990,18560.486988847584,269,1,0-2,0-20k,0.4044365827273108
Honda Civic,2019,18154,24990,18925.32380952381,210,4,2-4,0-20k,0.4044365827273108
Nissan Rogue,2016,65321,17990,20382.880165289258,242,7,6-8,60-80k,-0.47823903177004334
Acura TSX,2012,80144,15990,15950.0,10,11,10-15,80-100k,-0.7304320644835731
Honda CR-V,2013,44971,19590,21022.757009345794,107,10,8-10,40-60k,-0.2764846055992195
MINI Countryman,2012,78371,14990,19147.14285714286,42,11,10-15,60-80k,-0.856528580840338
Chevrolet Spark,2017,49156,15590,15980.290909090909,55,6,4-6,40-60k,-0.780870671026279
MAZDA MAZDA,2012,58953,14590,17840.6338028169,142,11,10-15,40-60k,-0.9069671873830439
Toyota Corolla,2020,29701,22990,18560.486988847584,269,3,2-4,20-40k,0.15224355001378106
Hyundai Elantra,2015,90086,12990,17041.33846153846,195,8,6-8,80-100k,-1.1087216135538678
Kia Sorento,2016,75173,17590,21217.59405940594,101,7,6-8,60-80k,-0.5286776383127493
Volkswagen Tiguan,2014,66391,15990,20451.456140350878,57,9,8-10,60-80k,-0.7304320644835731
Nissan Sentra,2019,63204,19590,17151.21551724138,116,4,2-4,60-80k,-0.2764846055992195
Hyundai Sonata,2018,100904,17990,16759.738562091505,153,5,4-6,100-130k,-0.47823903177004334
MAZDA CX-,2016,75019,18990,23001.7,140,7,6-8,60-80k,-0.35214251541327846
Hyundai Santa Fe Sport,2014,55298,18590,18512.222222222223,36,9,8-10,40-60k,-0.4025811219559844
Chevrolet Sonic,2017,79132,13990,14630.90909090909,44,6,4-6,60-80k,-0.9826250971971029
Lincoln MKS,2014,83439,16590,17230.0,5,9,8-10,80-100k,-0.6547741546695142
Toyota Camry,2013,52475,19590,20721.41134751773,141,10,8-10,40-60k,-0.2764846055992195
Nissan Sentra,2018,41849,16990,17151.21551724138,116,5,4-6,40-60k,-0.6043355481268082
Toyota Corolla,2017,46653,17990,18560.486988847584,269,6,4-6,40-60k,-0.47823903177004334
Toyota Camry,2010,43925,14590,20721.41134751773,141,13,10-15,40-60k,-0.9069671873830439
Chevrolet Equinox,2016,46680,18990,19319.105263157893,171,7,6-8,40-60k,-0.35214251541327846
Nissan Altima,2016,86203,16590,19293.97340425532,188,7,6-8,80-100k,-0.6547741546695142
Nissan Altima,2017,53002,18990,19293.97340425532,188,6,4-6,40-60k,-0.35214251541327846
Honda Odyssey,2012,79527,19990,26213.423076923078,26,11,10-15,60-80k,-0.22604599905651357
Honda Civic,2015,25564,18590,18925.32380952381,210,8,6-8,20-40k,-0.4025811219559844
Ford Fusion,2014,50636,15990,18113.032,125,9,8-10,40-60k,-0.7304320644835731
Hyundai Kona,2021,23783,22590,22149.1,30,2,0-2,20-40k,0.10180494347107512
Dodge Charger,2015,42307,21990,27191.571428571428,35,8,6-8,40-60k,0.026147033657016195
Acura TSX,2012,93831,15590,15950.0,10,11,10-15,80-100k,-0.780870671026279
Kia Forte,2017,56543,16990,17017.92156862745,102,6,4-6,40-60k,-0.6043355481268082
Hyundai Sonata,2012,103714,12990,16759.738562091505,153,11,10-15,100-130k,-1.1087216135538678
Jeep Compass,2014,101489,14590,20590.543103448275,116,9,8-10,100-130k,-0.9069671873830439
Buick LaCrosse,2011,26011,16990,18705.78947368421,19,12,10-15,20-40k,-0.6043355481268082
Dodge Grand Caravan Passenger,2017,70933,17990,18365.342465753423,73,6,4-6,60-80k,-0.47823903177004334
Dodge Journey,2015,67366,14990,19075.328125,64,8,6-8,60-80k,-0.856528580840338
BMW i,2016,43599,20990,20447.894736842107,38,7,6-8,40-60k,-0.09994948269974868
Dodge Grand Caravan Passenger,2017,94012,15990,18365.342465753423,73,6,4-6,80-100k,-0.7304320644835731
Jeep Compass,2019,27522,22990,20590.543103448275,116,4,2-4,20-40k,0.15224355001378106
Buick Verano,2013,30746,16990,16710.0,15,10,8-10,20-40k,-0.6043355481268082
Toyota Prius v,2013,81023,17590,19140.0,12,10,8-10,80-100k,-0.5286776383127493
Kia Soul,2022,2342,23990,17106.064516129034,124,1,0-2,0-20k,0.278340066370546
MAZDA MAZDA,2012,84986,13590,17840.6338028169,142,11,10-15,80-100k,-1.0330637037398087
BMW  Series,2011,30309,20990,25277.301587301587,126,12,10-15,20-40k,-0.09994948269974868
Ford Fiesta,2016,46719,13990,14645.737704918032,61,7,6-8,40-60k,-0.9826250971971029
INFINITI Q,2014,84923,19990,25347.133333333335,30,9,8-10,80-100k,-0.22604599905651357
Toyota Avalon,2014,91656,18590,23526.363636363636,22,9,8-10,80-100k,-0.4025811219559844
Volvo S,2012,88304,14590,22542.380952380954,21,11,10-15,80-100k,-0.9069671873830439
Ford Fusion,2017,70734,21990,18113.032,125,6,4-6,60-80k,0.026147033657016195
Lexus IS,2014,46969,24990,23340.0,28,9,8-10,40-60k,0.4044365827273108
Kia Sorento,2013,80961,14990,21217.59405940594,101,10,8-10,80-100k,-0.856528580840338
Honda CR-V,2012,95101,16590,21022.757009345794,107,11,10-15,80-100k,-0.6547741546695142
Toyota Corolla,2013,75122,14990,18560.486988847584,269,10,8-10,60-80k,-0.856528580840338
Toyota Corolla,2013,79717,14990,18560.486988847584,269,10,8-10,60-80k,-0.856528580840338
Toyota Camry,2014,102513,15590,20721.41134751773,141,9,8-10,100-130k,-0.780870671026279
Hyundai Sonata,2015,101326,13590,16759.738562091505,153,8,6-8,100-130k,-1.0330637037398087
Jeep Grand Cherokee,2014,100861,17990,23092.367346938776,49,9,8-10,100-130k,-0.47823903177004334
MAZDA MAZDA,2012,32623,18590,17840.6338028169,142,11,10-15,20-40k,-0.4025811219559844
Honda Civic,2012,89093,13990,18925.32380952381,210,11,10-15,80-100k,-0.9826250971971029
Toyota Corolla,2010,85704,13590,18560.486988847584,269,13,10-15,80-100k,-1.0330637037398087
Jeep Compass,2018,54005,20990,20590.543103448275,116,5,4-6,40-60k,-0.09994948269974868
Volkswagen Jetta,2021,13689,22990,17068.442477876106,113,2,0-2,0-20k,0.15224355001378106
Chevrolet Cruze,2014,68184,13590,15992.5,80,9,8-10,60-80k,-1.0330637037398087
Toyota Camry,2015,23243,21590,20721.41134751773,141,8,6-8,20-40k,-0.02429157288568976
Hyundai Elantra,2015,13953,17990,17041.33846153846,195,8,6-8,0-20k,-0.47823903177004334
Jeep Compass,2020,23038,23590,20590.543103448275,116,3,2-4,20-40k,0.22790145982784
Hyundai Sonata,2015,100534,13990,16759.738562091505,153,8,6-8,100-130k,-0.9826250971971029
Dodge Grand Caravan Passenger,2018,67121,20590,18365.342465753423,73,5,4-6,60-80k,-0.15038808924245464
Dodge Journey,2017,73807,15990,19075.328125,64,6,4-6,60-80k,-0.7304320644835731
Chevrolet Spark,2019,15170,16990,15980.290909090909,55,4,2-4,0-20k,-0.6043355481268082
Toyota Camry,2016,104052,16990,20721.41134751773,141,7,6-8,100-130k,-0.6043355481268082
FIAT  Spider,2018,22398,24990,24176.666666666668,15,5,4-6,20-40k,0.4044365827273108
Honda Civic,2014,67244,15990,18925.32380952381,210,9,8-10,60-80k,-0.7304320644835731
Toyota Yaris,2019,41854,19590,16685.238095238095,21,4,2-4,40-60k,-0.2764846055992195
Nissan Rogue,2016,12649,20990,20382.880165289258,242,7,6-8,0-20k,-0.09994948269974868
Chevrolet Cruze Limited,2016,55278,14990,14818.57142857143,14,7,6-8,40-60k,-0.856528580840338
Chevrolet Equinox,2014,85773,14990,19319.105263157893,171,9,8-10,80-100k,-0.856528580840338
Chevrolet Equinox,2014,27588,18990,19319.105263157893,171,9,8-10,20-40k,-0.35214251541327846
Chrysler,2016,29694,17990,20993.80612244898,98,7,6-8,20-40k,-0.47823903177004334
Volkswagen CC,2016,61945,18990,16275.714285714286,14,7,6-8,60-80k,-0.35214251541327846
Hyundai Elantra,2012,72309,12990,17041.33846153846,195,11,10-15,60-80k,-1.1087216135538678
Toyota Corolla,2015,95989,14990,18560.486988847584,269,8,6-8,80-100k,-0.856528580840338
Toyota Camry,2018,23094,23590,20721.41134751773,141,5,4-6,20-40k,0.22790145982784
Hyundai Sonata,2012,87835,14990,16759.738562091505,153,11,10-15,80-100k,-0.856528580840338
Scion tC,2016,47199,19990,17480.909090909092,11,7,6-8,40-60k,-0.22604599905651357
Nissan Rogue,2014,54695,16990,20382.880165289258,242,9,8-10,40-60k,-0.6043355481268082
Hyundai Elantra,2015,17433,16990,17041.33846153846,195,8,6-8,0-20k,-0.6043355481268082
Acura ILX,2014,76067,17990,19567.777777777777,9,9,8-10,60-80k,-0.47823903177004334
Chevrolet Trax,2019,39031,18590,18076.951219512193,82,4,2-4,20-40k,-0.4025811219559844
Jeep Patriot,2017,87518,16990,16252.5,48,6,4-6,80-100k,-0.6043355481268082
Chrysler,2016,69349,21590,20993.80612244898,98,7,6-8,60-80k,-0.02429157288568976
Toyota Sienna,2011,93681,16990,31905.78947368421,38,12,10-15,80-100k,-0.6043355481268082
FIAT  Spider,2017,83893,18590,24176.666666666668,15,6,4-6,80-100k,-0.4025811219559844
Chevrolet Volt,2013,43285,16990,18150.0,25,10,8-10,40-60k,-0.6043355481268082
Jeep Patriot,2014,56545,15990,16252.5,48,9,8-10,40-60k,-0.7304320644835731
Hyundai Ioniq Hybrid,2019,45885,21990,23423.333333333332,6,4,2-4,40-60k,0.026147033657016195
Toyota Corolla,2012,34820,17590,18560.486988847584,269,11,10-15,20-40k,-0.5286776383127493
Mercedes-Benz R-Class,2012,70256,20990,20990.0,1,11,10-15,60-80k,-0.09994948269974868
Chevrolet Trax,2016,32782,16990,18076.951219512193,82,7,6-8,20-40k,-0.6043355481268082
Nissan Altima,2010,80086,12590,19293.97340425532,188,13,10-15,80-100k,-1.1591602200965736
Honda Civic,2012,62853,15990,18925.32380952381,210,11,10-15,60-80k,-0.7304320644835731
Scion iA,2016,54351,14990,14790.0,4,7,6-8,40-60k,-0.856528580840338
Kia Sportage,2017,29468,19990,20804.091954022988,87,6,4-6,20-40k,-0.22604599905651357
Lexus HS,2010,85069,16590,17590.0,3,13,10-15,80-100k,-0.6547741546695142
Chevrolet Volt,2012,59036,15990,18150.0,25,11,10-15,40-60k,-0.7304320644835731
Kia Forte,2019,67529,18590,17017.92156862745,102,4,2-4,60-80k,-0.4025811219559844
Honda CR-V,2012,57841,18590,21022.757009345794,107,11,10-15,40-60k,-0.4025811219559844
Chevrolet Cruze Limited,2016,69997,14590,14818.57142857143,14,7,6-8,60-80k,-0.9069671873830439
Jeep Compass,2019,69401,20590,20590.543103448275,116,4,2-4,60-80k,-0.15038808924245464
Kia Soul,2015,99188,12990,17106.064516129034,124,8,6-8,80-100k,-1.1087216135538678
MAZDA MAZDA,2012,86776,14590,17840.6338028169,142,11,10-15,80-100k,-0.9069671873830439
Volkswagen Passat,2018,30384,22990,18311.052631578947,76,5,4-6,20-40k,0.15224355001378106
Ford Fusion,2019,49944,19590,18113.032,125,4,2-4,40-60k,-0.2764846055992195
BMW i,2014,57380,17590,20447.894736842107,38,9,8-10,40-60k,-0.5286776383127493
Nissan LEAF,2014,31284,14990,19142.63157894737,38,9,8-10,20-40k,-0.856528580840338
Hyundai Elantra,2013,83871,14590,17041.33846153846,195,10,8-10,80-100k,-0.9069671873830439
Ford Focus,2014,45148,15590,14996.451612903225,93,9,8-10,40-60k,-0.780870671026279
Toyota Prius,2017,58304,24990,19496.666666666668,60,6,4-6,40-60k,0.4044365827273108
Volkswagen Passat,2016,79013,15590,18311.052631578947,76,7,6-8,60-80k,-0.780870671026279
Jeep Compass,2015,60997,16990,20590.543103448275,116,8,6-8,60-80k,-0.6043355481268082
Honda Accord,2017,89572,19990,20338.34351145038,131,6,4-6,80-100k,-0.22604599905651357
Jeep Renegade,2016,52347,21990,20176.3661971831,71,7,6-8,40-60k,0.026147033657016195
Kia Forte Koup,2016,84168,15590,16190.0,3,7,6-8,80-100k,-0.780870671026279
Toyota Corolla,2015,86661,15590,18560.486988847584,269,8,6-8,80-100k,-0.780870671026279
Chevrolet Camaro,2018,63827,24590,26673.675324675325,77,5,4-6,60-80k,0.3539979761846049
Lincoln MKZ,2014,95785,15590,21467.777777777777,18,9,8-10,80-100k,-0.780870671026279
MAZDA CX-,2013,97203,16590,23001.7,140,10,8-10,80-100k,-0.6547741546695142
Jeep Compass,2019,41151,22590,20590.543103448275,116,4,2-4,40-60k,0.10180494347107512
Toyota Prius c,2014,77147,16590,17890.0,16,9,8-10,60-80k,-0.6547741546695142
Volkswagen Passat,2017,56902,19990,18311.052631578947,76,6,4-6,40-60k,-0.22604599905651357
Nissan Sentra,2017,67474,14590,17151.21551724138,116,6,4-6,60-80k,-0.9069671873830439
Hyundai Santa Fe Sport,2018,35575,22990,18512.222222222223,36,5,4-6,20-40k,0.15224355001378106
FIAT X,2017,46057,16590,17755.217391304348,23,6,4-6,40-60k,-0.6547741546695142
Chevrolet Spark,2017,52999,14990,15980.290909090909,55,6,4-6,40-60k,-0.856528580840338
Lexus ES,2011,53218,18990,26148.61111111111,36,12,10-15,40-60k,-0.35214251541327846
Hyundai Tucson,2014,97927,14990,20007.2,70,9,8-10,80-100k,-0.856528580840338
Chevrolet Malibu,2014,66644,17990,19288.927536231884,69,9,8-10,60-80k,-0.47823903177004334
Dodge Grand Caravan Passenger,2014,98056,14990,18365.342465753423,73,9,8-10,80-100k,-0.856528580840338
Toyota Corolla,2020,39378,20990,18560.486988847584,269,3,2-4,20-40k,-0.09994948269974868
Toyota Camry,2011,104773,13590,20721.41134751773,141,12,10-15,100-130k,-1.0330637037398087
Volkswagen Jetta SportWagen,2013,55486,16990,16603.333333333332,15,10,8-10,40-60k,-0.6043355481268082
Chrysler,2013,44030,18590,20993.80612244898,98,10,8-10,40-60k,-0.4025811219559844
Mitsubishi Outlander Sport,2019,40406,19590,18771.48148148148,54,4,2-4,40-60k,-0.2764846055992195
Hyundai Elantra,2018,32348,18990,17041.33846153846,195,5,4-6,20-40k,-0.35214251541327846
MAZDA CX-,2017,83116,19990,23001.7,140,6,4-6,80-100k,-0.22604599905651357
Dodge Journey,2018,47296,20590,19075.328125,64,5,4-6,40-60k,-0.15038808924245464
Kia Soul,2014,80381,13590,17106.064516129034,124,9,8-10,80-100k,-1.0330637037398087
Volkswagen e-Golf,2016,26929,19590,19099.090909090908,11,7,6-8,20-40k,-0.2764846055992195
Hyundai Accent,2015,97500,12590,15905.254237288136,59,8,6-8,80-100k,-1.1591602200965736
MAZDA MAZDA,2018,62541,19590,17840.6338028169,142,5,4-6,60-80k,-0.2764846055992195
Honda Civic,2016,79464,20590,18925.32380952381,210,7,6-8,60-80k,-0.15038808924245464
Nissan Sentra,2022,19341,23590,17151.21551724138,116,1,0-2,0-20k,0.22790145982784
Lincoln MKS,2013,46560,17990,17230.0,5,10,8-10,40-60k,-0.47823903177004334
Chevrolet Cruze,2017,68015,16990,15992.5,80,6,4-6,60-80k,-0.6043355481268082
Honda Civic,2017,23990,22590,18925.32380952381,210,6,4-6,20-40k,0.10180494347107512
Mitsubishi Outlander Sport,2014,93269,14590,18771.48148148148,54,9,8-10,80-100k,-0.9069671873830439
Chevrolet Equinox,2014,70224,15590,19319.105263157893,171,9,8-10,60-80k,-0.780870671026279
Honda HR-V,2019,67814,20990,22338.0,43,4,2-4,60-80k,-0.09994948269974868
Honda Pilot,2011,99407,17990,25763.433333333334,30,12,10-15,80-100k,-0.47823903177004334
Volkswagen Tiguan,2020,29746,23990,20451.456140350878,57,3,2-4,20-40k,0.278340066370546
Audi A,2017,72275,22590,24272.608695652172,46,6,4-6,60-80k,0.10180494347107512
Subaru Outback,2017,73096,21590,25362.21153846154,52,6,4-6,60-80k,-0.02429157288568976
Nissan Sentra,2019,62515,16990,17151.21551724138,116,4,2-4,60-80k,-0.6043355481268082
Hyundai Elantra,2018,28258,18590,17041.33846153846,195,5,4-6,20-40k,-0.4025811219559844
Honda Accord,2014,49917,19990,20338.34351145038,131,9,8-10,40-60k,-0.22604599905651357
Ford Fiesta,2018,20085,17990,14645.737704918032,61,5,4-6,20-40k,-0.47823903177004334
Honda Civic,2016,51048,19590,18925.32380952381,210,7,6-8,40-60k,-0.2764846055992195
Ford Fusion,2020,36549,22590,18113.032,125,3,2-4,20-40k,0.10180494347107512
Hyundai Sonata,2016,103995,14990,16759.738562091505,153,7,6-8,100-130k,-0.856528580840338
Kia Soul,2021,34359,19990,17106.064516129034,124,2,0-2,20-40k,-0.22604599905651357
Dodge Grand Caravan Passenger,2018,91176,17590,18365.342465753423,73,5,4-6,80-100k,-0.5286776383127493
BMW X,2013,74797,20590,28257.918032786885,61,10,8-10,60-80k,-0.15038808924245464
Chevrolet Cruze,2017,49606,16990,15992.5,80,6,4-6,40-60k,-0.6043355481268082
Nissan Frontier Crew Cab,2012,32889,22990,26840.0,16,11,10-15,20-40k,0.15224355001378106
Dodge Grand Caravan Passenger,2010,80408,13990,18365.342465753423,73,13,10-15,80-100k,-0.9826250971971029
Honda Civic,2012,101404,13990,18925.32380952381,210,11,10-15,100-130k,-0.9826250971971029
Kia Soul,2017,7490,19590,17106.064516129034,124,6,4-6,0-20k,-0.2764846055992195
Mercedes-Benz C-Class,2017,56847,24990,25064.074074074073,27,6,4-6,40-60k,0.4044365827273108
Mercedes-Benz E-Class,2011,53964,22590,24882.30769230769,26,12,10-15,40-60k,0.10180494347107512
MINI Hardtop  Door,2016,51871,16990,20638.64864864865,37,7,6-8,40-60k,-0.6043355481268082
Volkswagen Golf GTI,2016,55778,21990,23106.129032258064,31,7,6-8,40-60k,0.026147033657016195
BMW i,2014,23112,20590,20447.894736842107,38,9,8-10,20-40k,-0.15038808924245464
Lexus ES,2013,47441,22990,26148.61111111111,36,10,8-10,40-60k,0.15224355001378106
Honda Accord,2014,37162,22590,20338.34351145038,131,9,8-10,20-40k,0.10180494347107512
Ford Escape,2018,86469,17590,19376.448,125,5,4-6,80-100k,-0.5286776383127493
Ford EcoSport,2018,58179,17990,19908.256756756757,74,5,4-6,40-60k,-0.47823903177004334
Jeep Compass,2017,36778,24590,20590.543103448275,116,6,4-6,20-40k,0.3539979761846049
Mitsubishi Outlander,2014,39394,17990,20020.0,20,9,8-10,20-40k,-0.47823903177004334
Honda Fit,2012,47102,15990,17112.222222222223,54,11,10-15,40-60k,-0.7304320644835731
Jeep Patriot,2016,62342,16590,16252.5,48,7,6-8,60-80k,-0.6547741546695142
Lincoln MKX,2014,98237,16990,22950.0,10,9,8-10,80-100k,-0.6043355481268082
Jeep Renegade,2018,72399,18590,20176.3661971831,71,5,4-6,60-80k,-0.4025811219559844
Chrysler Town & Country,2010,103387,13990,17956.666666666668,24,13,10-15,100-130k,-0.9826250971971029
Honda Accord,2011,85554,14590,20338.34351145038,131,12,10-15,80-100k,-0.9069671873830439
Ford Focus,2014,65302,14990,14996.451612903225,93,9,8-10,60-80k,-0.856528580840338
BMW  Series,2016,68798,20590,25277.301587301587,126,7,6-8,60-80k,-0.15038808924245464
Hyundai Elantra,2013,9675,17990,17041.33846153846,195,10,8-10,0-20k,-0.47823903177004334
GMC Terrain,2017,43091,20990,21643.57627118644,59,6,4-6,40-60k,-0.09994948269974868
INFINITI Q,2015,76492,20990,25347.133333333335,30,8,6-8,60-80k,-0.09994948269974868
Chevrolet Spark EV,2016,28825,15990,15332.857142857143,14,7,6-8,20-40k,-0.7304320644835731
Kia Sedona,2016,59024,23990,19804.285714285714,14,7,6-8,40-60k,0.278340066370546
Lexus LS,2011,78708,23990,23490.0,2,12,10-15,60-80k,0.278340066370546
Chevrolet Spark,2015,30669,14590,15980.290909090909,55,8,6-8,20-40k,-0.9069671873830439
BMW X,2018,66121,24990,28257.918032786885,61,5,4-6,60-80k,0.4044365827273108
Hyundai Elantra,2018,48582,16990,17041.33846153846,195,5,4-6,40-60k,-0.6043355481268082
Lexus IS,2010,99199,16590,23340.0,28,13,10-15,80-100k,-0.6547741546695142
Honda Civic,2014,91502,15590,18925.32380952381,210,9,8-10,80-100k,-0.780870671026279
Kia Forte,2017,90194,13590,17017.92156862745,102,6,4-6,80-100k,-1.0330637037398087
Chrysler Town & Country,2016,58276,20990,17956.666666666668,24,7,6-8,40-60k,-0.09994948269974868
Volkswagen Golf GTI,2016,79243,20590,23106.129032258064,31,7,6-8,60-80k,-0.15038808924245464
BMW X,2015,60897,19590,28257.918032786885,61,8,6-8,60-80k,-0.2764846055992195
Honda Accord,2014,44484,18590,20338.34351145038,131,9,8-10,40-60k,-0.4025811219559844
Chevrolet Camaro,2012,95285,16990,26673.675324675325,77,11,10-15,80-100k,-0.6043355481268082
Nissan Rogue,2014,83092,15990,20382.880165289258,242,9,8-10,80-100k,-0.7304320644835731
Hyundai Elantra,2017,99863,13990,17041.33846153846,195,6,4-6,80-100k,-0.9826250971971029
Nissan Versa,2015,51086,12990,15995.263157894737,95,8,6-8,40-60k,-1.1087216135538678
Hyundai Tucson,2016,91935,16590,20007.2,70,7,6-8,80-100k,-0.6547741546695142
Dodge Grand Caravan Passenger,2019,76936,18990,18365.342465753423,73,4,2-4,60-80k,-0.35214251541327846
Volkswagen Tiguan Limited,2017,51586,19590,18865.0,8,6,4-6,40-60k,-0.2764846055992195
MINI Hardtop  Door,2015,68388,15990,20638.64864864865,37,8,6-8,60-80k,-0.7304320644835731
Volkswagen Jetta,2013,64528,14590,17068.442477876106,113,10,8-10,60-80k,-0.9069671873830439
MINI Countryman,2014,49007,19990,19147.14285714286,42,9,8-10,40-60k,-0.22604599905651357
Hyundai Sonata,2014,57965,15590,16759.738562091505,153,9,8-10,40-60k,-0.780870671026279
Toyota Yaris,2016,70599,14990,16685.238095238095,21,7,6-8,60-80k,-0.856528580840338
Kia Forte,2012,79186,12990,17017.92156862745,102,11,10-15,60-80k,-1.1087216135538678
Mitsubishi Outlander,2017,84442,17990,20020.0,20,6,4-6,80-100k,-0.47823903177004334
Ford Explorer,2011,92494,16990,24112.425531914894,47,12,10-15,80-100k,-0.6043355481268082
Toyota RAV,2015,92281,18590,23160.708333333332,72,8,6-8,80-100k,-0.4025811219559844
Mitsubishi Outlander,2014,88065,14990,20020.0,20,9,8-10,80-100k,-0.856528580840338
Jeep Patriot,2014,71896,14590,16252.5,48,9,8-10,60-80k,-0.9069671873830439
MINI Convertible,2015,72989,18990,21253.157894736843,19,8,6-8,60-80k,-0.35214251541327846
Honda Accord,2011,63910,14990,20338.34351145038,131,12,10-15,60-80k,-0.856528580840338
Toyota Camry,2017,91483,18590,20721.41134751773,141,6,4-6,80-100k,-0.4025811219559844
Nissan Versa Note,2016,69197,12990,14502.5,16,7,6-8,60-80k,-1.1087216135538678
Subaru Outback,2016,45815,24990,25362.21153846154,52,7,6-8,40-60k,0.4044365827273108
Hyundai Elantra,2018,16258,19990,17041.33846153846,195,5,4-6,0-20k,-0.22604599905651357
Hyundai Elantra,2019,29680,18990,17041.33846153846,195,4,2-4,20-40k,-0.35214251541327846
Honda Civic,2017,53111,21590,18925.32380952381,210,6,4-6,40-60k,-0.02429157288568976
Scion iM,2016,85199,15990,16440.0,8,7,6-8,80-100k,-0.7304320644835731
Nissan Altima,2015,42575,16590,19293.97340425532,188,8,6-8,40-60k,-0.6547741546695142
Subaru Legacy,2010,93015,13590,20081.428571428572,21,13,10-15,80-100k,-1.0330637037398087
Hyundai Elantra,2019,48990,21590,17041.33846153846,195,4,2-4,40-60k,-0.02429157288568976
Nissan Rogue,2016,35179,18990,20382.880165289258,242,7,6-8,20-40k,-0.35214251541327846
Honda CR-V,2015,27370,23990,21022.757009345794,107,8,6-8,20-40k,0.278340066370546
Hyundai Sonata,2012,30077,14990,16759.738562091505,153,11,10-15,20-40k,-0.856528580840338
Volkswagen Jetta,2015,84604,13990,17068.442477876106,113,8,6-8,80-100k,-0.9826250971971029
Nissan Pathfinder,2017,56831,22590,22727.11111111111,36,6,4-6,40-60k,0.10180494347107512
Kia Soul,2019,40759,17590,17106.064516129034,124,4,2-4,40-60k,-0.5286776383127493
Ford Focus,2014,57386,12990,14996.451612903225,93,9,8-10,40-60k,-1.1087216135538678
Toyota Prius,2012,86224,16590,19496.666666666668,60,11,10-15,80-100k,-0.6547741546695142
Toyota Venza,2010,81466,15990,24836.1,10,13,10-15,80-100k,-0.7304320644835731
Lexus ES,2014,45646,23590,26148.61111111111,36,9,8-10,40-60k,0.22790145982784
Hyundai Elantra,2013,88537,13990,17041.33846153846,195,10,8-10,80-100k,-0.9826250971971029
Toyota Camry,2014,73593,16990,20721.41134751773,141,9,8-10,60-80k,-0.6043355481268082
GMC Terrain,2016,59592,19990,21643.57627118644,59,7,6-8,40-60k,-0.22604599905651357
MINI Paceman,2014,96232,15990,16110.0,5,9,8-10,80-100k,-0.7304320644835731
Nissan Sentra,2017,19839,17590,17151.21551724138,116,6,4-6,0-20k,-0.5286776383127493
Toyota Corolla,2021,27571,23590,18560.486988847584,269,2,0-2,20-40k,0.22790145982784
Toyota Camry,2013,77249,16590,20721.41134751773,141,10,8-10,60-80k,-0.6547741546695142
Dodge Journey,2018,83611,16590,19075.328125,64,5,4-6,80-100k,-0.6547741546695142
Toyota Corolla Hatchback,2019,29566,22590,24646.666666666668,9,4,2-4,20-40k,0.10180494347107512
Volkswagen Golf Alltrack,2017,57290,21590,21040.0,4,6,4-6,40-60k,-0.02429157288568976
MINI Hardtop  Door,2016,44777,17990,20638.64864864865,37,7,6-8,40-60k,-0.47823903177004334
Ford Escape,2015,92149,14990,19376.448,125,8,6-8,80-100k,-0.856528580840338
Ford Focus,2015,72407,14590,14996.451612903225,93,8,6-8,60-80k,-0.9069671873830439
Toyota Tacoma Access Cab,2015,85120,20590,26430.0,5,8,6-8,80-100k,-0.15038808924245464
Honda CR-V,2014,84734,17590,21022.757009345794,107,9,8-10,80-100k,-0.5286776383127493
MAZDA CX-,2016,17069,21990,23001.7,140,7,6-8,0-20k,0.026147033657016195
Volkswagen Golf SportWagen,2015,39889,23990,20065.0,8,8,6-8,20-40k,0.278340066370546
Kia Optima,2019,24411,21590,17867.048076923078,104,4,2-4,20-40k,-0.02429157288568976
Honda Fit,2010,95281,12990,17112.222222222223,54,13,10-15,80-100k,-1.1087216135538678
FIAT X,2016,25185,19990,17755.217391304348,23,7,6-8,20-40k,-0.22604599905651357
Hyundai Sonata,2016,105045,14990,16759.738562091505,153,7,6-8,100-130k,-0.856528580840338
GMC Acadia,2015,91714,21990,26526.174603174604,63,8,6-8,80-100k,0.026147033657016195
Lincoln MKC,2018,33747,24990,23724.125,24,5,4-6,20-40k,0.4044365827273108
Volkswagen Jetta,2016,91658,13590,17068.442477876106,113,7,6-8,80-100k,-1.0330637037398087
Toyota Venza,2015,84886,18590,24836.1,10,8,6-8,80-100k,-0.4025811219559844
Audi A,2014,57369,23590,24272.608695652172,46,9,8-10,40-60k,0.22790145982784
Honda Civic,2016,41188,22590,18925.32380952381,210,7,6-8,40-60k,0.10180494347107512
Kia Soul,2016,18344,18590,17106.064516129034,124,7,6-8,0-20k,-0.4025811219559844
Toyota Corolla,2013,67008,15990,18560.486988847584,269,10,8-10,60-80k,-0.7304320644835731
Ford Escape,2015,85044,15590,19376.448,125,8,6-8,80-100k,-0.780870671026279
FIAT,2012,87050,13590,14531.935483870968,31,11,10-15,80-100k,-1.0330637037398087
Nissan Versa,2016,81604,12990,15995.263157894737,95,7,6-8,80-100k,-1.1087216135538678
Hyundai Santa Fe,2012,64601,16990,23761.17391304348,46,11,10-15,60-80k,-0.6043355481268082
Toyota Prius,2010,69113,15990,19496.666666666668,60,13,10-15,60-80k,-0.7304320644835731
smart fortwo electric drive,2018,23039,16590,15123.333333333334,6,5,4-6,20-40k,-0.6547741546695142
Honda Accord,2015,32060,20590,20338.34351145038,131,8,6-8,20-40k,-0.15038808924245464
Hyundai Accent,2015,82795,13590,15905.254237288136,59,8,6-8,80-100k,-1.0330637037398087
Kia Sorento,2014,90275,15590,21217.59405940594,101,9,8-10,80-100k,-0.780870671026279
Lexus ES,2013,41415,23990,26148.61111111111,36,10,8-10,40-60k,0.278340066370546
MAZDA MX- Miata,2010,12632,20990,22241.28205128205,39,13,10-15,0-20k,-0.09994948269974868
Chevrolet Equinox,2013,71551,16590,19319.105263157893,171,10,8-10,60-80k,-0.6547741546695142
Toyota Corolla,2012,54418,15990,18560.486988847584,269,11,10-15,40-60k,-0.7304320644835731
Chevrolet Cruze Limited,2016,60288,14590,14818.57142857143,14,7,6-8,60-80k,-0.9069671873830439
Toyota Corolla,2016,94351,16590,18560.486988847584,269,7,6-8,80-100k,-0.6547741546695142
Nissan Rogue,2018,86047,17990,20382.880165289258,242,5,4-6,80-100k,-0.47823903177004334
Subaru WRX,2016,70941,23590,27034.444444444445,9,7,6-8,60-80k,0.22790145982784
Buick Enclave,2014,82012,18990,25804.4,25,9,8-10,80-100k,-0.35214251541327846
Nissan Rogue Sport,2018,54549,19590,20399.048387096773,62,5,4-6,40-60k,-0.2764846055992195
Chevrolet Trax,2016,79668,14990,18076.951219512193,82,7,6-8,60-80k,-0.856528580840338
Lexus CT,2015,93048,19590,19990.0,8,8,6-8,80-100k,-0.2764846055992195
MINI Countryman,2014,104853,14990,19147.14285714286,42,9,8-10,100-130k,-0.856528580840338
Toyota Camry,2015,87743,16990,20721.41134751773,141,8,6-8,80-100k,-0.6043355481268082
Honda Civic,2012,93598,13990,18925.32380952381,210,11,10-15,80-100k,-0.9826250971971029
Jeep Cherokee,2018,84455,17990,21467.63829787234,141,5,4-6,80-100k,-0.47823903177004334
MAZDA MAZDA,2014,78277,15590,17840.6338028169,142,9,8-10,60-80k,-0.780870671026279
Dodge Dart,2015,83538,13990,15032.105263157895,19,8,6-8,80-100k,-0.9826250971971029
Buick Verano,2013,20375,17590,16710.0,15,10,8-10,20-40k,-0.5286776383127493
Chevrolet Trax,2015,71604,15990,18076.951219512193,82,8,6-8,60-80k,-0.7304320644835731
Jeep Renegade,2016,42344,18590,20176.3661971831,71,7,6-8,40-60k,-0.4025811219559844
Chevrolet Tahoe,2012,94418,22990,35390.0,3,11,10-15,80-100k,0.15224355001378106
Jeep Compass,2017,82520,16990,20590.543103448275,116,6,4-6,80-100k,-0.6043355481268082
Buick Encore,2014,102715,14990,18820.149425287356,87,9,8-10,100-130k,-0.856528580840338
Subaru XV Crosstrek,2013,90054,17590,18790.0,8,10,8-10,80-100k,-0.5286776383127493
Toyota Corolla,2017,96364,16990,18560.486988847584,269,6,4-6,80-100k,-0.6043355481268082
Ford Fusion Energi,2019,38494,24590,21670.0,5,4,2-4,20-40k,0.3539979761846049
Chevrolet Trax,2017,46717,16990,18076.951219512193,82,6,4-6,40-60k,-0.6043355481268082
Ford Fusion,2017,79279,16990,18113.032,125,6,4-6,60-80k,-0.6043355481268082
Toyota C-HR,2019,43622,22990,23407.366666666665,30,4,2-4,40-60k,0.15224355001378106
Toyota Corolla,2015,83975,16590,18560.486988847584,269,8,6-8,80-100k,-0.6547741546695142
Hyundai Elantra,2014,39026,15990,17041.33846153846,195,9,8-10,20-40k,-0.7304320644835731
Nissan LEAF,2018,43420,21590,19142.63157894737,38,5,4-6,40-60k,-0.02429157288568976
Toyota Highlander,2013,80372,19590,26813.875,24,10,8-10,80-100k,-0.2764846055992195
Kia Forte,2017,88642,13990,17017.92156862745,102,6,4-6,80-100k,-0.9826250971971029
Honda Odyssey,2015,73416,23990,26213.423076923078,26,8,6-8,60-80k,0.278340066370546
Volkswagen GTI,2013,102393,15990,17104.285714285714,7,10,8-10,100-130k,-0.7304320644835731
Kia Sedona,2016,62894,21990,19804.285714285714,14,7,6-8,60-80k,0.026147033657016195
Honda Accord,2012,42455,19990,20338.34351145038,131,11,10-15,40-60k,-0.22604599905651357
Hyundai Sonata,2016,97932,15590,16759.738562091505,153,7,6-8,80-100k,-0.780870671026279
Hyundai Elantra,2019,67814,17990,17041.33846153846,195,4,2-4,60-80k,-0.47823903177004334
MAZDA CX-,2019,73325,24990,23001.7,140,4,2-4,60-80k,0.4044365827273108
Kia Optima,2014,87019,14590,17867.048076923078,104,9,8-10,80-100k,-0.9069671873830439
Toyota Corolla,2019,50356,18990,18560.486988847584,269,4,2-4,40-60k,-0.35214251541327846
MAZDA MX- Miata,2016,16049,24590,22241.28205128205,39,7,6-8,0-20k,0.3539979761846049
Nissan Sentra,2016,81323,14990,17151.21551724138,116,7,6-8,80-100k,-0.856528580840338
Honda Odyssey,2012,75336,19990,26213.423076923078,26,11,10-15,60-80k,-0.22604599905651357
Toyota C-HR,2019,29277,23990,23407.366666666665,30,4,2-4,20-40k,0.278340066370546
Toyota Corolla,2014,40034,17590,18560.486988847584,269,9,8-10,40-60k,-0.5286776383127493
Honda Accord,2012,95895,14590,20338.34351145038,131,11,10-15,80-100k,-0.9069671873830439
Volkswagen GTI,2012,85961,16590,17104.285714285714,7,11,10-15,80-100k,-0.6547741546695142
Chevrolet Malibu,2015,42986,17990,19288.927536231884,69,8,6-8,40-60k,-0.47823903177004334
Toyota Prius v,2012,67374,18990,19140.0,12,11,10-15,60-80k,-0.35214251541327846
Honda Fit,2013,83142,14990,17112.222222222223,54,10,8-10,80-100k,-0.856528580840338
MAZDA MAZDA,2013,58103,12990,17840.6338028169,142,10,8-10,40-60k,-1.1087216135538678
Hyundai Sonata,2012,90749,12990,16759.738562091505,153,11,10-15,80-100k,-1.1087216135538678
Nissan Rogue,2016,62293,16990,20382.880165289258,242,7,6-8,60-80k,-0.6043355481268082
Nissan Rogue,2011,102022,13590,20382.880165289258,242,12,10-15,100-130k,-1.0330637037398087
Nissan Versa,2022,2532,23990,15995.263157894737,95,1,0-2,0-20k,0.278340066370546
Jeep Compass,2015,71730,16590,20590.543103448275,116,8,6-8,60-80k,-0.6547741546695142
Hyundai Sonata,2015,66312,16590,16759.738562091505,153,8,6-8,60-80k,-0.6547741546695142
Volkswagen Jetta,2021,15489,22990,17068.442477876106,113,2,0-2,0-20k,0.15224355001378106
Ford Fusion,2019,73979,17990,18113.032,125,4,2-4,60-80k,-0.47823903177004334
Jeep Compass,2018,104725,17590,20590.543103448275,116,5,4-6,100-130k,-0.5286776383127493
Hyundai Elantra,2014,43495,15990,17041.33846153846,195,9,8-10,40-60k,-0.7304320644835731
Chevrolet Equinox,2013,44372,17590,19319.105263157893,171,10,8-10,40-60k,-0.5286776383127493
Volkswagen Passat,2014,36222,16990,18311.052631578947,76,9,8-10,20-40k,-0.6043355481268082
Toyota Prius,2010,101484,15590,19496.666666666668,60,13,10-15,100-130k,-0.780870671026279
Chevrolet Camaro,2013,50100,18990,26673.675324675325,77,10,8-10,40-60k,-0.35214251541327846
Toyota Prius,2014,94500,16990,19496.666666666668,60,9,8-10,80-100k,-0.6043355481268082
Toyota Corolla,2017,15779,19990,18560.486988847584,269,6,4-6,0-20k,-0.22604599905651357
Subaru Forester,2013,64978,17990,20446.25,32,10,8-10,60-80k,-0.47823903177004334
Nissan Altima,2019,51824,23590,19293.97340425532,188,4,2-4,40-60k,0.22790145982784
Kia Soul,2013,59101,13990,17106.064516129034,124,10,8-10,40-60k,-0.9826250971971029
Hyundai Accent,2016,53184,14590,15905.254237288136,59,7,6-8,40-60k,-0.9069671873830439
BMW X,2016,68611,23590,28257.918032786885,61,7,6-8,60-80k,0.22790145982784
Mitsubishi Mirage,2020,32634,15990,15890.0,22,3,2-4,20-40k,-0.7304320644835731
Toyota Camry,2011,57376,15990,20721.41134751773,141,12,10-15,40-60k,-0.7304320644835731
Kia Soul,2012,49201,14990,17106.064516129034,124,11,10-15,40-60k,-0.856528580840338
BMW i,2014,71744,17590,20447.894736842107,38,9,8-10,60-80k,-0.5286776383127493
INFINITI G,2010,36661,21590,18252.5,16,13,10-15,20-40k,-0.02429157288568976
Honda Civic,2020,31493,22990,18925.32380952381,210,3,2-4,20-40k,0.15224355001378106
Toyota Camry,2014,31086,19590,20721.41134751773,141,9,8-10,20-40k,-0.2764846055992195
Jeep Compass,2019,32644,22990,20590.543103448275,116,4,2-4,20-40k,0.15224355001378106
BMW X,2015,37082,21990,28257.918032786885,61,8,6-8,20-40k,0.026147033657016195
Volkswagen Passat,2015,64940,17990,18311.052631578947,76,8,6-8,60-80k,-0.47823903177004334
Chevrolet Camaro,2012,44755,20590,26673.675324675325,77,11,10-15,40-60k,-0.15038808924245464
Volkswagen Golf Alltrack,2017,84978,19990,21040.0,4,6,4-6,80-100k,-0.22604599905651357
Audi A,2013,63236,23590,24272.608695652172,46,10,8-10,60-80k,0.22790145982784
Chrysler,2014,91957,12990,20993.80612244898,98,9,8-10,80-100k,-1.1087216135538678
Toyota Corolla,2015,65754,16990,18560.486988847584,269,8,6-8,60-80k,-0.6043355481268082
Nissan Maxima,2017,54646,22590,24153.521739130436,23,6,4-6,40-60k,0.10180494347107512
Nissan Altima,2019,30773,21590,19293.97340425532,188,4,2-4,20-40k,-0.02429157288568976
Honda CR-V,2016,24166,23990,21022.757009345794,107,7,6-8,20-40k,0.278340066370546
Toyota C-HR,2018,67296,21590,23407.366666666665,30,5,4-6,60-80k,-0.02429157288568976
Toyota Corolla,2010,55872,14590,18560.486988847584,269,13,10-15,40-60k,-0.9069671873830439
Ford Taurus,2016,73277,17590,17145.555555555555,18,7,6-8,60-80k,-0.5286776383127493
Hyundai Ioniq Hybrid,2019,102192,17990,23423.333333333332,6,4,2-4,100-130k,-0.47823903177004334
Ford EcoSport,2019,22367,18990,19908.256756756757,74,4,2-4,20-40k,-0.35214251541327846
Hyundai Elantra,2019,25343,19990,17041.33846153846,195,4,2-4,20-40k,-0.22604599905651357
Volkswagen Tiguan Limited,2017,52880,17990,18865.0,8,6,4-6,40-60k,-0.47823903177004334
Ford Mustang,2019,31330,24990,25856.117647058825,102,4,2-4,20-40k,0.4044365827273108
Chevrolet Spark,2018,23831,15990,15980.290909090909,55,5,4-6,20-40k,-0.7304320644835731
Buick Encore,2017,39096,21990,18820.149425287356,87,6,4-6,20-40k,0.026147033657016195
Honda Accord,2014,42996,19990,20338.34351145038,131,9,8-10,40-60k,-0.22604599905651357
Jeep Compass,2017,63762,16590,20590.543103448275,116,6,4-6,60-80k,-0.6547741546695142
Toyota Corolla,2013,43299,16590,18560.486988847584,269,10,8-10,40-60k,-0.6547741546695142
Chevrolet Traverse,2017,100148,18990,27964.304347826088,46,6,4-6,100-130k,-0.35214251541327846
Nissan Sentra,2015,100804,13590,17151.21551724138,116,8,6-8,100-130k,-1.0330637037398087
INFINITI QX,2017,55325,23590,26679.234375,64,6,4-6,40-60k,0.22790145982784
Chevrolet Traverse,2016,94839,16990,27964.304347826088,46,7,6-8,80-100k,-0.6043355481268082
Honda Fit,2011,43223,15990,17112.222222222223,54,12,10-15,40-60k,-0.7304320644835731
Chevrolet Malibu,2017,62549,17990,19288.927536231884,69,6,4-6,60-80k,-0.47823903177004334
Honda Accord,2009,83156,14990,20338.34351145038,131,14,10-15,80-100k,-0.856528580840338
Nissan Altima,2015,62263,14990,19293.97340425532,188,8,6-8,60-80k,-0.856528580840338
Hyundai Ioniq Electric,2019,22751,24990,24990.0,1,4,2-4,20-40k,0.4044365827273108
Jeep Cherokee,2016,91518,17990,21467.63829787234,141,7,6-8,80-100k,-0.47823903177004334
Toyota Corolla,2020,49963,22990,18560.486988847584,269,3,2-4,40-60k,0.15224355001378106
Toyota Corolla,2010,42338,15590,18560.486988847584,269,13,10-15,40-60k,-0.780870671026279
Jeep Renegade,2019,25532,21990,20176.3661971831,71,4,2-4,20-40k,0.026147033657016195
MAZDA MAZDA,2020,26859,23990,17840.6338028169,142,3,2-4,20-40k,0.278340066370546
Nissan Versa,2019,56209,15990,15995.263157894737,95,4,2-4,40-60k,-0.7304320644835731
Jeep Cherokee,2015,28548,19990,21467.63829787234,141,8,6-8,20-40k,-0.22604599905651357
MAZDA MAZDA,2011,86496,12990,17840.6338028169,142,12,10-15,80-100k,-1.1087216135538678
Hyundai Sonata,2015,33642,19990,16759.738562091505,153,8,6-8,20-40k,-0.22604599905651357
Hyundai Elantra,2016,71361,14590,17041.33846153846,195,7,6-8,60-80k,-0.9069671873830439
Jeep Patriot,2016,104875,13990,16252.5,48,7,6-8,100-130k,-0.9826250971971029
Ford Explorer,2017,70722,23590,24112.425531914894,47,6,4-6,60-80k,0.22790145982784
Volkswagen e-Golf,2016,37253,18990,19099.090909090908,11,7,6-8,20-40k,-0.35214251541327846
Ford EcoSport,2020,14740,23590,19908.256756756757,74,3,2-4,0-20k,0.22790145982784
Honda CR-V,2012,72608,17990,21022.757009345794,107,11,10-15,60-80k,-0.47823903177004334
Hyundai Elantra,2017,49693,16990,17041.33846153846,195,6,4-6,40-60k,-0.6043355481268082
Nissan Pathfinder,2017,91755,17990,22727.11111111111,36,6,4-6,80-100k,-0.47823903177004334
Ford Escape,2015,101847,14590,19376.448,125,8,6-8,100-130k,-0.9069671873830439
Hyundai Tucson,2012,92342,14590,20007.2,70,11,10-15,80-100k,-0.9069671873830439
Jeep Wrangler,2016,90596,24990,26477.5,32,7,6-8,80-100k,0.4044365827273108
Nissan Rogue Select,2015,65095,15990,16376.666666666666,15,8,6-8,60-80k,-0.7304320644835731
Audi A,2015,72855,19990,24272.608695652172,46,8,6-8,60-80k,-0.22604599905651357
BMW  Series,2016,73133,20590,25277.301587301587,126,7,6-8,60-80k,-0.15038808924245464
Dodge Charger,2016,86261,22590,27191.571428571428,35,7,6-8,80-100k,0.10180494347107512
Mitsubishi Mirage,2019,35858,16990,15890.0,22,4,2-4,20-40k,-0.6043355481268082
Hyundai Elantra,2013,34199,17590,17041.33846153846,195,10,8-10,20-40k,-0.5286776383127493
Honda Fit,2011,87060,12990,17112.222222222223,54,12,10-15,80-100k,-1.1087216135538678
Ford Mustang,2014,74769,18990,25856.117647058825,102,9,8-10,60-80k,-0.35214251541327846
Scion tC,2015,33809,19990,17480.909090909092,11,8,6-8,20-40k,-0.22604599905651357
MAZDA MAZDA,2010,90162,11990,17840.6338028169,142,13,10-15,80-100k,-1.2348181299106327
Volkswagen Passat,2017,55454,17990,18311.052631578947,76,6,4-6,40-60k,-0.47823903177004334
Kia Soul,2015,34094,16590,17106.064516129034,124,8,6-8,20-40k,-0.6547741546695142
Ford Escape,2018,41626,18990,19376.448,125,5,4-6,40-60k,-0.35214251541327846
Toyota Prius,2013,97565,16590,19496.666666666668,60,10,8-10,80-100k,-0.6547741546695142
Nissan Sentra,2017,38209,17590,17151.21551724138,116,6,4-6,20-40k,-0.5286776383127493
Chevrolet Traverse,2016,102387,16990,27964.304347826088,46,7,6-8,100-130k,-0.6043355481268082
Chrysler,2015,17605,23990,20993.80612244898,98,8,6-8,0-20k,0.278340066370546
Hyundai Santa Fe Sport,2018,66914,19590,18512.222222222223,36,5,4-6,60-80k,-0.2764846055992195
Nissan Versa,2014,67095,13990,15995.263157894737,95,9,8-10,60-80k,-0.9826250971971029
Audi A,2017,38292,24990,24272.608695652172,46,6,4-6,20-40k,0.4044365827273108
Chrysler,2016,40239,17590,20993.80612244898,98,7,6-8,40-60k,-0.5286776383127493
Ford EcoSport,2020,26990,22590,19908.256756756757,74,3,2-4,20-40k,0.10180494347107512
Volvo XC,2016,54118,24990,27782.0,25,7,6-8,40-60k,0.4044365827273108
Nissan Murano,2018,48497,22990,23491.560606060608,66,5,4-6,40-60k,0.15224355001378106
MINI Hardtop  Door,2016,94124,16990,20638.64864864865,37,7,6-8,80-100k,-0.6043355481268082
Lexus IS,2015,44930,24990,23340.0,28,8,6-8,40-60k,0.4044365827273108
MINI Hardtop  Door,2019,35508,21990,20638.64864864865,37,4,2-4,20-40k,0.026147033657016195
Nissan Sentra,2019,56275,17990,17151.21551724138,116,4,2-4,40-60k,-0.47823903177004334
Volkswagen Passat,2014,103642,13990,18311.052631578947,76,9,8-10,100-130k,-0.9826250971971029
Jeep Cherokee,2016,56836,18590,21467.63829787234,141,7,6-8,40-60k,-0.4025811219559844
Hyundai Elantra,2018,72604,16990,17041.33846153846,195,5,4-6,60-80k,-0.6043355481268082
Honda Fit,2016,14896,18990,17112.222222222223,54,7,6-8,0-20k,-0.35214251541327846
Chevrolet Impala,2018,84628,19990,20195.8,40,5,4-6,80-100k,-0.22604599905651357
Jeep Renegade,2017,56219,19590,20176.3661971831,71,6,4-6,40-60k,-0.2764846055992195
Kia Optima,2016,32055,18990,17867.048076923078,104,7,6-8,20-40k,-0.35214251541327846
Hyundai Tucson,2016,10645,22990,20007.2,70,7,6-8,0-20k,0.15224355001378106
Buick Encore,2013,92304,15590,18820.149425287356,87,10,8-10,80-100k,-0.780870671026279
Nissan Rogue Sport,2018,33737,21990,20399.048387096773,62,5,4-6,20-40k,0.026147033657016195
BMW i,2015,68925,18590,20447.894736842107,38,8,6-8,60-80k,-0.4025811219559844
Chevrolet Cruze,2018,53252,16990,15992.5,80,5,4-6,40-60k,-0.6043355481268082
Honda CR-V,2012,80114,16990,21022.757009345794,107,11,10-15,80-100k,-0.6043355481268082
Toyota Corolla,2016,31345,17990,18560.486988847584,269,7,6-8,20-40k,-0.47823903177004334
Toyota Camry,2013,65655,15990,20721.41134751773,141,10,8-10,60-80k,-0.7304320644835731
Chevrolet Trax,2016,58081,16590,18076.951219512193,82,7,6-8,40-60k,-0.6547741546695142
Hyundai Accent,2014,62815,13590,15905.254237288136,59,9,8-10,60-80k,-1.0330637037398087
Toyota Corolla,2021,11150,23590,18560.486988847584,269,2,0-2,0-20k,0.22790145982784
Chevrolet Trax,2016,37868,16990,18076.951219512193,82,7,6-8,20-40k,-0.6043355481268082
MINI Hardtop  Door,2016,31900,19590,20638.64864864865,37,7,6-8,20-40k,-0.2764846055992195
Toyota Yaris,2019,31853,18990,16685.238095238095,21,4,2-4,20-40k,-0.35214251541327846
Chevrolet Sonic,2015,51871,14590,14630.90909090909,44,8,6-8,40-60k,-0.9069671873830439
GMC Acadia,2013,77257,19990,26526.174603174604,63,10,8-10,60-80k,-0.22604599905651357
Toyota Camry,2020,12611,24990,20721.41134751773,141,3,2-4,0-20k,0.4044365827273108
Toyota Corolla,2016,21650,19590,18560.486988847584,269,7,6-8,20-40k,-0.2764846055992195
Kia Cadenza,2019,46388,23990,20765.0,8,4,2-4,40-60k,0.278340066370546
Buick Encore,2016,54140,17590,18820.149425287356,87,7,6-8,40-60k,-0.5286776383127493
Hyundai Genesis,2012,69591,16590,21735.454545454544,11,11,10-15,60-80k,-0.6547741546695142
Nissan Kicks,2020,53795,18990,19809.626373626375,91,3,2-4,40-60k,-0.35214251541327846
Volkswagen Beetle,2014,74408,15590,20275.0,40,9,8-10,60-80k,-0.780870671026279
Audi A,2016,41670,21590,24272.608695652172,46,7,6-8,40-60k,-0.02429157288568976
Jeep Compass,2018,25229,21990,20590.543103448275,116,5,4-6,20-40k,0.026147033657016195
Nissan Pathfinder,2018,75047,20990,22727.11111111111,36,5,4-6,60-80k,-0.09994948269974868
Chrysler,2018,46954,21990,20993.80612244898,98,5,4-6,40-60k,0.026147033657016195
Ford Fusion,2014,39246,16990,18113.032,125,9,8-10,20-40k,-0.6043355481268082
Chevrolet Spark EV,2015,47603,14590,15332.857142857143,14,8,6-8,40-60k,-0.9069671873830439
Chevrolet Traverse,2016,65126,19990,27964.304347826088,46,7,6-8,60-80k,-0.22604599905651357
Ford Mustang,2012,46395,18990,25856.117647058825,102,11,10-15,40-60k,-0.35214251541327846
Hyundai Elantra GT,2016,84108,14590,16761.428571428572,7,7,6-8,80-100k,-0.9069671873830439
Kia Soul,2016,47307,15590,17106.064516129034,124,7,6-8,40-60k,-0.780870671026279
Ford Fiesta,2018,54366,14990,14645.737704918032,61,5,4-6,40-60k,-0.856528580840338
Hyundai Accent,2016,78197,13590,15905.254237288136,59,7,6-8,60-80k,-1.0330637037398087
Kia Soul,2016,30326,17590,17106.064516129034,124,7,6-8,20-40k,-0.5286776383127493
Volkswagen Tiguan,2019,59364,24990,20451.456140350878,57,4,2-4,40-60k,0.4044365827273108
Toyota RAV,2018,56502,23990,23160.708333333332,72,5,4-6,40-60k,0.278340066370546
Buick Encore,2014,82814,16590,18820.149425287356,87,9,8-10,80-100k,-0.6547741546695142
Hyundai Veloster,2017,29888,18990,17090.3125,32,6,4-6,20-40k,-0.35214251541327846
Toyota Corolla,2017,20260,19990,18560.486988847584,269,6,4-6,20-40k,-0.22604599905651357
Acura RDX,2015,34753,23590,24947.275862068964,29,8,6-8,20-40k,0.22790145982784
Honda Civic,2014,86392,14990,18925.32380952381,210,9,8-10,80-100k,-0.856528580840338
BMW  Series,2014,41233,20990,25277.301587301587,126,9,8-10,40-60k,-0.09994948269974868
Buick LaCrosse,2011,58752,16590,18705.78947368421,19,12,10-15,40-60k,-0.6547741546695142
Kia Rio,2017,19337,15990,16682.0,35,6,4-6,0-20k,-0.7304320644835731
Nissan Versa,2018,60199,14590,15995.263157894737,95,5,4-6,60-80k,-0.9069671873830439
Honda CR-V,2015,88789,18990,21022.757009345794,107,8,6-8,80-100k,-0.35214251541327846
BMW  Series,2013,76419,19990,25277.301587301587,126,10,8-10,60-80k,-0.22604599905651357
Ford Focus,2014,45144,13990,14996.451612903225,93,9,8-10,40-60k,-0.9826250971971029
Honda Civic,2019,27659,22990,18925.32380952381,210,4,2-4,20-40k,0.15224355001378106
Hyundai Elantra,2017,59177,17590,17041.33846153846,195,6,4-6,40-60k,-0.5286776383127493
Nissan Murano,2017,70745,21590,23491.560606060608,66,6,4-6,60-80k,-0.02429157288568976
Ford Fiesta,2016,29486,14990,14645.737704918032,61,7,6-8,20-40k,-0.856528580840338
Toyota Corolla,2017,36576,20990,18560.486988847584,269,6,4-6,20-40k,-0.09994948269974868
Toyota Corolla,2020,33111,22590,18560.486988847584,269,3,2-4,20-40k,0.10180494347107512
Nissan Rogue,2017,65505,20990,20382.880165289258,242,6,4-6,60-80k,-0.09994948269974868
Chrysler,2013,80057,12590,20993.80612244898,98,10,8-10,80-100k,-1.1591602200965736
Kia Sorento,2018,74704,18990,21217.59405940594,101,5,4-6,60-80k,-0.35214251541327846
Kia K,2015,43753,23990,26990.0,8,8,6-8,40-60k,0.278340066370546
Volkswagen Golf SportWagen,2015,39908,23990,20065.0,8,8,6-8,20-40k,0.278340066370546
Chevrolet Trax,2016,47782,16590,18076.951219512193,82,7,6-8,40-60k,-0.6547741546695142
Hyundai Venue,2020,35647,21590,21417.8,20,3,2-4,20-40k,-0.02429157288568976
Hyundai Venue,2021,14291,22990,21417.8,20,2,0-2,0-20k,0.15224355001378106
Toyota C-HR,2018,74645,21990,23407.366666666665,30,5,4-6,60-80k,0.026147033657016195
Toyota Camry,2011,71688,14990,20721.41134751773,141,12,10-15,60-80k,-0.856528580840338
Toyota Corolla,2017,87031,16590,18560.486988847584,269,6,4-6,80-100k,-0.6547741546695142
Chrysler Pacifica,2017,80548,20990,26151.657142857144,35,6,4-6,80-100k,-0.09994948269974868
Nissan Versa,2017,54996,13990,15995.263157894737,95,6,4-6,40-60k,-0.9826250971971029
Honda Civic,2017,16910,23590,18925.32380952381,210,6,4-6,0-20k,0.22790145982784
Hyundai Sonata,2012,50417,16590,16759.738562091505,153,11,10-15,40-60k,-0.6547741546695142
Ford Focus,2014,39962,16590,14996.451612903225,93,9,8-10,20-40k,-0.6547741546695142
Nissan Rogue,2010,55037,14590,20382.880165289258,242,13,10-15,40-60k,-0.9069671873830439
Ford Fusion,2016,67805,15990,18113.032,125,7,6-8,60-80k,-0.7304320644835731
Chevrolet Equinox,2018,42144,21990,19319.105263157893,171,5,4-6,40-60k,0.026147033657016195
GMC Acadia Limited,2017,82309,21590,21790.0,2,6,4-6,80-100k,-0.02429157288568976
MAZDA MAZDA,2014,42294,17990,17840.6338028169,142,9,8-10,40-60k,-0.47823903177004334
Hyundai Sonata,2016,41037,17590,16759.738562091505,153,7,6-8,40-60k,-0.5286776383127493
Nissan Altima,2020,21683,24990,19293.97340425532,188,3,2-4,20-40k,0.4044365827273108
Hyundai Elantra,2016,77785,13990,17041.33846153846,195,7,6-8,60-80k,-0.9826250971971029
Volkswagen Golf GTI,2019,91062,24590,23106.129032258064,31,4,2-4,80-100k,0.3539979761846049
BMW X,2015,74183,16990,28257.918032786885,61,8,6-8,60-80k,-0.6043355481268082
Toyota Prius,2012,59893,17990,19496.666666666668,60,11,10-15,40-60k,-0.47823903177004334
Toyota Corolla iM,2018,21508,23990,20550.0,5,5,4-6,20-40k,0.278340066370546
Scion xB,2013,80581,14590,18040.0,4,10,8-10,80-100k,-0.9069671873830439
FIAT,2015,53742,13990,14531.935483870968,31,8,6-8,40-60k,-0.9826250971971029
MINI Hardtop  Door,2015,73744,15590,20638.64864864865,37,8,6-8,60-80k,-0.780870671026279
FIAT,2013,46239,16590,14531.935483870968,31,10,8-10,40-60k,-0.6547741546695142
Hyundai Tucson,2018,34139,21990,20007.2,70,5,4-6,20-40k,0.026147033657016195
Kia Sportage,2020,12808,23990,20804.091954022988,87,3,2-4,0-20k,0.278340066370546
Nissan Pathfinder,2016,74593,20590,22727.11111111111,36,7,6-8,60-80k,-0.15038808924245464
Kia Seltos,2021,55080,24590,25770.0,10,2,0-2,40-60k,0.3539979761846049
Ford Focus,2014,19546,16590,14996.451612903225,93,9,8-10,0-20k,-0.6547741546695142
Nissan Rogue,2015,70920,17990,20382.880165289258,242,8,6-8,60-80k,-0.47823903177004334
Dodge Grand Caravan Passenger,2016,64506,16990,18365.342465753423,73,7,6-8,60-80k,-0.6043355481268082
Toyota Corolla,2020,39942,22990,18560.486988847584,269,3,2-4,20-40k,0.15224355001378106
Ford Flex,2014,92088,16590,23264.36,25,9,8-10,80-100k,-0.6547741546695142
Nissan Versa,2016,50255,14590,15995.263157894737,95,7,6-8,40-60k,-0.9069671873830439
Dodge Journey,2018,31054,19990,19075.328125,64,5,4-6,20-40k,-0.22604599905651357
Nissan Pathfinder,2017,44886,21590,22727.11111111111,36,6,4-6,40-60k,-0.02429157288568976
Honda Accord,2015,40541,21590,20338.34351145038,131,8,6-8,40-60k,-0.02429157288568976
BMW  Series,2014,30262,22590,25277.301587301587,126,9,8-10,20-40k,0.10180494347107512
Toyota RAV,2017,104994,20990,23160.708333333332,72,6,4-6,100-130k,-0.09994948269974868
Jeep Grand Cherokee,2018,61649,23590,23092.367346938776,49,5,4-6,60-80k,0.22790145982784
Mercedes-Benz C-Class,2014,44050,20990,25064.074074074073,27,9,8-10,40-60k,-0.09994948269974868
Honda Civic,2020,34827,24990,18925.32380952381,210,3,2-4,20-40k,0.4044365827273108
Honda CR-V,2014,58749,19990,21022.757009345794,107,9,8-10,40-60k,-0.22604599905651357
Honda CR-V,2014,39593,21590,21022.757009345794,107,9,8-10,20-40k,-0.02429157288568976
Nissan Versa Note,2016,63678,13990,14502.5,16,7,6-8,60-80k,-0.9826250971971029
Ford Focus,2016,14381,16990,14996.451612903225,93,7,6-8,0-20k,-0.6043355481268082
Honda Civic,2012,96672,13590,18925.32380952381,210,11,10-15,80-100k,-1.0330637037398087
Ford Focus,2014,74460,12990,14996.451612903225,93,9,8-10,60-80k,-1.1087216135538678
Hyundai Elantra,2013,52751,15590,17041.33846153846,195,10,8-10,40-60k,-0.780870671026279
FIAT,2013,60264,14590,14531.935483870968,31,10,8-10,60-80k,-0.9069671873830439
Hyundai Accent,2012,49833,13590,15905.254237288136,59,11,10-15,40-60k,-1.0330637037398087
Kia Soul,2014,73858,13990,17106.064516129034,124,9,8-10,60-80k,-0.9826250971971029
Nissan Versa,2021,24734,19990,15995.263157894737,95,2,0-2,20-40k,-0.22604599905651357
Honda Fit,2013,4150,17990,17112.222222222223,54,10,8-10,0-20k,-0.47823903177004334
Toyota Matrix,2010,75526,14590,13790.0,2,13,10-15,60-80k,-0.9069671873830439
Toyota Corolla,2018,62082,17990,18560.486988847584,269,5,4-6,60-80k,-0.47823903177004334
Nissan Sentra,2019,57003,17590,17151.21551724138,116,4,2-4,40-60k,-0.5286776383127493
Ford Fiesta,2016,34212,14590,14645.737704918032,61,7,6-8,20-40k,-0.9069671873830439
Honda Civic,2017,44714,20990,18925.32380952381,210,6,4-6,40-60k,-0.09994948269974868
Honda HR-V,2016,88700,18590,22338.0,43,7,6-8,80-100k,-0.4025811219559844
Toyota Corolla,2015,58065,16990,18560.486988847584,269,8,6-8,40-60k,-0.6043355481268082
Hyundai Sonata,2011,51299,14990,16759.738562091505,153,12,10-15,40-60k,-0.856528580840338
Toyota Prius,2014,74389,18590,19496.666666666668,60,9,8-10,60-80k,-0.4025811219559844
Hyundai Sonata,2014,88998,13590,16759.738562091505,153,9,8-10,80-100k,-1.0330637037398087
Nissan Rogue,2013,99570,13990,20382.880165289258,242,10,8-10,80-100k,-0.9826250971971029
Nissan Rogue,2018,51969,19590,20382.880165289258,242,5,4-6,40-60k,-0.2764846055992195
Mitsubishi Eclipse Cross,2019,52974,20990,21140.0,8,4,2-4,40-60k,-0.09994948269974868
MAZDA CX-,2016,24784,20990,23001.7,140,7,6-8,20-40k,-0.09994948269974868
Lincoln MKX,2012,58104,19590,22950.0,10,11,10-15,40-60k,-0.2764846055992195
Ford Edge,2013,75009,17990,20629.243243243243,74,10,8-10,60-80k,-0.47823903177004334
Scion iM,2016,56921,16990,16440.0,8,7,6-8,40-60k,-0.6043355481268082
Honda Civic,2009,25199,15590,18925.32380952381,210,14,10-15,20-40k,-0.780870671026279
Toyota Corolla,2019,52431,18990,18560.486988847584,269,4,2-4,40-60k,-0.35214251541327846
Toyota Prius Plug-in Hybrid,2014,91054,18990,19790.0,2,9,8-10,80-100k,-0.35214251541327846
Honda Civic,2015,99117,14990,18925.32380952381,210,8,6-8,80-100k,-0.856528580840338
Audi A,2016,74850,21990,24272.608695652172,46,7,6-8,60-80k,0.026147033657016195
Nissan Versa,2018,72665,13990,15995.263157894737,95,5,4-6,60-80k,-0.9826250971971029
Nissan Rogue Select,2015,53844,16990,16376.666666666666,15,8,6-8,40-60k,-0.6043355481268082
Hyundai Accent,2017,81717,13990,15905.254237288136,59,6,4-6,80-100k,-0.9826250971971029
Dodge Challenger,2017,61771,23590,31835.757575757576,33,6,4-6,60-80k,0.22790145982784
Subaru Forester,2016,68053,19990,20446.25,32,7,6-8,60-80k,-0.22604599905651357
Volkswagen Golf GTI,2016,56477,22990,23106.129032258064,31,7,6-8,40-60k,0.15224355001378106
Toyota Corolla Hatchback,2019,17601,23990,24646.666666666668,9,4,2-4,0-20k,0.278340066370546
Kia Optima,2014,53748,16590,17867.048076923078,104,9,8-10,40-60k,-0.6547741546695142
Ford Fiesta,2017,71356,12990,14645.737704918032,61,6,4-6,60-80k,-1.1087216135538678
Kia Forte,2014,97588,12990,17017.92156862745,102,9,8-10,80-100k,-1.1087216135538678
Toyota Corolla,2018,10343,23990,18560.486988847584,269,5,4-6,0-20k,0.278340066370546
Toyota Corolla,2013,57445,15990,18560.486988847584,269,10,8-10,40-60k,-0.7304320644835731
Chevrolet Camaro,2013,56322,20990,26673.675324675325,77,10,8-10,40-60k,-0.09994948269974868
Ford Fusion,2009,74232,11990,18113.032,125,14,10-15,60-80k,-1.2348181299106327
Hyundai Sonata,2013,93370,13990,16759.738562091505,153,10,8-10,80-100k,-0.9826250971971029
Toyota Yaris,2017,50177,17590,16685.238095238095,21,6,4-6,40-60k,-0.5286776383127493
Ford F SuperCrew Cab,2013,81661,23990,40704.71428571428,14,10,8-10,80-100k,0.278340066370546
Ford Focus,2018,54526,15990,14996.451612903225,93,5,4-6,40-60k,-0.7304320644835731
Hyundai Kona,2019,73736,18590,22149.1,30,4,2-4,60-80k,-0.4025811219559844
Kia Sorento,2015,67897,16990,21217.59405940594,101,8,6-8,60-80k,-0.6043355481268082
GMC Terrain,2016,104071,15990,21643.57627118644,59,7,6-8,100-130k,-0.7304320644835731
Jaguar XE,2017,53008,23990,25290.0,4,6,4-6,40-60k,0.278340066370546
Cadillac ATS,2014,16225,21990,22034.444444444445,18,9,8-10,0-20k,0.026147033657016195
Hyundai Tucson,2018,37498,21590,20007.2,70,5,4-6,20-40k,-0.02429157288568976
Toyota Prius v,2013,68480,19990,19140.0,12,10,8-10,60-80k,-0.22604599905651357
Honda Accord,2016,21330,23990,20338.34351145038,131,7,6-8,20-40k,0.278340066370546
Nissan Maxima,2016,77148,20990,24153.521739130436,23,7,6-8,60-80k,-0.09994948269974868
Volkswagen Jetta SportWagen,2014,93184,16590,16603.333333333332,15,9,8-10,80-100k,-0.6547741546695142
Dodge Grand Caravan Passenger,2017,88338,16990,18365.342465753423,73,6,4-6,80-100k,-0.6043355481268082
Hyundai Santa Fe Sport,2013,51293,18990,18512.222222222223,36,10,8-10,40-60k,-0.35214251541327846
Dodge Journey,2019,61392,18990,19075.328125,64,4,2-4,60-80k,-0.35214251541327846
Hyundai Sonata,2016,90589,15590,16759.738562091505,153,7,6-8,80-100k,-0.780870671026279
Dodge Journey,2019,20951,21590,19075.328125,64,4,2-4,20-40k,-0.02429157288568976
MINI Convertible,2013,59152,18990,21253.157894736843,19,10,8-10,40-60k,-0.35214251541327846
Volkswagen Beetle,2012,50300,16990,20275.0,40,11,10-15,40-60k,-0.6043355481268082
Volkswagen Passat,2017,27688,19990,18311.052631578947,76,6,4-6,20-40k,-0.22604599905651357
Hyundai Sonata,2018,56611,19590,16759.738562091505,153,5,4-6,40-60k,-0.2764846055992195
Honda Civic,2016,56148,21590,18925.32380952381,210,7,6-8,40-60k,-0.02429157288568976
Lexus CT,2013,100574,17590,19990.0,8,10,8-10,100-130k,-0.5286776383127493
Kia Soul,2016,9811,18990,17106.064516129034,124,7,6-8,0-20k,-0.35214251541327846
Kia Soul,2015,81019,13990,17106.064516129034,124,8,6-8,80-100k,-0.9826250971971029
Honda Civic,2014,26864,18990,18925.32380952381,210,9,8-10,20-40k,-0.35214251541327846
Dodge Durango,2017,102053,22990,29047.85714285714,14,6,4-6,100-130k,0.15224355001378106
MAZDA MAZDA,2016,24286,19990,17840.6338028169,142,7,6-8,20-40k,-0.22604599905651357
MAZDA MAZDA,2019,44708,23590,17840.6338028169,142,4,2-4,40-60k,0.22790145982784
smart fortwo electric drive,2018,4998,18590,15123.333333333334,6,5,4-6,0-20k,-0.4025811219559844
Dodge Grand Caravan Passenger,2018,78389,17990,18365.342465753423,73,5,4-6,60-80k,-0.47823903177004334
Honda Accord Hybrid,2015,75166,21590,30319.85714285714,7,8,6-8,60-80k,-0.02429157288568976
Toyota Tundra Double Cab,2012,98145,24990,30193.25,4,11,10-15,80-100k,0.4044365827273108
Nissan Murano,2012,62789,15590,23491.560606060608,66,11,10-15,60-80k,-0.780870671026279
BMW  Series,2013,54251,21590,25277.301587301587,126,10,8-10,40-60k,-0.02429157288568976
Hyundai Kona,2021,31592,24590,22149.1,30,2,0-2,20-40k,0.3539979761846049
Jeep Patriot,2016,33011,19990,16252.5,48,7,6-8,20-40k,-0.22604599905651357
Nissan Altima,2013,78581,14590,19293.97340425532,188,10,8-10,60-80k,-0.9069671873830439
Jeep Cherokee,2017,78948,20590,21467.63829787234,141,6,4-6,60-80k,-0.15038808924245464
Hyundai Elantra,2013,36012,14990,17041.33846153846,195,10,8-10,20-40k,-0.856528580840338
BMW  Series,2014,53740,22990,25277.301587301587,126,9,8-10,40-60k,0.15224355001378106
Toyota Avalon,2011,48052,19990,23526.363636363636,22,12,10-15,40-60k,-0.22604599905651357
Toyota Corolla,2009,57114,13990,18560.486988847584,269,14,10-15,40-60k,-0.9826250971971029
Jeep Compass,2015,60961,15990,20590.543103448275,116,8,6-8,60-80k,-0.7304320644835731
Hyundai Santa Fe Sport,2014,97130,14990,18512.222222222223,36,9,8-10,80-100k,-0.856528580840338
Hyundai Elantra,2013,66162,13990,17041.33846153846,195,10,8-10,60-80k,-0.9826250971971029
Honda Accord,2018,76589,23990,20338.34351145038,131,5,4-6,60-80k,0.278340066370546
Volkswagen Jetta,2019,29538,20590,17068.442477876106,113,4,2-4,20-40k,-0.15038808924245464
Hyundai Tucson,2012,81424,14590,20007.2,70,11,10-15,80-100k,-0.9069671873830439
Buick LaCrosse,2016,79874,16990,18705.78947368421,19,7,6-8,60-80k,-0.6043355481268082
Honda CR-V,2016,65437,20990,21022.757009345794,107,7,6-8,60-80k,-0.09994948269974868
Jeep Cherokee,2019,32056,24990,21467.63829787234,141,4,2-4,20-40k,0.4044365827273108
Subaru Crosstrek,2017,48570,22990,24538.548387096773,31,6,4-6,40-60k,0.15224355001378106
Nissan Frontier King Cab,2017,38843,22990,24310.0,5,6,4-6,20-40k,0.15224355001378106
Subaru Outback,2017,51054,24990,25362.21153846154,52,6,4-6,40-60k,0.4044365827273108
Nissan Rogue Sport,2018,39266,20590,20399.048387096773,62,5,4-6,20-40k,-0.15038808924245464
MAZDA CX-,2019,16342,22990,23001.7,140,4,2-4,0-20k,0.15224355001378106
Honda Accord,2011,74102,16590,20338.34351145038,131,12,10-15,60-80k,-0.6547741546695142
Kia Soul,2016,73198,14990,17106.064516129034,124,7,6-8,60-80k,-0.856528580840338
Mitsubishi Outlander Sport,2016,78344,15590,18771.48148148148,54,7,6-8,60-80k,-0.780870671026279
Nissan Z,2011,79272,20590,25971.81818181818,11,12,10-15,60-80k,-0.15038808924245464
Ford Focus,2018,47150,15990,14996.451612903225,93,5,4-6,40-60k,-0.7304320644835731
Kia Sorento,2017,69140,18990,21217.59405940594,101,6,4-6,60-80k,-0.35214251541327846
INFINITI G,2013,80646,16990,18252.5,16,10,8-10,80-100k,-0.6043355481268082
Volkswagen Golf GTI,2015,46144,22590,23106.129032258064,31,8,6-8,40-60k,0.10180494347107512
Hyundai Elantra,2016,49178,16590,17041.33846153846,195,7,6-8,40-60k,-0.6547741546695142
Honda Fit,2016,54224,16990,17112.222222222223,54,7,6-8,40-60k,-0.6043355481268082
Mercedes-Benz SLK-Class,2014,51913,24990,23634.444444444445,9,9,8-10,40-60k,0.4044365827273108
Nissan LEAF,2013,41818,13990,19142.63157894737,38,10,8-10,40-60k,-0.9826250971971029
Lexus LS,2011,90571,22990,23490.0,2,12,10-15,80-100k,0.15224355001378106
Chrysler,2015,73347,15590,20993.80612244898,98,8,6-8,60-80k,-0.780870671026279
Kia Forte,2012,102251,11990,17017.92156862745,102,11,10-15,100-130k,-1.2348181299106327
Chevrolet Malibu,2017,82474,16990,19288.927536231884,69,6,4-6,80-100k,-0.6043355481268082
Volkswagen Jetta,2014,70557,13590,17068.442477876106,113,9,8-10,60-80k,-1.0330637037398087
MINI Hardtop,2013,46467,17590,16547.14285714286,14,10,8-10,40-60k,-0.5286776383127493
Hyundai Tucson,2016,83420,16590,20007.2,70,7,6-8,80-100k,-0.6547741546695142
MAZDA MAZDA,2011,48677,13990,17840.6338028169,142,12,10-15,40-60k,-0.9826250971971029
Lincoln MKZ,2017,54090,23590,21467.777777777777,18,6,4-6,40-60k,0.22790145982784
Dodge Grand Caravan Passenger,2018,92524,17590,18365.342465753423,73,5,4-6,80-100k,-0.5286776383127493
INFINITI Q,2017,51011,23990,25347.133333333335,30,6,4-6,40-60k,0.278340066370546
Toyota Corolla,2015,102859,15990,18560.486988847584,269,8,6-8,100-130k,-0.7304320644835731
INFINITI G,2009,94690,16590,18252.5,16,14,10-15,80-100k,-0.6547741546695142
Ford Mustang,2011,46893,24990,25856.117647058825,102,12,10-15,40-60k,0.4044365827273108
Volkswagen Tiguan,2013,52085,17590,20451.456140350878,57,10,8-10,40-60k,-0.5286776383127493
Mercedes-Benz C-Class,2016,33918,24990,25064.074074074073,27,7,6-8,20-40k,0.4044365827273108
Buick LaCrosse,2012,90701,15990,18705.78947368421,19,11,10-15,80-100k,-0.7304320644835731
Chevrolet Cruze,2015,55894,15590,15992.5,80,8,6-8,40-60k,-0.780870671026279
Buick Encore,2020,51720,20990,18820.149425287356,87,3,2-4,40-60k,-0.09994948269974868
Hyundai Tucson,2016,77376,18990,20007.2,70,7,6-8,60-80k,-0.35214251541327846
FIAT,2015,41404,13990,14531.935483870968,31,8,6-8,40-60k,-0.9826250971971029
Toyota Yaris,2015,90268,14590,16685.238095238095,21,8,6-8,80-100k,-0.9069671873830439
Nissan Versa,2020,29610,18590,15995.263157894737,95,3,2-4,20-40k,-0.4025811219559844
Nissan Versa,2020,24449,18590,15995.263157894737,95,3,2-4,20-40k,-0.4025811219559844
Toyota Corolla,2015,55945,16990,18560.486988847584,269,8,6-8,40-60k,-0.6043355481268082
Chevrolet Malibu,2017,42785,18990,19288.927536231884,69,6,4-6,40-60k,-0.35214251541327846
Toyota Corolla,2014,42348,16990,18560.486988847584,269,9,8-10,40-60k,-0.6043355481268082
Toyota Corolla,2016,67307,17990,18560.486988847584,269,7,6-8,60-80k,-0.47823903177004334
MINI Paceman,2013,84572,15990,16110.0,5,10,8-10,80-100k,-0.7304320644835731
Lincoln MKZ,2013,77819,16990,21467.777777777777,18,10,8-10,60-80k,-0.6043355481268082
Hyundai Elantra,2013,88761,12990,17041.33846153846,195,10,8-10,80-100k,-1.1087216135538678
Nissan Altima,2015,24669,18990,19293.97340425532,188,8,6-8,20-40k,-0.35214251541327846
INFINITI QX,2015,60546,24990,26679.234375,64,8,6-8,60-80k,0.4044365827273108
Buick LaCrosse,2017,99679,21990,18705.78947368421,19,6,4-6,80-100k,0.026147033657016195
Kia Soul,2011,57630,13990,17106.064516129034,124,12,10-15,40-60k,-0.9826250971971029
Toyota Corolla,2015,69499,16590,18560.486988847584,269,8,6-8,60-80k,-0.6547741546695142
Jeep Patriot,2015,103931,14990,16252.5,48,8,6-8,100-130k,-0.856528580840338
Nissan Rogue,2015,80321,17990,20382.880165289258,242,8,6-8,80-100k,-0.47823903177004334
Ford Focus,2016,42331,15590,14996.451612903225,93,7,6-8,40-60k,-0.780870671026279
Chevrolet Cruze,2015,56259,14990,15992.5,80,8,6-8,40-60k,-0.856528580840338
Chrysler,2015,96786,14990,20993.80612244898,98,8,6-8,80-100k,-0.856528580840338
MAZDA CX-,2017,42051,21590,23001.7,140,6,4-6,40-60k,-0.02429157288568976
Chevrolet Spark,2016,69505,13590,15980.290909090909,55,7,6-8,60-80k,-1.0330637037398087
MAZDA MX- Miata RF,2017,49097,24990,25140.0,4,6,4-6,40-60k,0.4044365827273108
Volkswagen Beetle,2014,43323,22590,20275.0,40,9,8-10,40-60k,0.10180494347107512
Honda CR-V,2015,57934,21590,21022.757009345794,107,8,6-8,40-60k,-0.02429157288568976
Toyota Corolla,2014,76585,15590,18560.486988847584,269,9,8-10,60-80k,-0.780870671026279
Hyundai Elantra,2016,101349,12990,17041.33846153846,195,7,6-8,100-130k,-1.1087216135538678
Chevrolet Cruze Limited,2016,98581,13990,14818.57142857143,14,7,6-8,80-100k,-0.9826250971971029
Kia Soul,2012,67160,13990,17106.064516129034,124,11,10-15,60-80k,-0.9826250971971029
Volvo XC,2016,52050,22990,27782.0,25,7,6-8,40-60k,0.15224355001378106
Kia Soul,2016,75407,14590,17106.064516129034,124,7,6-8,60-80k,-0.9069671873830439
Honda CR-V,2016,99610,17990,21022.757009345794,107,7,6-8,80-100k,-0.47823903177004334
Ford Fusion,2018,58663,20990,18113.032,125,5,4-6,40-60k,-0.09994948269974868
Jeep Cherokee,2019,82566,18990,21467.63829787234,141,4,2-4,80-100k,-0.35214251541327846
Hyundai Genesis,2015,103474,18990,21735.454545454544,11,8,6-8,100-130k,-0.35214251541327846
Honda Civic,2013,76123,14990,18925.32380952381,210,10,8-10,60-80k,-0.856528580840338
Honda Civic,2017,89749,19990,18925.32380952381,210,6,4-6,80-100k,-0.22604599905651357
Honda CR-V,2013,94631,17990,21022.757009345794,107,10,8-10,80-100k,-0.47823903177004334
Dodge Challenger,2015,76767,22990,31835.757575757576,33,8,6-8,60-80k,0.15224355001378106
Jeep Compass,2016,100351,14990,20590.543103448275,116,7,6-8,100-130k,-0.856528580840338
Hyundai Elantra,2014,94787,14590,17041.33846153846,195,9,8-10,80-100k,-0.9069671873830439
Toyota Sienna,2014,100738,18590,31905.78947368421,38,9,8-10,100-130k,-0.4025811219559844
MAZDA MAZDA,2014,42021,18590,17840.6338028169,142,9,8-10,40-60k,-0.4025811219559844
Nissan Sentra,2015,55823,14990,17151.21551724138,116,8,6-8,40-60k,-0.856528580840338
Audi A,2017,51915,22990,24272.608695652172,46,6,4-6,40-60k,0.15224355001378106
Volkswagen Golf GTI,2015,88405,18990,23106.129032258064,31,8,6-8,80-100k,-0.35214251541327846
Hyundai Elantra,2012,77962,12990,17041.33846153846,195,11,10-15,60-80k,-1.1087216135538678
Jeep Cherokee,2017,53530,18990,21467.63829787234,141,6,4-6,40-60k,-0.35214251541327846
Buick LaCrosse,2012,37858,18590,18705.78947368421,19,11,10-15,20-40k,-0.4025811219559844
Volkswagen Beetle,2013,79080,18590,20275.0,40,10,8-10,60-80k,-0.4025811219559844
Nissan Versa,2021,18381,19590,15995.263157894737,95,2,0-2,0-20k,-0.2764846055992195
Lexus IS,2014,48263,24990,23340.0,28,9,8-10,40-60k,0.4044365827273108
Chevrolet Silverado  Regular Cab,2014,80140,20990,20656.666666666668,3,9,8-10,80-100k,-0.09994948269974868
Chevrolet Trax,2019,41724,18990,18076.951219512193,82,4,2-4,40-60k,-0.35214251541327846
GMC Acadia,2016,58170,19990,26526.174603174604,63,7,6-8,40-60k,-0.22604599905651357
Toyota Corolla,2015,60969,17590,18560.486988847584,269,8,6-8,60-80k,-0.5286776383127493
Dodge Grand Caravan Passenger,2013,76165,15590,18365.342465753423,73,10,8-10,60-80k,-0.780870671026279
Jeep Patriot,2016,87512,14990,16252.5,48,7,6-8,80-100k,-0.856528580840338
Jeep Grand Cherokee,2013,100290,16990,23092.367346938776,49,10,8-10,100-130k,-0.6043355481268082
Jeep Grand Cherokee,2015,64632,21590,23092.367346938776,49,8,6-8,60-80k,-0.02429157288568976
Nissan JUKE,2014,82750,14590,16066.190476190477,21,9,8-10,80-100k,-0.9069671873830439
MAZDA CX-,2014,61626,17590,23001.7,140,9,8-10,60-80k,-0.5286776383127493
Hyundai Accent,2016,93224,12990,15905.254237288136,59,7,6-8,80-100k,-1.1087216135538678
Chevrolet Captiva Sport,2014,39680,16990,15123.333333333334,6,9,8-10,20-40k,-0.6043355481268082
Toyota Prius,2015,104431,16990,19496.666666666668,60,8,6-8,100-130k,-0.6043355481268082
FIAT,2013,49532,13590,14531.935483870968,31,10,8-10,40-60k,-1.0330637037398087
Nissan Altima,2015,55518,16590,19293.97340425532,188,8,6-8,40-60k,-0.6547741546695142
Kia Soul,2014,95259,12990,17106.064516129034,124,9,8-10,80-100k,-1.1087216135538678
Toyota Camry,2010,51610,15590,20721.41134751773,141,13,10-15,40-60k,-0.780870671026279
Dodge Charger,2016,63789,23590,27191.571428571428,35,7,6-8,60-80k,0.22790145982784
BMW  Series,2014,57799,21590,25277.301587301587,126,9,8-10,40-60k,-0.02429157288568976
Buick Regal,2015,18317,24990,18630.0,10,8,6-8,0-20k,0.4044365827273108
Nissan Rogue,2016,21065,21590,20382.880165289258,242,7,6-8,20-40k,-0.02429157288568976
Mitsubishi Outlander Sport,2018,81829,17590,18771.48148148148,54,5,4-6,80-100k,-0.5286776383127493
Hyundai Elantra,2016,103702,13590,17041.33846153846,195,7,6-8,100-130k,-1.0330637037398087
Chevrolet Sonic,2017,37982,14990,14630.90909090909,44,6,4-6,20-40k,-0.856528580840338
Buick Verano,2016,53892,17590,16710.0,15,7,6-8,40-60k,-0.5286776383127493
Chevrolet Spark,2019,55275,14990,15980.290909090909,55,4,2-4,40-60k,-0.856528580840338
Nissan Rogue,2020,28686,24990,20382.880165289258,242,3,2-4,20-40k,0.4044365827273108
Honda Accord,2016,22706,20990,20338.34351145038,131,7,6-8,20-40k,-0.09994948269974868
Nissan Kicks,2019,28369,21990,19809.626373626375,91,4,2-4,20-40k,0.026147033657016195
Ford Escape,2014,102300,13990,19376.448,125,9,8-10,100-130k,-0.9826250971971029
FIAT X,2016,27404,20590,17755.217391304348,23,7,6-8,20-40k,-0.15038808924245464
Jeep Patriot,2017,70412,16990,16252.5,48,6,4-6,60-80k,-0.6043355481268082
Toyota Corolla,2020,33898,23590,18560.486988847584,269,3,2-4,20-40k,0.22790145982784
Chevrolet Trax,2019,85854,16990,18076.951219512193,82,4,2-4,80-100k,-0.6043355481268082
Hyundai Veloster,2013,57696,15590,17090.3125,32,10,8-10,40-60k,-0.780870671026279
Nissan Rogue,2019,64323,20590,20382.880165289258,242,4,2-4,60-80k,-0.15038808924245464
Hyundai Azera,2013,103390,14590,19023.333333333332,6,10,8-10,100-130k,-0.9069671873830439
Nissan Altima,2019,9698,23590,19293.97340425532,188,4,2-4,0-20k,0.22790145982784
Mitsubishi Mirage,2018,18394,16590,15890.0,22,5,4-6,0-20k,-0.6547741546695142
Kia Forte,2018,75449,15990,17017.92156862745,102,5,4-6,60-80k,-0.7304320644835731
Kia Sorento,2013,49203,16990,21217.59405940594,101,10,8-10,40-60k,-0.6043355481268082
Mercedes-Benz CLK-Class,2009,45043,16990,19990.0,3,14,10-15,40-60k,-0.6043355481268082
MAZDA MAZDA,2017,28630,19990,17840.6338028169,142,6,4-6,20-40k,-0.22604599905651357
Subaru Crosstrek,2016,14004,24990,24538.548387096773,31,7,6-8,0-20k,0.4044365827273108
Nissan Versa Note,2017,75638,13990,14502.5,16,6,4-6,60-80k,-0.9826250971971029
Cadillac ATS,2017,30543,23990,22034.444444444445,18,6,4-6,20-40k,0.278340066370546
Hyundai Veloster,2017,47258,18990,17090.3125,32,6,4-6,40-60k,-0.35214251541327846
Nissan Versa,2018,98473,13590,15995.263157894737,95,5,4-6,80-100k,-1.0330637037398087
Toyota Corolla,2021,14364,23590,18560.486988847584,269,2,0-2,0-20k,0.22790145982784
Lexus GS,2014,100232,21990,26690.0,6,9,8-10,100-130k,0.026147033657016195
Chrysler,2015,56983,16590,20993.80612244898,98,8,6-8,40-60k,-0.6547741546695142
MINI Convertible,2016,32811,24990,21253.157894736843,19,7,6-8,20-40k,0.4044365827273108
Hyundai Elantra,2017,64653,16590,17041.33846153846,195,6,4-6,60-80k,-0.6547741546695142
Toyota Prius,2013,75183,16990,19496.666666666668,60,10,8-10,60-80k,-0.6043355481268082
Ford Escape,2013,79152,14590,19376.448,125,10,8-10,60-80k,-0.9069671873830439
Nissan Versa Note,2017,48011,14990,14502.5,16,6,4-6,40-60k,-0.856528580840338
Mercedes-Benz CLA-Class,2014,76210,20990,23256.666666666668,6,9,8-10,60-80k,-0.09994948269974868
Volkswagen Jetta,2012,68954,15590,17068.442477876106,113,11,10-15,60-80k,-0.780870671026279
Honda Civic,2013,63363,15990,18925.32380952381,210,10,8-10,60-80k,-0.7304320644835731
Volkswagen Jetta,2016,31472,18590,17068.442477876106,113,7,6-8,20-40k,-0.4025811219559844
Buick Regal,2012,50491,16590,18630.0,10,11,10-15,40-60k,-0.6547741546695142
Volkswagen Jetta,2012,75176,14590,17068.442477876106,113,11,10-15,60-80k,-0.9069671873830439
Toyota Camry,2014,53085,17990,20721.41134751773,141,9,8-10,40-60k,-0.47823903177004334
Hyundai Sonata,2014,98784,13590,16759.738562091505,153,9,8-10,80-100k,-1.0330637037398087
MAZDA MAZDA,2010,90993,11990,17840.6338028169,142,13,10-15,80-100k,-1.2348181299106327
Subaru Legacy,2015,94995,15590,20081.428571428572,21,8,6-8,80-100k,-0.780870671026279
Nissan Sentra,2017,46066,16990,17151.21551724138,116,6,4-6,40-60k,-0.6043355481268082
Honda Fit,2015,30336,18990,17112.222222222223,54,8,6-8,20-40k,-0.35214251541327846
Audi A,2014,34960,23590,24272.608695652172,46,9,8-10,20-40k,0.22790145982784
MINI Convertible,2012,93643,14990,21253.157894736843,19,11,10-15,80-100k,-0.856528580840338
Nissan Altima,2010,33384,14990,19293.97340425532,188,13,10-15,20-40k,-0.856528580840338
Toyota Yaris,2019,56485,17990,16685.238095238095,21,4,2-4,40-60k,-0.47823903177004334
Kia Soul,2016,41659,16590,17106.064516129034,124,7,6-8,40-60k,-0.6547741546695142
Volkswagen e-Golf,2016,34600,18990,19099.090909090908,11,7,6-8,20-40k,-0.35214251541327846
Dodge Grand Caravan Passenger,2014,93890,14990,18365.342465753423,73,9,8-10,80-100k,-0.856528580840338
Dodge Charger,2013,85496,18590,27191.571428571428,35,10,8-10,80-100k,-0.4025811219559844
Kia Sorento,2015,17043,20590,21217.59405940594,101,8,6-8,0-20k,-0.15038808924245464
Kia Optima,2018,90710,16590,17867.048076923078,104,5,4-6,80-100k,-0.6547741546695142
Volkswagen Golf Alltrack,2017,64240,22990,21040.0,4,6,4-6,60-80k,0.15224355001378106
Ford Fusion,2013,102753,13990,18113.032,125,10,8-10,100-130k,-0.9826250971971029
Hyundai Elantra GT,2015,85624,14590,16761.428571428572,7,8,6-8,80-100k,-0.9069671873830439
Chevrolet Spark,2016,87077,14590,15980.290909090909,55,7,6-8,80-100k,-0.9069671873830439
Chevrolet Spark,2014,101169,11990,15980.290909090909,55,9,8-10,100-130k,-1.2348181299106327
Chevrolet Malibu,2016,27506,19990,19288.927536231884,69,7,6-8,20-40k,-0.22604599905651357
MAZDA CX-,2014,41280,18990,23001.7,140,9,8-10,40-60k,-0.35214251541327846
Nissan Rogue,2016,69388,18590,20382.880165289258,242,7,6-8,60-80k,-0.4025811219559844
Buick Encore,2017,102790,15990,18820.149425287356,87,6,4-6,100-130k,-0.7304320644835731
Ford EcoSport,2020,52027,18590,19908.256756756757,74,3,2-4,40-60k,-0.4025811219559844
Honda Civic,2009,87845,12990,18925.32380952381,210,14,10-15,80-100k,-1.1087216135538678
Jeep Patriot,2014,91249,14990,16252.5,48,9,8-10,80-100k,-0.856528580840338
INFINITI FX,2012,104325,17990,19656.666666666668,3,11,10-15,100-130k,-0.47823903177004334
Kia Sportage,2020,27711,24990,20804.091954022988,87,3,2-4,20-40k,0.4044365827273108
Nissan Versa,2015,69069,13590,15995.263157894737,95,8,6-8,60-80k,-1.0330637037398087
Ford Expedition,2015,91723,22590,31170.0,6,8,6-8,80-100k,0.10180494347107512
Chevrolet Malibu,2015,55470,16990,19288.927536231884,69,8,6-8,40-60k,-0.6043355481268082
Hyundai Elantra,2017,66922,15590,17041.33846153846,195,6,4-6,60-80k,-0.780870671026279
Chevrolet Trax,2018,45636,17990,18076.951219512193,82,5,4-6,40-60k,-0.47823903177004334
Audi Q,2013,60292,21990,25158.42105263158,19,10,8-10,60-80k,0.026147033657016195
Ford Edge,2013,104934,15590,20629.243243243243,74,10,8-10,100-130k,-0.780870671026279
Honda CR-V,2019,45154,23990,21022.757009345794,107,4,2-4,40-60k,0.278340066370546
Volkswagen Jetta,2014,101005,14990,17068.442477876106,113,9,8-10,100-130k,-0.856528580840338
Volkswagen Passat,2017,42740,18990,18311.052631578947,76,6,4-6,40-60k,-0.35214251541327846
Buick Encore,2016,27132,18590,18820.149425287356,87,7,6-8,20-40k,-0.4025811219559844
Lexus IS,2013,93861,18590,23340.0,28,10,8-10,80-100k,-0.4025811219559844
Nissan Murano,2010,94863,13590,23491.560606060608,66,13,10-15,80-100k,-1.0330637037398087
Chevrolet Sonic,2014,56360,13990,14630.90909090909,44,9,8-10,40-60k,-0.9826250971971029
Dodge Durango,2015,71548,23590,29047.85714285714,14,8,6-8,60-80k,0.22790145982784
Hyundai Tucson,2016,78320,16990,20007.2,70,7,6-8,60-80k,-0.6043355481268082
Nissan Rogue Select,2014,65396,14990,16376.666666666666,15,9,8-10,60-80k,-0.856528580840338
BMW  Series,2015,63832,19990,25277.301587301587,126,8,6-8,60-80k,-0.22604599905651357
Honda Fit,2013,6539,18990,17112.222222222223,54,10,8-10,0-20k,-0.35214251541327846
Chevrolet Spark EV,2015,45317,13990,15332.857142857143,14,8,6-8,40-60k,-0.9826250971971029
Toyota Prius,2015,94292,17590,19496.666666666668,60,8,6-8,80-100k,-0.5286776383127493
Jeep Cherokee,2014,91953,14990,21467.63829787234,141,9,8-10,80-100k,-0.856528580840338
Chrysler Town & Country,2014,103450,15990,17956.666666666668,24,9,8-10,100-130k,-0.7304320644835731
Nissan Versa,2015,43003,15590,15995.263157894737,95,8,6-8,40-60k,-0.780870671026279
Hyundai Sonata,2013,34034,16590,16759.738562091505,153,10,8-10,20-40k,-0.6547741546695142
Chevrolet Trax,2018,32460,18990,18076.951219512193,82,5,4-6,20-40k,-0.35214251541327846
Honda Civic,2014,88189,14990,18925.32380952381,210,9,8-10,80-100k,-0.856528580840338
INFINITI QX,2015,84889,19590,26679.234375,64,8,6-8,80-100k,-0.2764846055992195
Toyota RAV,2014,52299,22990,23160.708333333332,72,9,8-10,40-60k,0.15224355001378106
Toyota Corolla,2018,44030,18590,18560.486988847584,269,5,4-6,40-60k,-0.4025811219559844
Ford Focus,2014,72390,12990,14996.451612903225,93,9,8-10,60-80k,-1.1087216135538678
Ford Edge,2011,74245,14590,20629.243243243243,74,12,10-15,60-80k,-0.9069671873830439
Chevrolet Spark,2014,18200,15990,15980.290909090909,55,9,8-10,0-20k,-0.7304320644835731
Buick Encore GX,2020,25870,24590,23802.85714285714,14,3,2-4,20-40k,0.3539979761846049
Honda Civic,2019,27418,22990,18925.32380952381,210,4,2-4,20-40k,0.15224355001378106
Buick Regal Sportback,2018,26440,22990,22191.666666666668,3,5,4-6,20-40k,0.15224355001378106
Nissan Sentra,2017,57473,16590,17151.21551724138,116,6,4-6,40-60k,-0.6547741546695142
BMW i,2017,60954,21990,20447.894736842107,38,6,4-6,60-80k,0.026147033657016195
Volkswagen Jetta,2016,101437,13590,17068.442477876106,113,7,6-8,100-130k,-1.0330637037398087
BMW  Series,2014,80071,18990,25277.301587301587,126,9,8-10,80-100k,-0.35214251541327846
Chevrolet Trax,2017,38725,17990,18076.951219512193,82,6,4-6,20-40k,-0.47823903177004334
Chevrolet Trax,2016,84812,14990,18076.951219512193,82,7,6-8,80-100k,-0.856528580840338
Dodge Grand Caravan Passenger,2019,69734,19990,18365.342465753423,73,4,2-4,60-80k,-0.22604599905651357
Honda Odyssey,2013,100489,18990,26213.423076923078,26,10,8-10,100-130k,-0.35214251541327846
MAZDA MAZDA,2020,26190,22990,17840.6338028169,142,3,2-4,20-40k,0.15224355001378106
Toyota Prius,2015,92911,17990,19496.666666666668,60,8,6-8,80-100k,-0.47823903177004334
MAZDA MX- Miata,2014,5156,24990,22241.28205128205,39,9,8-10,0-20k,0.4044365827273108
Chevrolet Cruze,2013,69009,13990,15992.5,80,10,8-10,60-80k,-0.9826250971971029
Honda CR-V,2010,79864,15990,21022.757009345794,107,13,10-15,60-80k,-0.7304320644835731
Subaru Outback,2015,73532,22990,25362.21153846154,52,8,6-8,60-80k,0.15224355001378106
Nissan Quest,2015,98373,16590,16390.0,3,8,6-8,80-100k,-0.6547741546695142
Dodge Dart,2014,55875,16990,15032.105263157895,19,9,8-10,40-60k,-0.6043355481268082
Hyundai Elantra,2016,16206,18990,17041.33846153846,195,7,6-8,0-20k,-0.35214251541327846
Volkswagen CC,2013,100804,14590,16275.714285714286,14,10,8-10,100-130k,-0.9069671873830439
Chevrolet Malibu,2015,16454,19990,19288.927536231884,69,8,6-8,0-20k,-0.22604599905651357
Hyundai Sonata,2015,33454,18590,16759.738562091505,153,8,6-8,20-40k,-0.4025811219559844
Cadillac SRX,2010,51658,16990,20345.555555555555,9,13,10-15,40-60k,-0.6043355481268082
Toyota Camry,2016,17241,22590,20721.41134751773,141,7,6-8,0-20k,0.10180494347107512
Kia Optima,2017,70348,16590,17867.048076923078,104,6,4-6,60-80k,-0.6547741546695142
Hyundai Tucson,2016,44606,22990,20007.2,70,7,6-8,40-60k,0.15224355001378106
Volkswagen Jetta SportWagen,2013,90470,14990,16603.333333333332,15,10,8-10,80-100k,-0.856528580840338
Nissan Rogue,2015,78129,16990,20382.880165289258,242,8,6-8,60-80k,-0.6043355481268082
BMW  Series,2010,71435,17990,25277.301587301587,126,13,10-15,60-80k,-0.47823903177004334
Hyundai Sonata,2013,40738,18590,16759.738562091505,153,10,8-10,40-60k,-0.4025811219559844
Kia Optima,2014,87593,17990,17867.048076923078,104,9,8-10,80-100k,-0.47823903177004334
Scion tC,2015,71253,16990,17480.909090909092,11,8,6-8,60-80k,-0.6043355481268082
Jeep Patriot,2016,49800,16590,16252.5,48,7,6-8,40-60k,-0.6547741546695142
Hyundai Veloster,2015,57681,17590,17090.3125,32,8,6-8,40-60k,-0.5286776383127493
Nissan Sentra,2017,90139,13990,17151.21551724138,116,6,4-6,80-100k,-0.9826250971971029
Subaru BRZ,2015,55470,23990,23290.0,2,8,6-8,40-60k,0.278340066370546
Mitsubishi Outlander Sport,2017,30589,18990,18771.48148148148,54,6,4-6,20-40k,-0.35214251541327846
Toyota Sienna,2014,96598,21990,31905.78947368421,38,9,8-10,80-100k,0.026147033657016195
Toyota Corolla,2022,7795,23590,18560.486988847584,269,1,0-2,0-20k,0.22790145982784
Kia Sportage,2017,60439,17990,20804.091954022988,87,6,4-6,60-80k,-0.47823903177004334
Nissan Altima,2018,100441,16990,19293.97340425532,188,5,4-6,100-130k,-0.6043355481268082
Hyundai Veloster,2017,90129,15590,17090.3125,32,6,4-6,80-100k,-0.780870671026279
Nissan Rogue,2015,41705,18990,20382.880165289258,242,8,6-8,40-60k,-0.35214251541327846
Toyota Camry,2015,96600,16990,20721.41134751773,141,8,6-8,80-100k,-0.6043355481268082
Hyundai Genesis,2015,68780,23990,21735.454545454544,11,8,6-8,60-80k,0.278340066370546
INFINITI QX,2017,50586,23590,26679.234375,64,6,4-6,40-60k,0.22790145982784
Honda Civic,2015,101259,15590,18925.32380952381,210,8,6-8,100-130k,-0.780870671026279
Lincoln MKC,2017,40676,24590,23724.125,24,6,4-6,40-60k,0.3539979761846049
Nissan Rogue,2015,77823,18590,20382.880165289258,242,8,6-8,60-80k,-0.4025811219559844
Hyundai Elantra,2011,105441,12990,17041.33846153846,195,12,10-15,100-130k,-1.1087216135538678
Jeep Compass,2016,83625,15990,20590.543103448275,116,7,6-8,80-100k,-0.7304320644835731
Nissan Rogue,2016,55331,17990,20382.880165289258,242,7,6-8,40-60k,-0.47823903177004334
Jeep Renegade,2017,71130,20990,20176.3661971831,71,6,4-6,60-80k,-0.09994948269974868
Volkswagen Jetta,2017,81003,14990,17068.442477876106,113,6,4-6,80-100k,-0.856528580840338
Honda Odyssey,2016,82765,22590,26213.423076923078,26,7,6-8,80-100k,0.10180494347107512
Honda HR-V,2016,64697,19990,22338.0,43,7,6-8,60-80k,-0.22604599905651357
Volvo XC,2015,70263,20990,27782.0,25,8,6-8,60-80k,-0.09994948269974868
Nissan Sentra,2015,70679,13990,17151.21551724138,116,8,6-8,60-80k,-0.9826250971971029
Honda CR-V,2014,89178,17990,21022.757009345794,107,9,8-10,80-100k,-0.47823903177004334
Acura MDX,2016,97268,22990,23334.444444444445,18,7,6-8,80-100k,0.15224355001378106
Nissan Rogue,2015,54894,16990,20382.880165289258,242,8,6-8,40-60k,-0.6043355481268082
Ford Taurus,2015,93601,15990,17145.555555555555,18,8,6-8,80-100k,-0.7304320644835731
Honda Accord,2014,98085,17590,20338.34351145038,131,9,8-10,80-100k,-0.5286776383127493
Ford Taurus,2013,50345,16990,17145.555555555555,18,10,8-10,40-60k,-0.6043355481268082
Honda Civic,2012,70676,14990,18925.32380952381,210,11,10-15,60-80k,-0.856528580840338
